#usda 1.0
(
    defaultPrim = "/World/Object"
    metersPerUnit = 1
    upAxis = "Z"
)

def "World"
{
    def Xform "Object" (
        prepend apiSchemas = ["PhysicsRigidBodyAPI", "PhysicsMassAPI", "PhysxRigidBodyAPI"]
    )
    {
        float physics:mass = 0.25
        bool physxRigidBody:disableGravity = 0

        def Mesh "CollisionMesh" (
            prepend apiSchemas = ["PhysicsCollisionAPI", "PhysicsMeshCollisionAPI", "PhysxCollisionAPI"]
        )
        {
            int[] faceVertexCounts = [3, 3, 3, 3, 3, 3, 3, 3, 3, 3, 3, 3, 3, 3, 3, 3, 3, 3, 3, 3, 3, 3, 3, 3, 3, 3, 3, 3, 3, 3, 3, 3, 3, 3, 3, 3, 3, 3, 3, 3, 3, 3, 3, 3, 3, 3, 3, 3, 3, 3, 3, 3, 3, 3, 3, 3, 3, 3, 3, 3, 3, 3, 3, 3, 3, 3, 3, 3, 3, 3, 3, 3, 3, 3, 3, 3, 3, 3, 3, 3, 3, 3, 3, 3, 3, 3, 3, 3, 3, 3, 3, 3, 3, 3, 3, 3, 3, 3, 3, 3, 3, 3, 3, 3, 3, 3, 3, 3, 3, 3, 3, 3, 3, 3, 3, 3, 3, 3, 3, 3, 3, 3, 3, 3, 3, 3, 3, 3, 3, 3, 3, 3, 3, 3, 3, 3, 3, 3, 3, 3, 3, 3, 3, 3, 3, 3, 3, 3, 3, 3, 3, 3, 3, 3, 3, 3, 3, 3, 3, 3, 3, 3, 3, 3, 3, 3, 3, 3, 3, 3, 3, 3, 3, 3, 3, 3, 3, 3, 3, 3, 3, 3, 3, 3, 3, 3, 3, 3, 3, 3, 3, 3, 3, 3, 3, 3, 3, 3, 3, 3, 3, 3, 3, 3, 3, 3, 3, 3, 3, 3, 3, 3, 3, 3, 3, 3, 3, 3, 3, 3, 3, 3, 3, 3, 3, 3, 3, 3, 3, 3, 3, 3, 3, 3, 3, 3, 3, 3, 3, 3, 3, 3, 3, 3, 3, 3, 3, 3, 3, 3, 3, 3, 3, 3, 3, 3, 3, 3, 3, 3, 3, 3, 3, 3, 3, 3, 3, 3, 3, 3, 3, 3, 3, 3, 3, 3, 3, 3, 3, 3, 3, 3, 3, 3, 3, 3, 3, 3, 3, 3, 3, 3, 3, 3, 3, 3, 3, 3, 3, 3, 3, 3, 3, 3, 3, 3, 3, 3, 3, 3, 3, 3, 3, 3, 3, 3, 3, 3, 3, 3, 3, 3, 3, 3, 3, 3, 3, 3, 3, 3, 3, 3, 3, 3, 3, 3, 3, 3, 3, 3, 3, 3, 3, 3, 3, 3, 3, 3, 3, 3, 3, 3, 3, 3, 3, 3, 3, 3, 3, 3, 3, 3, 3, 3, 3, 3, 3, 3, 3, 3, 3, 3, 3, 3, 3, 3, 3, 3, 3, 3, 3, 3, 3, 3, 3, 3, 3, 3, 3, 3, 3, 3, 3, 3, 3, 3, 3, 3, 3, 3, 3, 3, 3, 3, 3, 3, 3, 3, 3, 3, 3, 3, 3, 3, 3, 3, 3, 3, 3, 3, 3, 3, 3, 3, 3, 3, 3, 3, 3, 3, 3, 3, 3, 3, 3, 3, 3, 3, 3, 3, 3, 3, 3, 3, 3, 3, 3, 3, 3, 3, 3, 3, 3, 3, 3, 3, 3, 3, 3, 3, 3, 3, 3, 3, 3, 3, 3, 3, 3, 3, 3, 3, 3, 3, 3, 3, 3, 3, 3, 3, 3, 3, 3, 3, 3, 3, 3, 3, 3, 3, 3, 3, 3, 3, 3, 3, 3, 3, 3, 3, 3, 3, 3, 3, 3, 3, 3, 3, 3, 3, 3, 3, 3, 3, 3, 3, 3, 3, 3, 3, 3, 3, 3, 3, 3, 3, 3, 3, 3, 3, 3, 3, 3, 3, 3, 3, 3, 3, 3, 3, 3, 3, 3, 3, 3, 3, 3, 3, 3, 3, 3, 3, 3, 3, 3, 3, 3, 3, 3, 3, 3, 3, 3, 3, 3, 3, 3, 3, 3, 3, 3, 3, 3, 3, 3, 3, 3, 3, 3, 3, 3, 3, 3, 3, 3, 3, 3, 3, 3, 3, 3, 3, 3, 3, 3, 3, 3, 3, 3, 3, 3, 3, 3, 3, 3, 3, 3, 3, 3, 3, 3, 3, 3, 3, 3, 3, 3, 3, 3, 3, 3, 3, 3, 3, 3, 3, 3, 3, 3, 3, 3, 3, 3, 3, 3, 3, 3, 3, 3, 3, 3, 3, 3, 3, 3, 3, 3, 3, 3, 3, 3, 3, 3, 3, 3, 3, 3, 3, 3, 3, 3, 3, 3, 3, 3, 3, 3, 3, 3, 3, 3, 3, 3, 3, 3, 3, 3, 3, 3, 3, 3, 3, 3, 3, 3, 3, 3, 3, 3, 3, 3, 3, 3, 3, 3, 3, 3, 3, 3, 3, 3, 3, 3, 3, 3, 3, 3, 3, 3, 3, 3, 3, 3, 3, 3, 3, 3, 3, 3, 3, 3, 3, 3, 3, 3, 3, 3, 3, 3, 3, 3, 3, 3, 3, 3, 3, 3, 3, 3, 3, 3, 3, 3, 3, 3, 3, 3, 3, 3, 3, 3, 3, 3, 3, 3, 3, 3, 3, 3, 3, 3, 3, 3, 3, 3, 3, 3, 3, 3, 3, 3, 3, 3, 3, 3, 3, 3, 3, 3, 3, 3, 3, 3, 3, 3, 3, 3, 3, 3, 3, 3, 3, 3, 3, 3, 3, 3, 3, 3, 3, 3, 3, 3, 3, 3, 3, 3, 3, 3, 3, 3, 3, 3, 3, 3, 3, 3, 3, 3, 3, 3, 3, 3, 3, 3, 3, 3, 3, 3, 3, 3, 3, 3, 3, 3, 3, 3, 3, 3, 3, 3, 3, 3, 3, 3, 3, 3, 3, 3, 3, 3, 3, 3, 3, 3, 3, 3, 3, 3, 3, 3, 3, 3, 3, 3, 3, 3, 3, 3, 3, 3, 3, 3, 3, 3, 3, 3, 3, 3, 3, 3, 3, 3, 3, 3, 3, 3, 3, 3, 3, 3, 3, 3, 3, 3, 3, 3, 3, 3, 3, 3, 3, 3, 3, 3, 3, 3, 3, 3, 3, 3, 3, 3, 3, 3, 3, 3, 3, 3, 3, 3, 3, 3, 3, 3, 3, 3, 3, 3, 3, 3, 3, 3, 3, 3, 3, 3, 3, 3, 3, 3, 3, 3, 3, 3, 3, 3, 3, 3, 3, 3, 3, 3, 3, 3, 3, 3, 3, 3, 3, 3, 3, 3, 3, 3, 3, 3, 3, 3, 3, 3, 3, 3, 3, 3, 3, 3, 3, 3, 3, 3, 3, 3, 3, 3, 3, 3, 3, 3, 3, 3, 3, 3, 3, 3, 3, 3, 3, 3, 3, 3, 3, 3, 3, 3, 3, 3, 3, 3, 3, 3, 3, 3, 3, 3, 3, 3, 3, 3, 3, 3, 3, 3, 3, 3, 3, 3, 3, 3, 3, 3, 3, 3, 3, 3, 3, 3, 3, 3, 3, 3, 3, 3, 3, 3, 3, 3, 3, 3, 3, 3, 3, 3, 3, 3, 3, 3, 3, 3, 3, 3, 3, 3, 3, 3, 3, 3, 3, 3, 3, 3, 3, 3, 3, 3, 3, 3, 3, 3, 3, 3, 3, 3, 3, 3, 3, 3, 3, 3, 3, 3, 3, 3, 3, 3, 3, 3, 3, 3, 3, 3, 3, 3, 3, 3, 3, 3, 3, 3, 3, 3, 3, 3, 3, 3, 3, 3, 3, 3, 3, 3, 3, 3, 3, 3, 3, 3, 3, 3, 3, 3, 3, 3, 3, 3, 3, 3, 3, 3, 3, 3, 3, 3, 3, 3, 3, 3, 3, 3, 3, 3, 3, 3, 3, 3, 3, 3, 3, 3, 3, 3, 3, 3, 3, 3, 3, 3, 3, 3, 3, 3, 3, 3, 3, 3, 3, 3, 3, 3, 3, 3, 3, 3, 3, 3, 3, 3, 3, 3, 3, 3, 3, 3, 3, 3, 3, 3, 3, 3, 3, 3, 3, 3, 3, 3, 3, 3, 3, 3, 3, 3, 3, 3, 3, 3, 3, 3, 3, 3, 3, 3, 3, 3, 3, 3, 3, 3, 3, 3, 3, 3, 3, 3, 3, 3, 3, 3, 3, 3, 3, 3, 3, 3, 3, 3, 3, 3, 3, 3, 3, 3, 3, 3, 3, 3, 3, 3, 3, 3, 3, 3, 3, 3, 3, 3, 3, 3, 3, 3, 3, 3, 3, 3, 3, 3, 3, 3, 3, 3, 3, 3, 3, 3, 3, 3, 3, 3, 3, 3, 3, 3, 3, 3, 3, 3, 3, 3, 3, 3, 3, 3, 3, 3, 3, 3, 3, 3, 3, 3, 3, 3, 3, 3, 3, 3, 3, 3, 3, 3, 3, 3, 3, 3, 3, 3, 3, 3, 3, 3, 3, 3, 3, 3, 3, 3, 3, 3, 3, 3, 3, 3, 3, 3, 3, 3, 3, 3, 3, 3, 3, 3, 3, 3, 3, 3, 3, 3, 3, 3, 3, 3, 3, 3, 3, 3, 3, 3, 3, 3, 3, 3, 3, 3, 3, 3, 3, 3, 3, 3, 3, 3, 3, 3, 3, 3, 3, 3, 3, 3, 3, 3, 3, 3, 3, 3, 3, 3, 3, 3, 3, 3, 3, 3, 3, 3, 3, 3, 3, 3, 3, 3, 3, 3, 3, 3, 3, 3, 3, 3, 3, 3, 3, 3, 3, 3, 3, 3, 3, 3, 3, 3, 3, 3, 3, 3, 3, 3, 3, 3, 3, 3, 3, 3, 3, 3, 3, 3, 3, 3, 3, 3, 3, 3, 3, 3, 3, 3, 3, 3, 3, 3, 3, 3, 3, 3, 3, 3, 3, 3, 3, 3, 3, 3, 3, 3, 3, 3, 3, 3, 3, 3, 3, 3, 3, 3, 3, 3, 3, 3, 3, 3, 3, 3, 3, 3, 3, 3, 3, 3, 3, 3, 3, 3, 3, 3, 3, 3, 3, 3, 3, 3, 3, 3, 3, 3, 3, 3, 3, 3, 3, 3, 3, 3, 3, 3, 3, 3, 3, 3, 3, 3, 3, 3, 3, 3, 3, 3, 3, 3, 3, 3, 3, 3, 3, 3, 3, 3, 3, 3, 3, 3, 3, 3, 3, 3, 3, 3, 3, 3, 3, 3, 3, 3, 3, 3, 3, 3, 3, 3, 3, 3, 3, 3, 3, 3, 3, 3, 3, 3, 3, 3, 3, 3, 3, 3, 3, 3, 3, 3, 3, 3, 3, 3, 3, 3, 3, 3, 3, 3, 3, 3, 3, 3, 3, 3, 3, 3, 3, 3, 3, 3, 3, 3, 3, 3, 3, 3, 3, 3, 3, 3, 3, 3, 3, 3, 3, 3, 3, 3, 3, 3, 3, 3, 3, 3, 3, 3, 3, 3, 3, 3, 3, 3, 3, 3, 3, 3, 3, 3, 3, 3, 3, 3, 3, 3, 3, 3, 3, 3, 3, 3, 3, 3, 3, 3, 3, 3, 3, 3, 3, 3, 3, 3, 3, 3, 3, 3, 3, 3, 3, 3, 3, 3, 3, 3, 3, 3, 3, 3, 3, 3, 3, 3, 3, 3, 3, 3, 3, 3, 3, 3, 3, 3, 3, 3, 3, 3, 3, 3, 3, 3, 3, 3, 3, 3, 3, 3, 3, 3, 3, 3, 3, 3, 3, 3, 3, 3, 3, 3, 3, 3, 3, 3, 3, 3, 3, 3, 3, 3, 3, 3, 3, 3, 3, 3, 3, 3, 3, 3, 3, 3, 3, 3, 3, 3, 3, 3, 3, 3, 3, 3, 3, 3, 3, 3, 3, 3, 3, 3, 3, 3, 3, 3, 3, 3, 3, 3, 3, 3, 3, 3, 3, 3, 3, 3, 3, 3, 3, 3, 3, 3, 3, 3, 3, 3, 3, 3, 3, 3, 3, 3, 3, 3, 3, 3, 3, 3, 3, 3, 3, 3, 3, 3, 3, 3, 3, 3, 3, 3, 3, 3, 3, 3, 3, 3, 3, 3, 3, 3, 3, 3, 3, 3, 3, 3, 3, 3, 3, 3, 3, 3, 3, 3, 3, 3, 3, 3, 3, 3, 3, 3, 3, 3, 3, 3, 3, 3, 3, 3, 3, 3, 3, 3, 3, 3, 3, 3, 3, 3, 3, 3, 3, 3, 3, 3, 3, 3, 3, 3, 3, 3, 3, 3, 3, 3, 3, 3, 3, 3, 3, 3, 3, 3, 3, 3, 3, 3, 3, 3, 3, 3, 3, 3, 3, 3, 3, 3, 3, 3, 3, 3, 3, 3, 3, 3, 3, 3, 3, 3, 3, 3, 3, 3, 3, 3, 3, 3, 3, 3, 3, 3, 3, 3, 3, 3, 3, 3, 3, 3, 3, 3, 3, 3, 3, 3, 3, 3, 3, 3, 3, 3, 3, 3, 3, 3, 3, 3, 3, 3, 3, 3, 3, 3, 3, 3, 3, 3, 3, 3, 3, 3, 3, 3, 3, 3, 3, 3, 3, 3, 3, 3, 3, 3, 3, 3, 3, 3, 3, 3, 3, 3, 3, 3, 3, 3, 3, 3, 3, 3, 3, 3, 3, 3, 3, 3, 3, 3, 3, 3, 3, 3, 3, 3, 3, 3, 3, 3, 3, 3, 3, 3, 3, 3, 3, 3, 3, 3, 3, 3, 3, 3, 3, 3, 3, 3, 3, 3, 3, 3, 3, 3, 3, 3, 3, 3, 3, 3, 3, 3, 3, 3, 3, 3, 3, 3, 3, 3, 3, 3, 3, 3, 3, 3, 3, 3, 3, 3, 3, 3, 3, 3, 3, 3, 3, 3, 3, 3, 3, 3, 3, 3, 3, 3, 3, 3, 3, 3, 3, 3, 3, 3, 3, 3, 3, 3, 3, 3, 3, 3, 3, 3, 3, 3, 3, 3, 3, 3, 3, 3, 3, 3, 3, 3, 3, 3, 3, 3, 3, 3, 3, 3, 3, 3, 3, 3, 3, 3, 3, 3, 3, 3, 3, 3, 3, 3, 3, 3, 3, 3, 3, 3, 3, 3, 3, 3, 3, 3, 3, 3, 3, 3, 3, 3, 3, 3, 3, 3, 3, 3, 3, 3, 3, 3, 3, 3, 3, 3, 3, 3, 3, 3, 3, 3, 3, 3, 3, 3, 3, 3, 3, 3, 3, 3, 3, 3, 3, 3, 3, 3, 3, 3, 3, 3, 3, 3, 3, 3, 3, 3, 3, 3, 3, 3, 3, 3, 3, 3, 3, 3, 3, 3, 3, 3, 3, 3, 3, 3, 3, 3, 3, 3, 3, 3, 3, 3, 3, 3, 3, 3, 3, 3, 3, 3, 3, 3, 3, 3, 3, 3, 3, 3, 3, 3, 3, 3, 3, 3, 3, 3, 3, 3, 3, 3, 3, 3, 3, 3, 3, 3, 3, 3, 3, 3, 3, 3, 3, 3, 3, 3, 3, 3, 3, 3, 3, 3, 3, 3, 3, 3, 3, 3, 3, 3, 3, 3, 3, 3, 3, 3, 3, 3, 3, 3, 3, 3, 3, 3, 3, 3, 3, 3, 3, 3, 3, 3, 3, 3, 3, 3, 3, 3, 3, 3, 3, 3, 3, 3, 3, 3, 3, 3, 3, 3, 3, 3, 3, 3, 3, 3, 3, 3, 3, 3, 3, 3, 3, 3, 3, 3, 3, 3, 3, 3, 3, 3, 3, 3, 3, 3, 3, 3, 3, 3, 3, 3, 3, 3, 3, 3, 3, 3, 3, 3, 3, 3, 3, 3, 3, 3, 3, 3, 3, 3, 3, 3, 3, 3, 3, 3, 3, 3, 3, 3, 3, 3, 3, 3, 3, 3, 3, 3, 3, 3, 3, 3, 3, 3, 3, 3, 3, 3, 3, 3, 3, 3, 3, 3, 3, 3, 3, 3, 3, 3, 3, 3, 3, 3, 3, 3, 3, 3, 3, 3, 3, 3, 3, 3, 3, 3, 3, 3, 3, 3, 3, 3, 3, 3, 3, 3, 3, 3, 3, 3, 3, 3, 3, 3, 3, 3, 3, 3, 3, 3, 3, 3, 3, 3, 3, 3, 3, 3, 3, 3, 3, 3, 3, 3, 3, 3, 3, 3, 3, 3, 3, 3, 3, 3, 3, 3, 3, 3, 3, 3, 3, 3, 3, 3, 3, 3, 3, 3, 3, 3, 3, 3, 3, 3, 3, 3, 3, 3, 3, 3, 3, 3, 3, 3, 3, 3, 3, 3, 3, 3, 3, 3, 3, 3, 3, 3, 3, 3, 3, 3, 3, 3, 3, 3, 3, 3, 3, 3, 3, 3, 3, 3, 3, 3, 3, 3, 3, 3, 3, 3, 3, 3, 3, 3, 3, 3, 3, 3, 3, 3, 3, 3, 3, 3, 3, 3, 3, 3, 3, 3, 3, 3, 3, 3, 3, 3, 3, 3, 3, 3, 3, 3, 3, 3, 3, 3, 3, 3, 3, 3, 3, 3, 3, 3, 3, 3, 3, 3, 3, 3, 3, 3, 3, 3, 3, 3, 3, 3, 3, 3, 3, 3, 3, 3, 3, 3, 3, 3, 3, 3, 3, 3, 3, 3, 3, 3, 3, 3, 3, 3, 3, 3, 3, 3, 3, 3, 3, 3, 3, 3, 3, 3, 3, 3, 3, 3, 3, 3, 3, 3, 3, 3, 3, 3, 3, 3, 3, 3, 3, 3, 3, 3, 3, 3, 3, 3, 3, 3, 3, 3, 3, 3, 3, 3, 3, 3, 3, 3, 3, 3, 3, 3, 3, 3, 3, 3, 3, 3, 3, 3, 3, 3, 3, 3, 3, 3, 3, 3, 3, 3, 3, 3, 3, 3, 3, 3, 3, 3, 3, 3, 3, 3, 3, 3, 3, 3, 3, 3, 3, 3, 3, 3, 3, 3, 3, 3, 3, 3, 3, 3, 3, 3, 3, 3, 3, 3, 3, 3, 3, 3, 3, 3, 3, 3, 3, 3, 3, 3, 3, 3, 3, 3, 3, 3, 3, 3, 3, 3, 3, 3, 3, 3, 3, 3, 3, 3, 3, 3, 3, 3, 3, 3, 3, 3, 3, 3, 3, 3, 3, 3, 3, 3, 3, 3, 3, 3, 3, 3, 3, 3, 3, 3, 3, 3, 3, 3, 3, 3, 3, 3, 3, 3, 3, 3, 3, 3, 3, 3, 3, 3, 3, 3, 3, 3, 3, 3, 3, 3, 3, 3, 3, 3, 3, 3, 3, 3, 3, 3, 3, 3, 3, 3, 3, 3, 3, 3, 3, 3, 3, 3, 3, 3, 3, 3, 3, 3, 3, 3, 3, 3, 3, 3, 3, 3, 3, 3, 3, 3, 3, 3, 3, 3, 3, 3, 3, 3, 3, 3, 3, 3, 3, 3, 3, 3, 3, 3, 3, 3, 3, 3, 3, 3, 3, 3, 3, 3, 3, 3, 3, 3, 3, 3, 3, 3, 3, 3, 3, 3, 3, 3, 3, 3, 3, 3, 3, 3, 3, 3, 3, 3, 3, 3, 3, 3, 3, 3, 3, 3, 3, 3, 3, 3, 3, 3, 3, 3, 3, 3, 3, 3, 3, 3, 3, 3, 3, 3, 3, 3, 3, 3, 3, 3, 3, 3, 3, 3, 3, 3, 3, 3, 3, 3, 3, 3, 3, 3, 3, 3, 3, 3, 3, 3, 3, 3, 3, 3, 3, 3, 3, 3, 3, 3, 3, 3, 3, 3, 3, 3, 3, 3, 3, 3, 3, 3, 3, 3, 3, 3, 3, 3, 3, 3, 3, 3, 3, 3, 3, 3, 3, 3, 3, 3, 3, 3, 3, 3, 3, 3, 3, 3, 3, 3, 3, 3, 3, 3, 3, 3, 3, 3, 3, 3, 3, 3, 3, 3, 3, 3, 3, 3, 3, 3, 3, 3, 3, 3, 3, 3, 3, 3, 3, 3, 3, 3, 3, 3, 3, 3, 3, 3, 3, 3, 3, 3, 3, 3, 3, 3, 3, 3, 3, 3, 3, 3, 3, 3, 3, 3, 3, 3, 3, 3, 3, 3, 3, 3, 3, 3, 3, 3, 3, 3, 3, 3, 3, 3, 3, 3, 3, 3, 3, 3, 3, 3, 3, 3, 3, 3, 3, 3, 3, 3, 3, 3, 3, 3, 3, 3, 3, 3, 3, 3, 3, 3, 3, 3, 3, 3, 3, 3, 3, 3, 3, 3, 3, 3, 3, 3, 3, 3, 3, 3, 3, 3, 3, 3, 3, 3, 3, 3, 3, 3, 3, 3, 3, 3, 3, 3, 3, 3, 3, 3, 3, 3, 3, 3, 3, 3, 3, 3, 3, 3, 3, 3, 3, 3, 3, 3, 3, 3, 3, 3, 3, 3, 3, 3, 3, 3, 3, 3, 3, 3, 3, 3, 3, 3, 3, 3, 3, 3, 3, 3, 3, 3, 3, 3, 3, 3, 3, 3, 3, 3, 3, 3, 3, 3, 3, 3, 3, 3, 3, 3, 3, 3, 3, 3, 3, 3, 3, 3, 3, 3, 3, 3, 3, 3, 3, 3, 3, 3, 3, 3, 3, 3, 3, 3, 3, 3, 3, 3, 3, 3, 3, 3, 3, 3, 3, 3, 3, 3, 3, 3, 3, 3, 3, 3, 3, 3, 3, 3, 3, 3, 3, 3, 3, 3, 3, 3, 3, 3, 3, 3, 3, 3, 3, 3, 3, 3, 3, 3, 3, 3, 3, 3, 3, 3, 3, 3, 3, 3, 3, 3, 3, 3, 3, 3, 3, 3, 3, 3, 3, 3, 3, 3, 3, 3, 3, 3, 3, 3, 3, 3, 3, 3, 3, 3, 3, 3, 3, 3, 3, 3, 3, 3, 3, 3, 3, 3, 3, 3, 3, 3, 3, 3, 3, 3, 3, 3, 3, 3, 3, 3, 3, 3, 3, 3, 3, 3, 3, 3, 3, 3, 3, 3, 3, 3, 3, 3, 3, 3, 3, 3, 3, 3, 3, 3, 3, 3, 3, 3, 3, 3, 3, 3, 3, 3, 3, 3, 3, 3, 3, 3, 3, 3, 3, 3, 3, 3, 3, 3, 3, 3, 3, 3, 3, 3, 3, 3, 3, 3, 3, 3, 3, 3, 3, 3, 3, 3, 3, 3, 3, 3, 3, 3, 3, 3, 3, 3, 3, 3, 3, 3, 3, 3, 3, 3, 3, 3, 3, 3, 3, 3, 3, 3, 3, 3, 3, 3, 3, 3, 3, 3, 3, 3, 3, 3, 3, 3, 3, 3, 3, 3, 3, 3, 3, 3, 3, 3, 3, 3, 3, 3, 3, 3, 3, 3, 3, 3, 3, 3, 3, 3, 3, 3, 3, 3, 3, 3, 3, 3, 3, 3, 3, 3, 3, 3, 3, 3, 3, 3, 3, 3, 3, 3, 3, 3, 3, 3, 3, 3, 3, 3, 3, 3, 3, 3, 3, 3, 3, 3, 3, 3, 3, 3, 3, 3, 3, 3, 3, 3, 3, 3, 3, 3, 3, 3, 3, 3, 3, 3, 3, 3, 3, 3, 3, 3, 3, 3, 3, 3, 3, 3, 3, 3, 3, 3, 3, 3, 3, 3, 3, 3, 3, 3, 3, 3, 3, 3, 3, 3, 3, 3, 3, 3, 3, 3, 3, 3, 3, 3, 3, 3, 3, 3, 3, 3, 3, 3, 3, 3, 3, 3, 3, 3, 3, 3, 3, 3, 3, 3, 3, 3, 3, 3, 3, 3, 3, 3, 3, 3, 3, 3, 3, 3, 3, 3, 3, 3, 3, 3, 3, 3, 3, 3, 3, 3, 3, 3, 3, 3, 3, 3, 3, 3, 3, 3, 3, 3, 3, 3, 3, 3, 3, 3, 3, 3, 3, 3, 3, 3, 3, 3, 3, 3, 3, 3, 3, 3, 3, 3, 3, 3, 3, 3, 3, 3, 3, 3, 3, 3, 3, 3, 3, 3, 3, 3, 3, 3, 3, 3, 3, 3, 3, 3, 3, 3, 3, 3, 3, 3, 3, 3, 3, 3, 3, 3, 3, 3, 3, 3, 3, 3, 3, 3, 3, 3, 3, 3, 3, 3, 3, 3, 3, 3, 3, 3, 3, 3, 3, 3, 3, 3, 3, 3, 3, 3, 3, 3, 3, 3, 3, 3, 3, 3, 3, 3, 3, 3, 3, 3, 3, 3, 3, 3, 3, 3, 3, 3, 3, 3, 3, 3, 3, 3, 3, 3, 3, 3, 3, 3, 3, 3, 3, 3, 3, 3, 3, 3, 3, 3, 3, 3, 3, 3, 3, 3, 3, 3, 3, 3, 3, 3, 3, 3, 3, 3, 3, 3, 3, 3, 3, 3, 3, 3, 3, 3, 3, 3, 3, 3, 3, 3, 3, 3, 3, 3, 3, 3, 3, 3, 3, 3, 3, 3, 3, 3, 3, 3, 3, 3, 3, 3, 3, 3, 3, 3, 3, 3, 3, 3, 3, 3, 3, 3, 3, 3, 3, 3, 3, 3, 3, 3, 3, 3, 3, 3, 3, 3, 3, 3, 3, 3, 3, 3, 3, 3, 3, 3, 3, 3, 3, 3, 3, 3, 3, 3, 3, 3, 3, 3, 3, 3, 3, 3, 3, 3, 3, 3, 3, 3, 3, 3, 3, 3, 3, 3, 3, 3, 3, 3, 3, 3, 3, 3, 3, 3, 3, 3, 3, 3, 3, 3, 3, 3, 3, 3, 3, 3, 3, 3, 3, 3, 3, 3, 3, 3, 3, 3, 3, 3, 3, 3, 3, 3, 3, 3, 3, 3, 3, 3, 3, 3, 3, 3, 3, 3, 3, 3, 3, 3, 3, 3, 3, 3, 3, 3, 3, 3, 3, 3, 3, 3, 3, 3, 3, 3, 3, 3, 3, 3, 3, 3, 3, 3, 3, 3, 3, 3, 3, 3, 3, 3, 3, 3, 3, 3, 3, 3, 3, 3, 3, 3, 3, 3, 3, 3, 3, 3, 3, 3, 3, 3, 3, 3, 3, 3, 3, 3, 3, 3, 3, 3, 3, 3, 3, 3, 3, 3, 3, 3, 3, 3, 3, 3, 3, 3, 3, 3, 3, 3, 3, 3, 3, 3, 3, 3, 3, 3, 3, 3, 3, 3, 3, 3, 3, 3, 3, 3, 3, 3, 3, 3, 3, 3, 3, 3, 3, 3, 3, 3, 3, 3, 3, 3, 3, 3, 3, 3, 3, 3, 3, 3, 3, 3, 3, 3, 3, 3, 3, 3, 3, 3, 3, 3, 3, 3, 3, 3, 3, 3, 3, 3, 3, 3, 3, 3, 3, 3, 3, 3, 3, 3, 3, 3, 3, 3, 3, 3, 3, 3, 3, 3, 3, 3, 3, 3, 3, 3, 3, 3, 3, 3, 3, 3, 3, 3, 3, 3, 3, 3, 3, 3, 3, 3, 3, 3, 3, 3, 3, 3, 3, 3, 3, 3, 3, 3, 3, 3, 3, 3, 3, 3, 3, 3, 3, 3, 3, 3, 3, 3, 3, 3, 3, 3, 3, 3, 3, 3, 3, 3, 3, 3, 3, 3, 3, 3, 3, 3, 3, 3, 3, 3, 3, 3, 3, 3, 3, 3, 3, 3, 3, 3, 3, 3, 3, 3, 3, 3, 3, 3, 3, 3, 3, 3, 3, 3, 3, 3, 3, 3, 3, 3, 3, 3, 3, 3, 3, 3, 3, 3, 3, 3, 3, 3, 3, 3, 3, 3, 3, 3, 3, 3, 3, 3, 3, 3, 3, 3, 3, 3, 3, 3, 3, 3, 3, 3, 3, 3, 3, 3, 3, 3, 3, 3, 3, 3, 3, 3, 3, 3, 3, 3, 3, 3, 3, 3, 3, 3, 3, 3, 3, 3, 3, 3, 3, 3, 3, 3, 3, 3, 3, 3, 3, 3, 3, 3, 3, 3, 3, 3, 3, 3, 3, 3, 3, 3, 3, 3, 3, 3, 3, 3, 3, 3, 3, 3, 3, 3, 3, 3, 3, 3, 3, 3, 3, 3, 3, 3, 3, 3, 3, 3, 3, 3, 3, 3, 3, 3, 3, 3, 3, 3, 3, 3, 3, 3, 3, 3, 3, 3, 3, 3, 3, 3, 3, 3, 3, 3, 3, 3, 3, 3, 3, 3, 3, 3, 3, 3, 3, 3, 3, 3, 3, 3, 3, 3, 3, 3, 3, 3, 3, 3, 3, 3, 3, 3, 3, 3, 3, 3, 3, 3, 3, 3, 3, 3, 3, 3, 3, 3, 3, 3, 3, 3, 3, 3, 3, 3, 3, 3, 3, 3, 3, 3, 3, 3, 3, 3, 3, 3, 3, 3, 3, 3, 3, 3, 3, 3, 3, 3, 3, 3, 3, 3, 3, 3, 3, 3, 3, 3, 3, 3, 3, 3, 3, 3, 3, 3, 3, 3, 3, 3, 3, 3, 3, 3, 3, 3, 3, 3, 3, 3, 3, 3, 3, 3, 3, 3, 3, 3, 3, 3, 3, 3, 3, 3, 3, 3, 3, 3, 3, 3, 3, 3, 3, 3, 3, 3, 3, 3, 3, 3, 3, 3, 3, 3, 3, 3, 3, 3, 3, 3, 3, 3, 3, 3, 3, 3, 3, 3, 3, 3, 3, 3, 3, 3, 3, 3, 3, 3, 3, 3, 3, 3, 3, 3, 3, 3, 3, 3, 3, 3, 3, 3, 3, 3, 3, 3, 3, 3, 3, 3, 3, 3, 3, 3, 3, 3, 3, 3, 3, 3, 3, 3, 3, 3, 3, 3, 3, 3, 3, 3, 3, 3, 3, 3, 3, 3, 3, 3, 3, 3, 3, 3, 3, 3, 3, 3, 3, 3, 3, 3, 3, 3, 3, 3, 3, 3, 3, 3, 3, 3, 3, 3, 3, 3, 3, 3, 3, 3, 3, 3, 3, 3, 3, 3, 3, 3, 3, 3, 3, 3, 3, 3, 3, 3, 3, 3, 3, 3, 3, 3, 3, 3, 3, 3, 3, 3, 3, 3, 3, 3, 3, 3, 3, 3, 3, 3, 3, 3, 3, 3, 3, 3, 3, 3, 3, 3, 3, 3, 3, 3, 3, 3, 3, 3, 3, 3, 3, 3, 3, 3, 3, 3, 3, 3, 3, 3, 3, 3, 3, 3, 3, 3, 3, 3, 3, 3, 3, 3, 3, 3, 3, 3, 3, 3, 3, 3, 3, 3, 3, 3, 3, 3, 3, 3, 3, 3, 3, 3, 3, 3, 3, 3, 3, 3, 3, 3, 3, 3, 3, 3, 3, 3, 3, 3, 3, 3, 3, 3, 3, 3, 3, 3, 3, 3, 3, 3, 3, 3, 3, 3, 3, 3, 3, 3, 3, 3, 3, 3, 3, 3, 3, 3, 3, 3, 3, 3, 3, 3, 3, 3, 3, 3, 3, 3, 3, 3, 3, 3, 3, 3, 3, 3, 3, 3, 3, 3, 3, 3, 3, 3, 3, 3, 3, 3, 3, 3, 3, 3, 3, 3, 3, 3, 3, 3, 3, 3, 3, 3, 3, 3, 3, 3, 3, 3, 3, 3, 3, 3, 3, 3, 3, 3, 3, 3, 3, 3, 3, 3, 3, 3, 3, 3, 3, 3, 3, 3, 3, 3, 3, 3, 3, 3, 3, 3, 3, 3, 3, 3, 3, 3, 3, 3, 3, 3, 3, 3, 3, 3, 3, 3, 3, 3, 3, 3, 3, 3, 3, 3, 3, 3, 3, 3, 3, 3, 3, 3, 3, 3, 3, 3, 3, 3, 3, 3, 3, 3, 3, 3, 3, 3, 3, 3, 3, 3, 3, 3, 3, 3, 3, 3, 3, 3, 3, 3, 3, 3, 3, 3, 3, 3, 3, 3, 3, 3, 3, 3, 3, 3, 3, 3, 3, 3, 3, 3, 3, 3, 3, 3, 3, 3, 3, 3, 3, 3, 3, 3, 3, 3, 3, 3, 3, 3, 3, 3, 3, 3, 3, 3, 3, 3, 3, 3, 3, 3, 3, 3, 3, 3, 3, 3, 3, 3, 3, 3, 3, 3, 3, 3, 3, 3, 3, 3, 3, 3, 3, 3, 3, 3, 3, 3, 3, 3, 3, 3, 3, 3, 3, 3, 3, 3, 3, 3, 3, 3, 3, 3, 3, 3, 3, 3, 3, 3, 3, 3, 3, 3, 3, 3, 3, 3, 3, 3, 3, 3, 3, 3, 3, 3, 3, 3, 3, 3, 3, 3, 3, 3, 3, 3, 3, 3, 3, 3, 3, 3, 3, 3, 3, 3, 3, 3, 3, 3, 3, 3, 3, 3, 3, 3, 3, 3, 3, 3, 3, 3, 3, 3, 3, 3, 3, 3, 3, 3, 3, 3, 3, 3, 3, 3, 3, 3, 3, 3, 3, 3, 3, 3, 3, 3, 3, 3, 3, 3, 3, 3, 3, 3, 3, 3, 3, 3, 3, 3, 3, 3, 3, 3, 3, 3, 3, 3, 3, 3, 3, 3, 3, 3, 3, 3, 3, 3, 3, 3, 3, 3, 3, 3, 3, 3, 3, 3, 3, 3, 3, 3, 3, 3, 3, 3, 3, 3, 3, 3, 3, 3, 3, 3, 3, 3, 3, 3, 3, 3, 3, 3, 3, 3, 3, 3, 3, 3, 3, 3, 3, 3, 3, 3, 3, 3, 3, 3, 3, 3, 3, 3, 3, 3, 3, 3, 3, 3, 3, 3, 3, 3, 3, 3, 3, 3, 3, 3, 3, 3, 3, 3, 3, 3, 3, 3, 3, 3, 3, 3, 3, 3, 3, 3, 3, 3, 3, 3, 3, 3, 3, 3, 3, 3, 3, 3, 3, 3, 3, 3, 3, 3, 3, 3, 3, 3, 3, 3, 3, 3, 3, 3, 3, 3, 3, 3, 3, 3, 3, 3, 3, 3, 3, 3, 3, 3, 3, 3, 3, 3, 3, 3, 3, 3, 3, 3, 3, 3, 3, 3, 3, 3, 3, 3, 3, 3, 3, 3, 3, 3, 3, 3, 3, 3, 3, 3, 3, 3, 3, 3, 3, 3, 3, 3, 3, 3, 3, 3, 3, 3, 3, 3, 3, 3, 3, 3, 3, 3, 3, 3, 3, 3, 3, 3, 3, 3, 3, 3, 3, 3, 3, 3, 3, 3, 3, 3, 3, 3, 3, 3, 3, 3, 3, 3, 3, 3, 3, 3, 3, 3, 3, 3, 3, 3, 3, 3, 3, 3, 3, 3, 3, 3, 3, 3, 3, 3, 3, 3, 3, 3, 3, 3, 3, 3, 3, 3, 3, 3, 3, 3, 3, 3, 3, 3, 3, 3, 3, 3, 3, 3, 3, 3, 3, 3, 3, 3, 3, 3, 3, 3, 3, 3, 3, 3, 3, 3, 3, 3, 3, 3, 3, 3, 3, 3, 3, 3, 3, 3, 3, 3, 3, 3, 3, 3, 3, 3, 3, 3, 3, 3, 3, 3, 3, 3, 3, 3, 3, 3, 3, 3, 3, 3, 3, 3, 3, 3, 3, 3, 3, 3, 3, 3, 3, 3, 3, 3, 3, 3, 3, 3, 3, 3, 3, 3, 3, 3, 3, 3, 3, 3, 3, 3, 3, 3, 3, 3, 3, 3, 3, 3, 3, 3, 3, 3, 3, 3, 3, 3, 3, 3, 3, 3, 3, 3, 3, 3, 3, 3, 3, 3, 3, 3, 3, 3, 3, 3, 3, 3, 3, 3, 3, 3, 3, 3, 3, 3, 3, 3, 3, 3, 3, 3, 3, 3, 3, 3, 3, 3, 3, 3, 3, 3, 3, 3, 3, 3, 3, 3, 3, 3, 3, 3, 3, 3, 3, 3, 3, 3, 3, 3, 3, 3, 3, 3, 3, 3, 3, 3, 3, 3, 3, 3, 3, 3, 3, 3, 3, 3, 3, 3, 3, 3, 3, 3, 3, 3, 3, 3, 3, 3, 3, 3, 3, 3, 3, 3, 3, 3, 3, 3, 3, 3, 3, 3, 3, 3, 3, 3, 3, 3, 3, 3, 3, 3, 3, 3, 3, 3, 3, 3, 3, 3, 3, 3, 3, 3, 3, 3, 3, 3, 3, 3, 3, 3, 3, 3, 3, 3, 3, 3, 3, 3, 3, 3, 3, 3, 3, 3, 3, 3, 3, 3, 3, 3, 3, 3, 3, 3, 3, 3, 3, 3, 3, 3, 3, 3, 3, 3, 3, 3, 3, 3, 3, 3, 3, 3, 3, 3, 3, 3, 3, 3, 3, 3, 3, 3, 3, 3, 3, 3, 3, 3, 3, 3, 3, 3, 3, 3, 3, 3, 3, 3, 3, 3, 3, 3, 3, 3, 3, 3, 3, 3, 3, 3, 3, 3, 3, 3, 3, 3, 3, 3, 3, 3, 3, 3, 3, 3, 3, 3, 3, 3, 3, 3, 3, 3, 3, 3, 3, 3, 3, 3, 3, 3, 3, 3, 3, 3, 3, 3, 3, 3, 3, 3, 3, 3, 3, 3, 3, 3, 3, 3, 3, 3, 3, 3, 3, 3, 3, 3, 3, 3, 3, 3, 3, 3, 3, 3, 3, 3, 3, 3, 3, 3, 3, 3, 3, 3, 3, 3, 3, 3, 3, 3, 3, 3, 3, 3, 3, 3, 3, 3, 3, 3, 3, 3, 3, 3, 3, 3, 3, 3, 3, 3, 3, 3, 3, 3, 3, 3, 3, 3, 3, 3, 3, 3, 3, 3, 3, 3, 3, 3, 3, 3, 3, 3, 3, 3, 3, 3, 3, 3, 3, 3, 3, 3, 3, 3, 3, 3, 3, 3, 3, 3, 3, 3, 3, 3, 3, 3, 3, 3, 3, 3, 3, 3, 3, 3, 3, 3, 3, 3, 3, 3, 3, 3, 3, 3, 3, 3, 3, 3, 3, 3, 3, 3, 3, 3, 3, 3, 3, 3, 3, 3, 3, 3, 3, 3, 3, 3, 3, 3, 3, 3, 3, 3, 3, 3, 3, 3, 3, 3, 3, 3, 3, 3, 3, 3, 3, 3, 3, 3, 3, 3, 3, 3, 3, 3, 3, 3, 3, 3, 3, 3, 3, 3, 3, 3, 3, 3, 3, 3, 3, 3, 3, 3, 3, 3, 3, 3, 3, 3, 3, 3, 3, 3, 3, 3, 3, 3, 3, 3, 3, 3, 3, 3, 3, 3, 3, 3, 3, 3, 3, 3, 3, 3, 3, 3, 3, 3, 3, 3, 3, 3, 3, 3, 3, 3, 3, 3, 3, 3, 3, 3, 3, 3, 3, 3, 3, 3, 3, 3, 3, 3, 3, 3, 3, 3, 3, 3, 3, 3, 3, 3, 3, 3, 3, 3, 3, 3, 3, 3, 3, 3, 3, 3, 3, 3, 3, 3, 3, 3, 3, 3, 3, 3, 3, 3, 3, 3, 3, 3, 3, 3, 3, 3, 3, 3, 3, 3, 3, 3, 3, 3, 3, 3, 3, 3, 3, 3, 3, 3, 3, 3, 3, 3, 3, 3, 3, 3, 3, 3, 3, 3, 3, 3, 3, 3, 3, 3, 3, 3, 3, 3, 3, 3, 3, 3, 3, 3, 3, 3, 3, 3, 3, 3, 3, 3, 3, 3, 3, 3, 3, 3, 3, 3, 3, 3, 3, 3, 3, 3, 3, 3, 3, 3, 3, 3, 3, 3, 3, 3, 3, 3, 3, 3, 3, 3, 3, 3, 3, 3, 3, 3, 3, 3, 3, 3, 3, 3, 3, 3, 3, 3, 3, 3, 3, 3, 3, 3, 3, 3, 3, 3, 3, 3, 3, 3, 3, 3, 3, 3, 3, 3, 3, 3, 3, 3, 3, 3, 3, 3, 3, 3, 3, 3, 3, 3, 3, 3, 3, 3, 3, 3, 3, 3, 3, 3, 3, 3, 3, 3, 3, 3, 3, 3, 3, 3, 3, 3, 3, 3, 3, 3, 3, 3, 3, 3, 3, 3, 3, 3, 3, 3, 3, 3, 3, 3, 3, 3, 3, 3, 3, 3, 3, 3, 3, 3, 3, 3, 3, 3, 3, 3, 3, 3, 3, 3, 3, 3, 3, 3, 3, 3, 3, 3, 3, 3, 3, 3, 3, 3, 3, 3, 3, 3, 3, 3, 3, 3, 3, 3, 3, 3, 3, 3, 3, 3, 3, 3, 3, 3, 3, 3, 3, 3, 3, 3, 3, 3, 3, 3, 3, 3, 3, 3, 3, 3, 3, 3, 3, 3, 3, 3, 3, 3, 3, 3, 3, 3, 3, 3, 3, 3, 3, 3, 3, 3, 3, 3, 3, 3, 3, 3, 3, 3, 3, 3, 3, 3, 3, 3, 3, 3, 3, 3, 3, 3, 3, 3, 3, 3, 3, 3, 3, 3, 3, 3, 3, 3, 3, 3, 3, 3, 3, 3, 3, 3, 3, 3, 3, 3, 3, 3, 3, 3, 3, 3, 3, 3, 3, 3, 3, 3, 3, 3, 3, 3, 3, 3, 3, 3, 3, 3, 3, 3, 3, 3, 3, 3, 3, 3, 3, 3, 3, 3, 3, 3, 3, 3, 3, 3, 3, 3, 3, 3, 3, 3, 3, 3, 3, 3, 3, 3, 3, 3, 3, 3, 3, 3, 3, 3, 3, 3, 3, 3, 3, 3, 3, 3, 3, 3, 3, 3, 3, 3, 3, 3, 3, 3, 3, 3, 3, 3, 3, 3, 3, 3, 3, 3, 3, 3, 3, 3, 3, 3, 3, 3, 3, 3, 3, 3, 3, 3, 3, 3, 3, 3, 3, 3, 3, 3, 3, 3, 3, 3, 3, 3, 3, 3, 3, 3, 3, 3, 3, 3, 3, 3, 3, 3, 3, 3, 3, 3, 3, 3, 3, 3, 3, 3, 3, 3, 3, 3, 3, 3, 3, 3, 3, 3, 3, 3, 3, 3, 3, 3, 3, 3, 3, 3, 3, 3, 3, 3, 3, 3, 3, 3, 3, 3, 3, 3, 3, 3, 3, 3, 3, 3, 3, 3, 3, 3, 3, 3, 3, 3, 3, 3, 3, 3, 3, 3, 3, 3, 3, 3, 3, 3, 3, 3, 3, 3, 3, 3, 3, 3, 3, 3, 3, 3, 3, 3, 3, 3, 3, 3, 3, 3, 3, 3, 3, 3, 3, 3, 3, 3, 3, 3, 3, 3, 3, 3, 3, 3, 3, 3, 3, 3, 3, 3, 3, 3, 3, 3, 3, 3, 3, 3, 3, 3, 3, 3, 3, 3, 3, 3, 3, 3, 3, 3, 3, 3, 3, 3, 3, 3, 3, 3, 3, 3, 3, 3, 3, 3, 3, 3, 3, 3, 3, 3, 3, 3, 3, 3, 3, 3, 3, 3, 3, 3, 3, 3, 3, 3, 3, 3, 3, 3, 3, 3, 3, 3, 3, 3, 3, 3, 3, 3, 3, 3, 3, 3, 3, 3, 3, 3, 3, 3, 3, 3, 3, 3, 3, 3, 3, 3, 3, 3, 3, 3, 3, 3, 3, 3, 3, 3, 3, 3, 3, 3, 3, 3, 3, 3, 3, 3, 3, 3, 3, 3, 3, 3, 3, 3, 3, 3, 3, 3, 3, 3, 3, 3, 3, 3, 3, 3, 3, 3, 3, 3, 3, 3, 3, 3, 3, 3, 3, 3, 3, 3, 3, 3, 3, 3, 3, 3, 3, 3, 3, 3, 3, 3, 3, 3, 3, 3, 3, 3, 3, 3, 3, 3, 3, 3, 3, 3, 3, 3, 3, 3, 3, 3, 3, 3, 3, 3, 3, 3, 3, 3, 3, 3, 3, 3, 3, 3, 3, 3, 3, 3, 3, 3, 3, 3, 3, 3, 3, 3, 3, 3, 3, 3, 3, 3, 3, 3, 3, 3, 3, 3, 3, 3, 3, 3, 3, 3, 3, 3, 3, 3, 3, 3, 3, 3, 3, 3, 3, 3, 3, 3, 3, 3, 3, 3, 3, 3, 3, 3, 3, 3, 3, 3, 3, 3, 3, 3, 3, 3, 3, 3, 3, 3, 3, 3, 3, 3, 3, 3, 3, 3, 3, 3, 3, 3, 3, 3, 3, 3, 3, 3, 3, 3, 3, 3, 3, 3, 3, 3, 3, 3, 3, 3, 3, 3, 3, 3, 3, 3, 3, 3, 3, 3, 3, 3, 3, 3, 3, 3, 3, 3, 3, 3, 3, 3, 3, 3, 3, 3, 3, 3, 3, 3, 3, 3, 3, 3, 3, 3, 3, 3, 3, 3, 3, 3, 3, 3, 3, 3, 3, 3, 3, 3, 3, 3, 3, 3, 3, 3, 3, 3, 3, 3, 3, 3, 3, 3, 3, 3, 3, 3, 3, 3, 3, 3, 3, 3, 3, 3, 3, 3, 3, 3, 3, 3, 3, 3, 3, 3, 3, 3, 3, 3, 3, 3, 3, 3, 3, 3, 3, 3, 3, 3, 3, 3, 3, 3, 3, 3, 3, 3, 3, 3, 3, 3, 3, 3, 3, 3, 3, 3, 3, 3, 3, 3, 3, 3, 3, 3, 3, 3, 3, 3, 3, 3, 3, 3, 3, 3, 3, 3, 3, 3, 3, 3, 3, 3, 3, 3, 3, 3, 3, 3, 3, 3, 3, 3, 3, 3, 3, 3, 3, 3, 3, 3, 3, 3, 3, 3, 3, 3, 3, 3, 3, 3, 3, 3, 3, 3, 3, 3, 3, 3, 3, 3, 3, 3, 3, 3, 3, 3, 3, 3, 3, 3, 3, 3, 3, 3, 3, 3, 3, 3, 3, 3, 3, 3, 3, 3, 3, 3, 3, 3, 3, 3, 3, 3, 3, 3, 3, 3, 3, 3, 3, 3, 3, 3, 3, 3, 3, 3, 3, 3, 3, 3, 3, 3, 3, 3, 3, 3, 3, 3, 3, 3, 3, 3, 3, 3, 3, 3, 3, 3, 3, 3, 3, 3, 3, 3, 3, 3, 3, 3, 3, 3, 3, 3, 3, 3, 3, 3, 3, 3, 3, 3, 3, 3, 3, 3, 3, 3, 3, 3, 3, 3, 3, 3, 3, 3, 3, 3, 3, 3, 3, 3, 3, 3, 3, 3, 3, 3, 3, 3, 3, 3, 3, 3, 3, 3, 3, 3, 3, 3, 3, 3, 3, 3, 3, 3, 3, 3, 3, 3, 3, 3, 3, 3, 3, 3, 3, 3, 3, 3, 3, 3, 3, 3, 3, 3, 3, 3, 3, 3, 3, 3, 3, 3, 3, 3, 3, 3, 3, 3, 3, 3, 3, 3, 3, 3, 3, 3, 3, 3, 3, 3, 3, 3, 3, 3, 3, 3, 3, 3, 3, 3, 3, 3, 3, 3, 3, 3, 3, 3, 3, 3, 3, 3, 3, 3, 3, 3, 3, 3, 3, 3, 3, 3, 3, 3, 3, 3, 3, 3, 3, 3, 3, 3, 3, 3, 3, 3, 3, 3, 3, 3, 3, 3, 3, 3, 3, 3, 3, 3, 3, 3, 3, 3, 3, 3, 3, 3, 3, 3, 3, 3, 3, 3, 3, 3, 3, 3, 3, 3, 3, 3, 3, 3, 3, 3, 3, 3, 3, 3, 3, 3, 3, 3, 3, 3, 3, 3, 3, 3, 3, 3, 3, 3, 3, 3, 3, 3, 3, 3, 3, 3, 3, 3, 3, 3, 3, 3, 3, 3, 3, 3, 3, 3, 3, 3, 3, 3, 3, 3, 3, 3, 3, 3, 3, 3, 3, 3, 3, 3, 3, 3, 3, 3, 3, 3, 3, 3, 3, 3, 3, 3, 3, 3, 3, 3, 3, 3, 3, 3, 3, 3, 3, 3, 3, 3, 3, 3, 3, 3, 3, 3, 3, 3, 3, 3, 3, 3, 3, 3, 3, 3, 3, 3, 3, 3, 3, 3, 3, 3, 3, 3, 3, 3, 3, 3, 3, 3, 3, 3, 3, 3, 3, 3, 3, 3, 3, 3, 3, 3, 3, 3, 3, 3, 3, 3, 3, 3, 3, 3, 3, 3, 3, 3, 3, 3, 3, 3, 3, 3, 3, 3, 3, 3, 3, 3, 3, 3, 3, 3, 3, 3, 3, 3, 3, 3, 3, 3, 3, 3, 3, 3, 3, 3, 3, 3, 3, 3, 3, 3, 3, 3, 3, 3, 3, 3, 3, 3, 3, 3, 3, 3, 3, 3, 3, 3, 3, 3, 3, 3, 3, 3, 3, 3, 3, 3, 3, 3, 3, 3, 3, 3, 3, 3, 3, 3, 3, 3, 3, 3, 3, 3, 3, 3, 3, 3, 3, 3, 3, 3, 3, 3, 3, 3, 3, 3, 3, 3, 3, 3, 3, 3, 3, 3, 3, 3, 3, 3, 3, 3, 3, 3, 3, 3, 3, 3, 3, 3, 3, 3, 3, 3, 3, 3, 3, 3, 3, 3, 3, 3, 3, 3, 3, 3, 3, 3, 3, 3, 3, 3, 3, 3, 3, 3, 3, 3, 3, 3, 3, 3, 3, 3, 3, 3, 3, 3, 3, 3, 3, 3, 3, 3, 3, 3, 3, 3, 3, 3, 3, 3, 3, 3, 3, 3, 3, 3, 3, 3, 3, 3, 3, 3, 3, 3, 3, 3, 3, 3, 3, 3, 3, 3, 3, 3, 3, 3, 3, 3, 3, 3, 3, 3, 3, 3, 3, 3, 3, 3, 3, 3, 3, 3, 3, 3, 3, 3, 3, 3, 3, 3, 3, 3, 3, 3, 3, 3, 3, 3, 3, 3, 3, 3, 3, 3, 3, 3, 3, 3, 3, 3, 3, 3, 3, 3, 3, 3, 3, 3, 3, 3, 3, 3, 3, 3, 3, 3, 3, 3, 3, 3, 3, 3, 3, 3, 3, 3, 3, 3, 3, 3, 3, 3, 3, 3, 3, 3, 3, 3, 3, 3, 3, 3, 3, 3, 3, 3, 3, 3, 3, 3, 3, 3, 3, 3, 3, 3, 3, 3, 3, 3, 3, 3, 3, 3, 3, 3, 3, 3, 3, 3, 3, 3, 3, 3, 3, 3, 3, 3, 3, 3, 3, 3, 3, 3, 3, 3, 3, 3, 3, 3, 3, 3, 3, 3, 3, 3, 3, 3, 3, 3, 3, 3, 3, 3, 3, 3, 3, 3, 3, 3, 3, 3, 3, 3, 3, 3, 3, 3, 3, 3, 3, 3, 3, 3, 3, 3, 3, 3, 3, 3, 3, 3, 3, 3, 3, 3, 3, 3, 3, 3, 3, 3, 3, 3, 3, 3, 3, 3, 3, 3, 3, 3, 3, 3, 3, 3, 3, 3, 3, 3, 3, 3, 3, 3, 3, 3, 3, 3, 3, 3, 3, 3, 3, 3, 3, 3, 3, 3, 3, 3, 3, 3, 3, 3, 3, 3, 3, 3, 3, 3, 3, 3, 3, 3, 3, 3, 3, 3, 3, 3, 3, 3, 3, 3, 3, 3, 3, 3, 3, 3, 3, 3, 3, 3, 3, 3, 3, 3, 3, 3, 3, 3, 3, 3, 3, 3, 3, 3, 3, 3, 3, 3, 3, 3, 3, 3, 3, 3, 3, 3, 3, 3, 3, 3, 3, 3, 3, 3, 3, 3, 3, 3, 3, 3, 3, 3, 3, 3, 3, 3, 3, 3, 3, 3, 3, 3, 3, 3, 3, 3, 3, 3, 3, 3, 3, 3, 3, 3, 3, 3, 3, 3, 3, 3, 3, 3, 3, 3, 3, 3, 3, 3, 3, 3, 3, 3, 3, 3, 3, 3, 3, 3, 3, 3, 3, 3, 3, 3, 3, 3, 3, 3, 3, 3, 3, 3, 3, 3, 3, 3, 3, 3, 3, 3, 3, 3, 3, 3, 3, 3, 3, 3, 3, 3, 3, 3, 3, 3, 3, 3, 3, 3, 3, 3, 3, 3, 3, 3, 3, 3, 3, 3, 3, 3, 3, 3, 3, 3, 3, 3, 3, 3, 3, 3, 3, 3, 3, 3, 3, 3, 3, 3, 3, 3, 3, 3, 3, 3, 3, 3, 3, 3, 3, 3, 3, 3, 3, 3, 3, 3, 3, 3, 3, 3, 3, 3, 3, 3, 3, 3, 3, 3, 3, 3, 3, 3, 3, 3, 3, 3, 3, 3, 3, 3, 3, 3, 3, 3, 3, 3, 3, 3, 3, 3, 3, 3, 3, 3, 3, 3, 3, 3, 3, 3, 3, 3, 3, 3, 3, 3, 3, 3, 3, 3, 3, 3, 3, 3, 3, 3, 3, 3, 3, 3, 3, 3, 3, 3, 3, 3, 3, 3, 3, 3, 3, 3, 3, 3, 3, 3, 3, 3, 3, 3, 3, 3, 3, 3, 3, 3, 3, 3, 3, 3, 3, 3, 3, 3, 3, 3, 3, 3, 3, 3, 3, 3, 3, 3, 3, 3, 3, 3, 3, 3, 3, 3, 3, 3, 3, 3, 3, 3, 3, 3, 3, 3, 3, 3, 3, 3, 3, 3, 3, 3, 3, 3, 3, 3, 3, 3, 3, 3, 3, 3, 3, 3, 3, 3, 3, 3, 3, 3, 3, 3, 3, 3, 3, 3, 3, 3, 3, 3, 3, 3, 3, 3, 3, 3, 3, 3, 3, 3, 3, 3, 3, 3, 3, 3, 3, 3, 3, 3, 3, 3, 3, 3, 3, 3, 3, 3, 3, 3, 3, 3, 3, 3, 3, 3, 3, 3, 3, 3, 3, 3, 3, 3, 3, 3, 3, 3, 3, 3, 3, 3, 3, 3, 3, 3, 3, 3, 3, 3, 3, 3, 3, 3, 3, 3, 3, 3, 3, 3, 3, 3, 3, 3, 3, 3, 3, 3, 3, 3, 3, 3, 3, 3, 3, 3, 3, 3, 3, 3, 3, 3, 3, 3, 3, 3, 3, 3, 3, 3, 3, 3, 3, 3, 3, 3, 3, 3, 3, 3, 3, 3, 3, 3, 3, 3, 3, 3, 3, 3, 3, 3, 3, 3, 3, 3, 3, 3, 3, 3, 3, 3, 3, 3, 3, 3, 3, 3, 3, 3, 3, 3, 3, 3, 3, 3, 3, 3, 3, 3, 3, 3, 3, 3, 3, 3, 3, 3, 3, 3, 3, 3, 3, 3, 3, 3, 3, 3, 3, 3, 3, 3, 3, 3, 3, 3, 3, 3, 3, 3, 3, 3, 3, 3, 3, 3, 3, 3, 3, 3, 3, 3, 3, 3, 3, 3, 3, 3, 3, 3, 3, 3, 3, 3, 3, 3, 3, 3, 3, 3, 3, 3, 3, 3, 3, 3, 3, 3, 3, 3, 3, 3, 3, 3, 3, 3, 3, 3, 3, 3, 3, 3, 3, 3, 3, 3, 3, 3, 3, 3, 3, 3, 3, 3, 3, 3, 3, 3, 3, 3, 3, 3, 3, 3, 3, 3, 3, 3, 3, 3, 3, 3, 3, 3, 3, 3, 3, 3, 3, 3, 3, 3, 3, 3, 3, 3, 3, 3, 3, 3, 3, 3, 3, 3, 3, 3, 3, 3, 3, 3, 3, 3, 3, 3, 3, 3, 3, 3, 3, 3, 3, 3, 3, 3, 3, 3, 3, 3, 3, 3, 3, 3, 3, 3, 3, 3, 3, 3, 3, 3, 3, 3, 3, 3, 3, 3, 3, 3, 3, 3, 3, 3, 3, 3, 3, 3, 3, 3, 3, 3, 3, 3, 3, 3, 3, 3, 3, 3, 3, 3, 3, 3, 3, 3, 3, 3, 3, 3, 3, 3, 3, 3, 3, 3, 3, 3, 3, 3, 3, 3, 3, 3, 3, 3, 3, 3, 3, 3, 3, 3, 3, 3, 3, 3, 3, 3, 3, 3, 3, 3, 3, 3, 3, 3, 3, 3, 3, 3, 3, 3, 3, 3, 3, 3, 3, 3, 3, 3, 3, 3, 3, 3, 3, 3, 3, 3, 3, 3, 3, 3, 3, 3, 3, 3, 3, 3, 3, 3, 3, 3, 3, 3, 3, 3, 3, 3, 3, 3, 3, 3, 3, 3, 3, 3, 3, 3, 3, 3, 3, 3, 3, 3, 3, 3, 3, 3, 3, 3, 3, 3, 3, 3, 3, 3, 3, 3, 3, 3, 3, 3, 3, 3, 3, 3, 3, 3, 3, 3, 3, 3, 3, 3, 3, 3, 3, 3, 3, 3, 3, 3, 3, 3, 3, 3, 3, 3, 3, 3, 3, 3, 3, 3, 3, 3, 3, 3, 3, 3, 3, 3, 3, 3, 3, 3, 3, 3, 3, 3, 3, 3, 3, 3, 3, 3, 3, 3, 3, 3, 3, 3, 3, 3, 3, 3, 3, 3, 3, 3, 3, 3, 3, 3, 3, 3, 3, 3, 3, 3, 3, 3, 3, 3, 3, 3, 3, 3, 3, 3, 3, 3, 3, 3, 3, 3, 3, 3, 3, 3, 3, 3, 3, 3, 3, 3, 3, 3, 3, 3, 3, 3, 3, 3, 3, 3, 3, 3, 3, 3, 3, 3, 3, 3, 3, 3, 3, 3, 3, 3, 3, 3, 3, 3, 3, 3, 3, 3, 3, 3, 3, 3, 3, 3, 3, 3, 3, 3, 3, 3, 3, 3, 3, 3, 3, 3, 3, 3, 3, 3, 3, 3, 3, 3, 3, 3, 3, 3, 3, 3, 3, 3, 3, 3, 3, 3, 3, 3, 3, 3, 3, 3, 3, 3, 3, 3, 3, 3, 3, 3, 3, 3, 3, 3, 3, 3, 3, 3, 3, 3, 3, 3, 3, 3, 3, 3, 3, 3, 3, 3, 3, 3, 3, 3, 3, 3, 3, 3, 3, 3, 3, 3, 3, 3, 3, 3, 3, 3, 3, 3, 3, 3, 3, 3, 3, 3, 3, 3, 3, 3, 3, 3, 3, 3, 3, 3, 3, 3, 3, 3, 3, 3, 3, 3, 3, 3, 3, 3, 3, 3, 3, 3, 3, 3, 3, 3, 3, 3, 3, 3, 3, 3, 3, 3, 3, 3, 3, 3, 3, 3, 3, 3, 3, 3, 3, 3, 3, 3, 3, 3, 3, 3, 3, 3, 3, 3, 3, 3, 3, 3, 3, 3, 3, 3, 3, 3, 3, 3, 3, 3, 3, 3, 3, 3, 3, 3, 3, 3, 3, 3, 3, 3, 3, 3, 3, 3, 3, 3, 3, 3, 3, 3, 3, 3, 3, 3, 3, 3, 3, 3, 3, 3, 3, 3, 3, 3, 3, 3, 3, 3, 3, 3, 3, 3, 3, 3, 3, 3, 3, 3, 3, 3, 3, 3, 3, 3, 3, 3, 3, 3, 3, 3, 3, 3, 3, 3, 3, 3, 3, 3, 3, 3, 3, 3, 3, 3, 3, 3, 3, 3, 3, 3, 3, 3, 3, 3, 3, 3, 3, 3, 3, 3, 3, 3, 3, 3, 3, 3, 3, 3, 3, 3, 3, 3, 3, 3, 3, 3, 3, 3, 3, 3, 3, 3, 3, 3, 3, 3, 3, 3, 3, 3, 3, 3, 3, 3, 3, 3, 3, 3, 3, 3, 3, 3, 3, 3, 3, 3, 3, 3, 3, 3, 3, 3, 3, 3, 3, 3, 3, 3, 3, 3, 3, 3, 3, 3, 3, 3, 3, 3, 3, 3, 3, 3, 3, 3, 3, 3, 3, 3, 3, 3, 3, 3, 3, 3, 3, 3, 3, 3, 3, 3, 3, 3, 3, 3, 3, 3, 3, 3, 3, 3, 3, 3, 3, 3, 3, 3, 3, 3, 3, 3, 3, 3, 3, 3, 3, 3, 3, 3, 3, 3, 3, 3, 3, 3, 3, 3, 3, 3, 3, 3, 3, 3, 3, 3, 3, 3, 3, 3, 3, 3, 3, 3, 3, 3, 3, 3, 3, 3, 3, 3, 3, 3, 3, 3, 3, 3, 3, 3, 3, 3, 3, 3, 3, 3, 3, 3, 3, 3, 3, 3, 3, 3, 3, 3, 3, 3, 3, 3, 3, 3, 3, 3, 3, 3, 3, 3, 3, 3, 3, 3, 3, 3, 3, 3, 3, 3, 3, 3, 3, 3, 3, 3, 3, 3, 3, 3, 3, 3, 3, 3, 3, 3, 3, 3, 3, 3, 3, 3, 3, 3, 3, 3, 3, 3, 3, 3, 3, 3, 3, 3, 3, 3, 3, 3, 3, 3, 3, 3, 3, 3, 3, 3, 3, 3, 3, 3, 3, 3, 3, 3, 3, 3, 3, 3, 3, 3, 3, 3, 3, 3, 3, 3, 3, 3, 3, 3, 3, 3, 3, 3, 3, 3, 3, 3, 3, 3, 3, 3, 3, 3, 3, 3, 3, 3, 3, 3, 3, 3, 3, 3, 3, 3, 3, 3, 3, 3, 3, 3, 3, 3, 3, 3, 3, 3, 3, 3, 3, 3, 3, 3, 3, 3, 3, 3, 3, 3, 3, 3, 3, 3, 3, 3, 3, 3, 3, 3, 3, 3, 3, 3, 3, 3, 3, 3, 3, 3, 3, 3, 3, 3, 3, 3, 3, 3, 3, 3, 3, 3, 3, 3, 3, 3, 3, 3, 3, 3, 3, 3, 3, 3, 3, 3, 3, 3, 3, 3, 3, 3, 3, 3, 3, 3, 3, 3, 3, 3, 3, 3, 3, 3, 3, 3, 3, 3, 3, 3, 3, 3, 3, 3, 3, 3, 3, 3, 3, 3, 3, 3, 3, 3, 3, 3, 3, 3, 3, 3, 3, 3, 3, 3, 3, 3, 3, 3, 3, 3, 3, 3, 3, 3, 3, 3, 3, 3, 3, 3, 3, 3, 3, 3, 3, 3, 3, 3, 3, 3, 3, 3, 3, 3, 3, 3, 3, 3, 3, 3, 3, 3, 3, 3, 3, 3, 3, 3, 3, 3, 3, 3, 3, 3, 3, 3, 3, 3, 3, 3, 3, 3, 3, 3, 3, 3, 3, 3, 3, 3, 3, 3, 3, 3, 3, 3, 3, 3, 3, 3, 3, 3, 3, 3, 3, 3, 3, 3, 3, 3, 3, 3, 3, 3, 3, 3, 3, 3, 3, 3, 3, 3, 3, 3, 3, 3, 3, 3, 3, 3, 3, 3, 3, 3, 3, 3, 3, 3, 3, 3, 3, 3, 3, 3, 3, 3, 3, 3, 3, 3, 3, 3, 3, 3, 3, 3, 3, 3, 3, 3, 3, 3, 3, 3, 3, 3, 3, 3, 3, 3, 3, 3, 3, 3, 3, 3, 3, 3, 3, 3, 3, 3, 3, 3, 3, 3, 3, 3, 3, 3, 3, 3, 3, 3, 3, 3, 3, 3, 3, 3, 3, 3, 3, 3, 3, 3, 3, 3, 3, 3, 3, 3, 3, 3, 3, 3, 3, 3, 3, 3, 3, 3, 3, 3, 3, 3, 3, 3, 3, 3, 3, 3, 3, 3, 3, 3, 3, 3, 3, 3, 3, 3, 3, 3, 3, 3, 3, 3, 3, 3, 3, 3, 3, 3, 3, 3, 3, 3, 3, 3, 3, 3, 3, 3, 3, 3, 3, 3, 3, 3, 3, 3, 3, 3, 3, 3, 3, 3, 3, 3, 3, 3, 3, 3, 3, 3, 3, 3, 3, 3, 3, 3, 3, 3, 3, 3, 3, 3, 3, 3, 3, 3, 3, 3, 3, 3, 3, 3, 3, 3, 3, 3, 3, 3, 3, 3, 3, 3, 3, 3, 3, 3, 3, 3, 3, 3, 3, 3, 3, 3, 3, 3, 3, 3, 3, 3, 3, 3, 3, 3, 3, 3, 3, 3, 3, 3, 3, 3, 3, 3, 3, 3, 3, 3, 3, 3, 3, 3, 3, 3, 3, 3, 3, 3, 3, 3, 3, 3, 3, 3, 3, 3, 3, 3, 3, 3, 3, 3, 3, 3, 3, 3, 3, 3, 3, 3, 3, 3, 3, 3, 3, 3, 3, 3, 3, 3, 3, 3, 3, 3, 3, 3, 3, 3, 3, 3, 3, 3, 3, 3, 3, 3, 3, 3, 3, 3, 3, 3, 3, 3, 3, 3, 3, 3, 3, 3, 3, 3, 3, 3, 3, 3, 3, 3, 3, 3, 3, 3, 3, 3, 3, 3, 3, 3, 3, 3, 3, 3, 3, 3, 3, 3, 3, 3, 3, 3, 3, 3, 3, 3, 3, 3, 3, 3, 3, 3, 3, 3, 3, 3, 3, 3, 3, 3, 3, 3, 3, 3, 3, 3, 3, 3, 3, 3, 3, 3, 3, 3, 3, 3, 3, 3, 3, 3, 3, 3, 3, 3, 3, 3, 3, 3, 3, 3, 3, 3, 3, 3, 3, 3, 3, 3, 3, 3, 3, 3, 3, 3, 3, 3, 3, 3, 3, 3, 3, 3, 3, 3, 3, 3, 3, 3, 3, 3, 3, 3, 3, 3, 3, 3, 3, 3, 3, 3, 3, 3, 3, 3, 3, 3, 3, 3, 3, 3, 3, 3, 3, 3, 3, 3, 3, 3, 3, 3, 3, 3, 3, 3, 3, 3, 3, 3, 3, 3, 3, 3, 3, 3, 3, 3, 3, 3, 3, 3, 3, 3, 3, 3, 3, 3, 3, 3, 3, 3, 3, 3, 3, 3, 3, 3, 3, 3, 3, 3, 3, 3, 3, 3, 3, 3, 3, 3, 3, 3, 3, 3, 3, 3, 3, 3, 3, 3, 3, 3, 3, 3, 3, 3, 3, 3, 3, 3, 3, 3, 3, 3, 3, 3, 3, 3, 3, 3, 3, 3, 3, 3, 3, 3, 3, 3, 3, 3, 3, 3, 3, 3, 3, 3, 3, 3, 3, 3, 3, 3, 3, 3, 3, 3, 3, 3, 3, 3, 3, 3, 3, 3, 3, 3, 3, 3, 3, 3, 3, 3, 3, 3, 3, 3, 3, 3, 3, 3, 3, 3, 3, 3, 3, 3, 3, 3, 3, 3, 3, 3, 3, 3, 3, 3, 3, 3, 3, 3, 3, 3, 3, 3, 3, 3, 3, 3, 3, 3, 3, 3, 3, 3, 3, 3, 3, 3, 3, 3, 3, 3, 3, 3, 3, 3, 3, 3, 3, 3, 3, 3, 3, 3, 3, 3, 3, 3, 3, 3, 3, 3, 3, 3, 3, 3, 3, 3, 3, 3, 3, 3, 3, 3, 3, 3, 3, 3, 3, 3, 3, 3, 3, 3, 3, 3, 3, 3, 3, 3, 3, 3, 3, 3, 3, 3, 3, 3, 3, 3, 3, 3, 3, 3, 3, 3, 3, 3, 3, 3, 3, 3, 3, 3, 3, 3, 3, 3, 3, 3, 3, 3, 3, 3, 3, 3, 3, 3, 3, 3, 3, 3, 3, 3, 3, 3, 3, 3, 3, 3, 3, 3, 3, 3, 3, 3, 3, 3, 3, 3, 3, 3, 3, 3, 3, 3, 3, 3, 3, 3, 3, 3, 3, 3, 3, 3, 3, 3, 3, 3, 3, 3, 3, 3, 3, 3, 3, 3, 3, 3, 3, 3, 3, 3, 3, 3, 3, 3, 3, 3, 3, 3, 3, 3, 3, 3, 3, 3, 3, 3, 3, 3, 3, 3, 3, 3, 3, 3, 3, 3, 3, 3, 3, 3, 3, 3, 3, 3, 3, 3, 3, 3, 3, 3, 3, 3, 3, 3, 3, 3, 3, 3, 3, 3, 3, 3, 3, 3, 3, 3, 3, 3, 3, 3, 3, 3, 3, 3, 3, 3, 3, 3, 3, 3, 3, 3, 3, 3, 3, 3, 3, 3, 3, 3, 3, 3, 3, 3, 3, 3, 3, 3, 3, 3, 3, 3, 3, 3, 3, 3, 3, 3, 3, 3, 3, 3, 3, 3, 3, 3, 3, 3, 3, 3, 3, 3, 3, 3, 3, 3, 3, 3, 3, 3, 3, 3, 3, 3, 3, 3, 3, 3, 3, 3, 3, 3, 3, 3, 3, 3, 3, 3, 3, 3, 3, 3, 3, 3, 3, 3, 3, 3, 3, 3, 3, 3, 3, 3, 3, 3, 3, 3, 3, 3, 3, 3, 3, 3, 3, 3, 3, 3, 3, 3, 3, 3, 3, 3, 3, 3, 3, 3, 3, 3, 3, 3, 3, 3, 3, 3, 3, 3, 3, 3, 3, 3, 3, 3, 3, 3, 3, 3, 3, 3, 3, 3, 3, 3, 3, 3, 3, 3, 3, 3, 3, 3, 3, 3, 3, 3, 3, 3, 3, 3, 3, 3, 3, 3, 3, 3, 3, 3, 3, 3, 3, 3, 3, 3, 3, 3, 3, 3, 3, 3, 3, 3, 3, 3, 3, 3, 3, 3, 3, 3, 3, 3, 3, 3, 3, 3, 3, 3, 3, 3, 3, 3, 3, 3, 3, 3, 3, 3, 3, 3, 3, 3, 3, 3, 3, 3, 3, 3, 3, 3, 3, 3, 3, 3, 3, 3, 3, 3, 3, 3, 3, 3, 3, 3, 3, 3, 3, 3, 3, 3, 3, 3, 3, 3, 3, 3, 3, 3, 3, 3, 3, 3, 3, 3, 3, 3, 3, 3, 3, 3, 3, 3, 3, 3, 3, 3, 3, 3, 3, 3, 3, 3, 3, 3, 3, 3, 3, 3, 3, 3, 3, 3, 3, 3, 3, 3, 3, 3, 3, 3, 3, 3, 3, 3, 3, 3, 3, 3, 3, 3, 3, 3, 3, 3, 3, 3, 3, 3, 3, 3, 3, 3, 3, 3, 3, 3, 3, 3, 3, 3, 3, 3, 3, 3, 3, 3, 3, 3, 3, 3, 3, 3, 3, 3, 3, 3, 3, 3, 3, 3, 3, 3, 3, 3, 3, 3, 3, 3, 3, 3, 3, 3, 3, 3, 3, 3, 3, 3, 3, 3, 3, 3, 3, 3, 3, 3, 3, 3, 3, 3, 3, 3, 3, 3, 3, 3, 3, 3, 3, 3, 3, 3, 3, 3, 3, 3, 3, 3, 3, 3, 3, 3, 3, 3, 3, 3, 3, 3, 3, 3, 3, 3, 3, 3, 3, 3, 3, 3, 3, 3, 3, 3, 3, 3, 3, 3, 3, 3, 3, 3, 3, 3, 3, 3, 3, 3, 3, 3, 3, 3, 3, 3, 3, 3, 3, 3, 3, 3, 3, 3, 3, 3, 3, 3, 3, 3, 3, 3, 3, 3, 3, 3, 3, 3, 3, 3, 3, 3, 3, 3, 3, 3, 3, 3, 3, 3, 3, 3, 3, 3, 3, 3, 3, 3, 3, 3, 3, 3, 3, 3, 3, 3, 3, 3, 3, 3, 3, 3, 3, 3, 3, 3, 3, 3, 3, 3, 3, 3, 3, 3, 3, 3, 3, 3, 3, 3, 3, 3, 3, 3, 3, 3, 3, 3, 3, 3, 3, 3, 3, 3, 3, 3, 3, 3, 3, 3, 3, 3, 3, 3, 3, 3, 3, 3, 3, 3, 3, 3, 3, 3, 3, 3, 3, 3, 3, 3, 3, 3, 3, 3, 3, 3, 3, 3, 3, 3, 3, 3, 3, 3, 3, 3, 3, 3, 3, 3, 3, 3, 3, 3, 3, 3, 3, 3, 3, 3, 3, 3, 3, 3, 3, 3, 3, 3, 3, 3, 3, 3, 3, 3, 3, 3, 3, 3, 3, 3, 3, 3, 3, 3, 3, 3, 3, 3, 3, 3, 3, 3, 3, 3, 3, 3, 3, 3, 3, 3, 3, 3, 3, 3, 3, 3, 3, 3, 3, 3, 3, 3, 3, 3, 3, 3, 3, 3, 3, 3, 3, 3, 3, 3, 3, 3, 3, 3, 3, 3, 3, 3, 3, 3, 3, 3, 3, 3, 3, 3, 3, 3, 3, 3, 3, 3, 3, 3, 3, 3, 3, 3, 3, 3, 3, 3, 3, 3, 3, 3, 3, 3, 3, 3, 3, 3, 3, 3, 3, 3, 3, 3, 3, 3, 3, 3, 3, 3, 3, 3, 3, 3, 3, 3, 3, 3, 3, 3, 3, 3, 3, 3, 3, 3, 3, 3, 3, 3, 3, 3, 3, 3, 3, 3, 3, 3, 3, 3, 3, 3, 3, 3, 3, 3, 3, 3, 3, 3, 3, 3, 3, 3, 3, 3, 3, 3, 3, 3, 3, 3, 3, 3, 3, 3, 3, 3, 3, 3, 3, 3, 3, 3, 3, 3, 3, 3, 3, 3, 3, 3, 3, 3, 3, 3, 3, 3, 3, 3, 3, 3, 3, 3, 3, 3, 3, 3, 3, 3, 3, 3, 3, 3, 3, 3, 3, 3, 3, 3, 3, 3, 3, 3, 3, 3, 3, 3, 3, 3, 3, 3, 3, 3, 3, 3, 3, 3, 3, 3, 3, 3, 3, 3, 3, 3, 3, 3, 3, 3, 3, 3, 3, 3, 3, 3, 3, 3, 3, 3, 3, 3, 3, 3, 3, 3, 3, 3, 3, 3, 3, 3, 3, 3, 3, 3, 3, 3, 3, 3, 3, 3, 3, 3, 3, 3, 3, 3, 3, 3, 3, 3, 3, 3, 3, 3, 3, 3, 3, 3, 3, 3, 3, 3, 3, 3, 3, 3, 3, 3, 3, 3, 3, 3, 3, 3, 3, 3, 3, 3, 3, 3, 3, 3, 3, 3, 3, 3, 3, 3, 3, 3, 3, 3, 3, 3, 3, 3, 3, 3, 3, 3, 3, 3, 3, 3, 3, 3, 3, 3, 3, 3, 3, 3, 3, 3, 3, 3, 3, 3, 3, 3, 3, 3, 3, 3, 3, 3, 3, 3, 3, 3, 3, 3, 3, 3, 3, 3, 3, 3, 3, 3, 3, 3, 3, 3, 3, 3, 3, 3, 3, 3, 3, 3, 3, 3, 3, 3, 3, 3, 3, 3, 3, 3, 3, 3, 3, 3, 3, 3, 3, 3, 3, 3, 3, 3, 3, 3, 3, 3, 3, 3, 3, 3, 3, 3, 3, 3, 3, 3, 3, 3, 3, 3, 3, 3, 3, 3, 3, 3, 3, 3, 3, 3, 3, 3, 3, 3, 3, 3, 3, 3, 3, 3, 3, 3, 3, 3, 3, 3, 3, 3, 3, 3, 3, 3, 3, 3, 3, 3, 3, 3, 3, 3, 3, 3, 3, 3, 3, 3, 3, 3, 3, 3, 3, 3, 3, 3, 3, 3, 3, 3, 3, 3, 3, 3, 3, 3, 3, 3, 3, 3, 3, 3, 3, 3, 3, 3, 3, 3, 3, 3, 3, 3, 3, 3, 3, 3, 3, 3, 3, 3, 3, 3, 3, 3, 3, 3, 3, 3, 3, 3, 3, 3, 3, 3, 3, 3, 3, 3, 3, 3, 3, 3, 3, 3, 3, 3, 3, 3, 3, 3, 3, 3, 3, 3, 3, 3, 3, 3, 3, 3, 3, 3, 3, 3, 3, 3, 3, 3, 3, 3, 3, 3, 3, 3, 3, 3, 3, 3, 3, 3, 3, 3, 3, 3, 3, 3, 3, 3, 3, 3, 3, 3, 3, 3, 3, 3, 3, 3, 3, 3, 3, 3, 3, 3, 3, 3, 3, 3, 3, 3, 3, 3, 3, 3, 3, 3, 3, 3, 3, 3, 3, 3, 3, 3, 3, 3, 3, 3, 3, 3, 3, 3, 3, 3, 3, 3, 3, 3, 3, 3, 3, 3, 3, 3, 3, 3, 3, 3, 3, 3, 3, 3, 3, 3, 3, 3, 3, 3, 3, 3, 3, 3, 3, 3, 3, 3, 3, 3, 3, 3, 3, 3, 3, 3, 3, 3, 3, 3, 3, 3, 3, 3, 3, 3, 3, 3, 3, 3, 3, 3, 3, 3, 3, 3, 3, 3, 3, 3, 3, 3, 3, 3, 3, 3, 3, 3, 3, 3, 3, 3, 3, 3, 3, 3, 3, 3, 3, 3, 3, 3, 3, 3, 3, 3, 3, 3, 3, 3, 3, 3, 3, 3, 3, 3, 3, 3, 3, 3, 3, 3, 3, 3, 3, 3, 3, 3, 3, 3, 3, 3, 3, 3, 3, 3, 3, 3, 3, 3, 3, 3, 3, 3, 3, 3, 3, 3, 3, 3, 3, 3, 3, 3, 3, 3, 3, 3, 3, 3, 3, 3, 3, 3, 3, 3, 3, 3, 3, 3, 3, 3, 3, 3, 3, 3, 3, 3, 3, 3, 3, 3, 3, 3, 3, 3, 3, 3, 3, 3, 3, 3, 3, 3, 3, 3, 3, 3, 3, 3, 3, 3, 3, 3, 3, 3, 3, 3, 3, 3, 3, 3, 3, 3, 3, 3, 3, 3, 3, 3, 3, 3, 3, 3, 3, 3, 3, 3, 3, 3, 3, 3, 3, 3, 3, 3, 3, 3, 3, 3, 3, 3, 3, 3, 3, 3, 3, 3, 3, 3, 3, 3, 3, 3, 3, 3, 3, 3, 3, 3, 3, 3, 3, 3, 3, 3, 3, 3, 3, 3, 3, 3, 3, 3, 3, 3, 3, 3, 3, 3, 3, 3, 3, 3, 3, 3, 3, 3, 3, 3, 3, 3, 3, 3, 3, 3, 3, 3, 3, 3, 3, 3, 3, 3, 3, 3, 3, 3, 3, 3, 3, 3, 3, 3, 3, 3, 3, 3, 3, 3, 3, 3, 3, 3, 3, 3, 3, 3, 3, 3, 3, 3, 3, 3, 3, 3, 3, 3, 3, 3, 3, 3, 3, 3, 3, 3, 3, 3, 3, 3, 3, 3, 3, 3, 3, 3, 3, 3, 3, 3, 3, 3, 3, 3, 3, 3, 3, 3, 3, 3, 3, 3, 3, 3, 3, 3, 3, 3, 3, 3, 3, 3, 3, 3, 3, 3, 3, 3, 3, 3, 3, 3, 3, 3, 3, 3, 3, 3, 3, 3, 3, 3, 3, 3, 3, 3, 3, 3, 3, 3, 3, 3, 3, 3, 3, 3, 3, 3, 3, 3, 3, 3, 3, 3, 3, 3, 3, 3, 3, 3, 3, 3, 3, 3, 3, 3, 3, 3, 3, 3, 3, 3, 3, 3, 3, 3, 3, 3, 3, 3, 3, 3, 3, 3, 3, 3, 3, 3, 3, 3, 3, 3, 3, 3, 3, 3, 3, 3, 3, 3, 3, 3, 3, 3, 3, 3, 3, 3, 3, 3, 3, 3, 3, 3, 3, 3, 3, 3, 3, 3, 3, 3, 3, 3, 3, 3, 3, 3, 3, 3, 3, 3, 3, 3, 3, 3, 3, 3, 3, 3, 3, 3, 3, 3, 3, 3, 3, 3, 3, 3, 3, 3, 3, 3, 3, 3, 3, 3, 3, 3, 3, 3, 3, 3, 3, 3, 3, 3, 3, 3, 3, 3, 3, 3, 3, 3, 3, 3, 3, 3, 3, 3, 3, 3, 3, 3, 3, 3, 3, 3, 3, 3, 3, 3, 3, 3, 3, 3, 3, 3, 3, 3, 3, 3, 3, 3, 3, 3, 3, 3, 3, 3, 3, 3, 3, 3, 3, 3, 3, 3, 3, 3, 3, 3, 3, 3, 3, 3, 3, 3, 3, 3, 3, 3, 3, 3, 3, 3, 3, 3, 3, 3, 3, 3, 3, 3, 3, 3, 3, 3, 3, 3, 3, 3, 3, 3, 3, 3, 3, 3, 3, 3, 3, 3, 3, 3, 3, 3, 3, 3, 3, 3, 3, 3, 3, 3, 3, 3, 3, 3, 3, 3, 3, 3, 3, 3, 3, 3, 3, 3, 3, 3, 3, 3, 3, 3, 3, 3, 3, 3, 3, 3, 3, 3, 3, 3, 3, 3, 3, 3, 3, 3, 3, 3, 3, 3, 3, 3, 3, 3, 3, 3, 3, 3, 3, 3, 3, 3, 3, 3, 3, 3, 3, 3, 3, 3, 3, 3, 3, 3, 3, 3, 3, 3, 3, 3, 3, 3, 3, 3, 3, 3, 3, 3, 3, 3, 3, 3, 3, 3, 3, 3, 3, 3, 3, 3, 3, 3, 3, 3, 3, 3, 3, 3, 3, 3, 3, 3, 3, 3, 3, 3, 3, 3, 3, 3, 3, 3, 3, 3, 3, 3, 3, 3, 3, 3, 3, 3, 3, 3, 3, 3, 3, 3, 3, 3, 3, 3, 3, 3, 3, 3, 3, 3, 3, 3, 3, 3, 3, 3, 3, 3, 3, 3, 3, 3, 3, 3, 3, 3, 3, 3, 3, 3, 3, 3, 3, 3, 3, 3, 3, 3, 3, 3, 3, 3, 3, 3, 3, 3, 3, 3, 3, 3, 3, 3, 3, 3, 3, 3, 3, 3, 3, 3, 3, 3, 3, 3, 3, 3, 3, 3, 3, 3, 3, 3, 3, 3, 3, 3, 3, 3, 3, 3, 3, 3, 3, 3, 3, 3, 3, 3, 3, 3, 3, 3, 3, 3, 3, 3, 3, 3, 3, 3, 3, 3, 3, 3, 3, 3, 3, 3, 3, 3, 3, 3, 3, 3, 3, 3, 3, 3, 3, 3, 3, 3, 3, 3, 3, 3, 3, 3, 3, 3, 3, 3, 3, 3, 3, 3, 3, 3, 3, 3, 3, 3, 3, 3, 3, 3, 3, 3, 3, 3, 3, 3, 3, 3, 3, 3, 3, 3, 3, 3, 3, 3, 3, 3, 3, 3, 3, 3, 3, 3, 3, 3, 3, 3, 3, 3, 3, 3, 3, 3, 3, 3, 3, 3, 3, 3, 3, 3, 3, 3, 3, 3, 3, 3, 3, 3, 3, 3, 3, 3, 3, 3, 3, 3, 3, 3, 3, 3, 3, 3, 3, 3, 3, 3, 3, 3, 3, 3, 3, 3, 3, 3, 3, 3, 3, 3, 3, 3, 3, 3, 3, 3, 3, 3, 3, 3, 3, 3, 3, 3, 3, 3, 3, 3, 3, 3, 3, 3, 3, 3, 3, 3, 3, 3, 3, 3, 3, 3, 3, 3, 3, 3, 3, 3, 3, 3, 3, 3, 3, 3, 3, 3, 3, 3, 3, 3, 3, 3, 3, 3, 3, 3, 3, 3, 3, 3, 3, 3, 3, 3, 3, 3, 3, 3, 3, 3, 3, 3, 3, 3, 3, 3, 3, 3, 3, 3, 3, 3, 3, 3, 3, 3, 3, 3, 3, 3, 3, 3, 3, 3, 3, 3, 3, 3, 3, 3, 3, 3, 3, 3, 3, 3, 3, 3, 3, 3, 3, 3, 3, 3, 3, 3, 3, 3, 3, 3, 3, 3, 3, 3, 3, 3, 3, 3, 3, 3, 3, 3, 3, 3, 3, 3, 3, 3, 3, 3, 3, 3, 3, 3, 3, 3, 3, 3, 3, 3, 3, 3, 3, 3, 3, 3, 3, 3, 3, 3, 3, 3, 3, 3, 3, 3, 3, 3, 3, 3, 3, 3, 3, 3, 3, 3, 3, 3, 3, 3, 3, 3, 3, 3, 3, 3, 3, 3, 3, 3, 3, 3, 3, 3, 3, 3, 3, 3, 3, 3, 3, 3, 3, 3, 3, 3, 3, 3, 3, 3, 3, 3, 3, 3, 3, 3, 3, 3, 3, 3, 3, 3, 3, 3, 3, 3, 3, 3, 3, 3, 3, 3, 3, 3, 3, 3, 3, 3, 3, 3, 3, 3, 3, 3, 3, 3, 3, 3, 3, 3, 3, 3, 3, 3, 3, 3, 3, 3, 3, 3, 3, 3, 3, 3, 3, 3, 3, 3, 3, 3, 3, 3, 3, 3, 3, 3, 3, 3, 3, 3, 3, 3, 3, 3, 3, 3, 3, 3, 3, 3, 3, 3, 3, 3, 3, 3, 3, 3, 3, 3, 3, 3, 3, 3, 3, 3, 3, 3, 3, 3, 3, 3, 3, 3, 3, 3, 3, 3, 3, 3, 3, 3, 3, 3, 3, 3, 3, 3, 3, 3, 3, 3, 3, 3, 3, 3, 3, 3, 3, 3, 3, 3, 3, 3, 3, 3, 3, 3, 3, 3, 3, 3, 3, 3, 3, 3, 3, 3, 3, 3, 3, 3, 3, 3, 3, 3, 3, 3, 3, 3, 3, 3, 3, 3, 3, 3, 3, 3, 3, 3, 3, 3, 3, 3, 3, 3, 3, 3, 3, 3, 3, 3, 3, 3, 3, 3, 3, 3, 3, 3, 3, 3, 3, 3, 3, 3, 3, 3, 3, 3, 3, 3, 3, 3, 3, 3, 3, 3, 3, 3, 3, 3, 3, 3, 3, 3, 3, 3, 3, 3, 3, 3, 3, 3, 3, 3, 3, 3, 3, 3, 3, 3, 3, 3, 3, 3, 3, 3, 3, 3, 3, 3, 3, 3, 3, 3, 3, 3, 3, 3, 3, 3, 3, 3, 3, 3, 3, 3, 3, 3, 3, 3, 3, 3, 3, 3, 3, 3, 3, 3, 3, 3, 3, 3, 3, 3, 3, 3, 3, 3, 3, 3, 3, 3, 3, 3, 3, 3, 3, 3, 3, 3, 3, 3, 3, 3, 3, 3, 3, 3, 3, 3, 3, 3, 3, 3, 3, 3, 3, 3, 3, 3, 3, 3, 3, 3, 3, 3, 3, 3, 3, 3, 3, 3, 3, 3, 3, 3, 3, 3, 3, 3, 3, 3, 3, 3, 3, 3, 3, 3, 3, 3, 3, 3, 3, 3, 3, 3, 3, 3, 3, 3, 3, 3, 3, 3, 3, 3, 3, 3, 3, 3, 3, 3, 3, 3, 3, 3, 3, 3, 3, 3, 3, 3, 3, 3, 3, 3, 3, 3, 3, 3, 3, 3, 3, 3, 3, 3, 3, 3, 3, 3, 3, 3, 3, 3, 3, 3, 3, 3, 3, 3, 3, 3, 3, 3, 3, 3, 3, 3, 3, 3, 3, 3, 3, 3, 3, 3, 3, 3, 3, 3, 3, 3, 3, 3, 3, 3, 3, 3, 3, 3, 3, 3, 3, 3, 3, 3, 3, 3, 3, 3, 3, 3, 3, 3, 3, 3, 3, 3, 3, 3, 3, 3, 3, 3, 3, 3, 3, 3, 3, 3, 3, 3, 3, 3, 3, 3, 3, 3, 3, 3, 3, 3, 3, 3, 3, 3, 3, 3, 3, 3, 3, 3, 3, 3, 3, 3, 3, 3, 3, 3, 3, 3, 3, 3, 3, 3, 3, 3, 3, 3, 3, 3, 3, 3, 3, 3, 3, 3, 3, 3, 3, 3, 3, 3, 3, 3, 3, 3, 3, 3, 3, 3, 3, 3, 3, 3, 3, 3, 3, 3, 3, 3, 3, 3, 3, 3, 3, 3, 3, 3, 3, 3, 3, 3, 3, 3, 3, 3, 3, 3, 3, 3, 3, 3, 3, 3, 3, 3, 3, 3, 3, 3, 3, 3, 3, 3, 3, 3, 3, 3, 3, 3, 3, 3, 3, 3, 3, 3, 3, 3, 3, 3, 3, 3, 3, 3, 3, 3, 3, 3, 3, 3, 3, 3, 3, 3, 3, 3, 3, 3, 3, 3, 3, 3, 3, 3, 3, 3, 3, 3, 3, 3, 3, 3, 3, 3, 3, 3, 3, 3, 3, 3, 3, 3, 3, 3, 3, 3, 3, 3, 3, 3, 3, 3, 3, 3, 3, 3, 3, 3, 3, 3, 3, 3, 3, 3, 3, 3, 3, 3, 3, 3, 3, 3, 3, 3, 3, 3, 3, 3, 3, 3, 3, 3, 3, 3, 3, 3, 3, 3, 3, 3, 3, 3, 3, 3, 3, 3, 3, 3, 3, 3, 3, 3, 3, 3, 3, 3, 3, 3, 3, 3, 3, 3, 3, 3, 3, 3, 3, 3, 3, 3, 3, 3, 3, 3, 3, 3, 3, 3, 3, 3, 3, 3, 3, 3, 3, 3, 3, 3, 3, 3, 3, 3, 3, 3, 3, 3, 3, 3, 3, 3, 3, 3, 3, 3, 3, 3, 3, 3, 3, 3, 3, 3, 3, 3, 3, 3, 3, 3, 3, 3, 3, 3, 3, 3, 3, 3, 3, 3, 3, 3, 3, 3, 3, 3, 3, 3, 3, 3, 3, 3, 3, 3, 3, 3, 3, 3, 3, 3, 3, 3, 3, 3, 3, 3, 3, 3, 3, 3, 3, 3, 3, 3, 3, 3, 3, 3, 3, 3, 3, 3, 3, 3, 3, 3, 3, 3, 3, 3, 3, 3, 3, 3, 3, 3, 3, 3, 3, 3, 3, 3, 3, 3, 3, 3, 3, 3, 3, 3, 3, 3, 3, 3, 3, 3, 3, 3, 3, 3, 3, 3, 3, 3, 3, 3, 3, 3, 3, 3, 3, 3, 3, 3, 3, 3, 3, 3, 3, 3, 3, 3, 3, 3, 3, 3, 3, 3, 3, 3, 3, 3, 3, 3, 3, 3, 3, 3, 3, 3, 3, 3, 3, 3, 3, 3, 3, 3, 3, 3, 3, 3, 3, 3, 3, 3, 3, 3, 3, 3, 3, 3, 3, 3, 3, 3, 3, 3, 3, 3, 3, 3, 3, 3, 3, 3, 3, 3, 3, 3, 3, 3, 3, 3, 3, 3, 3, 3, 3, 3, 3, 3, 3, 3, 3, 3, 3, 3, 3, 3, 3, 3, 3, 3, 3, 3, 3, 3, 3, 3, 3, 3, 3, 3, 3, 3, 3, 3, 3, 3, 3, 3, 3, 3, 3, 3, 3, 3, 3, 3, 3, 3, 3, 3, 3, 3, 3, 3, 3, 3, 3, 3, 3, 3, 3, 3, 3, 3, 3, 3, 3, 3, 3, 3, 3, 3, 3, 3, 3, 3, 3, 3, 3, 3, 3, 3, 3, 3, 3, 3, 3, 3, 3, 3, 3, 3, 3, 3, 3, 3, 3, 3, 3, 3, 3, 3, 3, 3, 3, 3, 3, 3, 3, 3, 3, 3, 3, 3, 3, 3, 3, 3, 3, 3, 3, 3, 3, 3, 3, 3, 3, 3, 3, 3, 3, 3, 3, 3, 3, 3, 3, 3, 3, 3, 3, 3, 3, 3, 3, 3, 3, 3, 3, 3, 3, 3, 3, 3, 3, 3, 3, 3, 3, 3, 3, 3, 3, 3, 3, 3, 3, 3, 3, 3, 3, 3, 3, 3, 3, 3, 3, 3, 3, 3, 3, 3, 3, 3, 3, 3, 3, 3, 3, 3, 3, 3, 3, 3, 3, 3, 3, 3, 3, 3, 3, 3, 3, 3, 3, 3, 3, 3, 3, 3, 3, 3, 3, 3, 3, 3, 3, 3, 3, 3, 3, 3, 3, 3, 3, 3, 3, 3, 3, 3, 3, 3, 3, 3, 3, 3, 3, 3, 3, 3, 3, 3, 3, 3, 3, 3, 3, 3, 3, 3, 3, 3, 3, 3, 3, 3, 3, 3, 3, 3, 3, 3, 3, 3, 3, 3, 3, 3, 3, 3, 3, 3, 3, 3, 3, 3, 3, 3, 3, 3, 3, 3, 3, 3, 3, 3, 3, 3, 3, 3, 3, 3, 3, 3, 3, 3, 3, 3, 3, 3, 3, 3, 3, 3, 3, 3, 3, 3, 3, 3, 3, 3, 3, 3, 3, 3, 3, 3, 3, 3, 3, 3, 3, 3, 3, 3, 3, 3, 3, 3, 3, 3, 3, 3, 3, 3, 3, 3, 3, 3, 3, 3, 3, 3, 3, 3, 3, 3, 3, 3, 3, 3, 3, 3, 3, 3, 3, 3, 3, 3, 3, 3, 3, 3, 3, 3, 3, 3, 3, 3, 3, 3, 3, 3, 3, 3, 3, 3, 3, 3, 3, 3, 3, 3, 3, 3, 3, 3, 3, 3, 3, 3, 3, 3, 3, 3, 3, 3, 3, 3, 3, 3, 3, 3, 3, 3, 3, 3, 3, 3, 3, 3, 3, 3, 3, 3, 3, 3, 3, 3, 3, 3, 3, 3, 3, 3, 3, 3, 3, 3, 3, 3, 3, 3, 3, 3, 3, 3, 3, 3, 3, 3, 3, 3, 3, 3, 3, 3, 3, 3, 3, 3, 3, 3, 3, 3, 3, 3, 3, 3, 3, 3, 3, 3, 3, 3, 3, 3, 3, 3, 3, 3, 3, 3, 3, 3, 3, 3, 3, 3, 3, 3, 3, 3, 3, 3, 3, 3, 3, 3, 3, 3, 3, 3, 3, 3, 3, 3, 3, 3, 3, 3, 3, 3, 3, 3, 3, 3, 3, 3, 3, 3, 3, 3, 3, 3, 3, 3, 3, 3, 3, 3, 3, 3, 3, 3, 3, 3, 3, 3, 3, 3, 3, 3, 3, 3, 3, 3, 3, 3, 3, 3, 3, 3, 3, 3, 3, 3, 3, 3, 3, 3, 3, 3, 3, 3, 3, 3, 3, 3, 3, 3, 3, 3, 3, 3, 3, 3, 3, 3, 3, 3, 3, 3, 3, 3, 3, 3, 3, 3, 3, 3, 3, 3, 3, 3, 3, 3, 3, 3, 3, 3, 3, 3, 3, 3, 3, 3, 3, 3, 3, 3, 3, 3, 3, 3, 3, 3, 3, 3, 3, 3, 3, 3, 3, 3, 3, 3, 3, 3, 3, 3, 3, 3, 3, 3, 3, 3, 3, 3, 3, 3, 3, 3, 3, 3, 3, 3, 3, 3, 3, 3, 3, 3, 3, 3, 3, 3, 3, 3, 3, 3, 3, 3, 3, 3, 3, 3, 3, 3, 3, 3, 3, 3, 3, 3, 3, 3, 3, 3, 3, 3, 3, 3, 3, 3, 3, 3, 3, 3, 3, 3, 3, 3, 3, 3, 3, 3, 3, 3, 3, 3, 3, 3, 3, 3, 3, 3, 3, 3, 3, 3, 3, 3, 3, 3, 3, 3, 3, 3, 3, 3, 3, 3, 3, 3, 3, 3, 3, 3, 3, 3, 3, 3, 3, 3, 3, 3, 3, 3, 3, 3, 3, 3, 3, 3, 3, 3, 3, 3, 3, 3, 3, 3, 3, 3, 3, 3, 3, 3, 3, 3, 3, 3, 3, 3, 3, 3, 3, 3, 3, 3, 3, 3, 3, 3, 3, 3, 3, 3, 3, 3, 3, 3, 3, 3, 3, 3, 3, 3, 3, 3, 3, 3, 3, 3, 3, 3, 3, 3, 3, 3, 3, 3, 3, 3, 3, 3, 3, 3, 3, 3, 3, 3, 3, 3, 3, 3, 3, 3, 3, 3, 3, 3, 3, 3, 3, 3, 3, 3, 3, 3, 3, 3, 3, 3, 3, 3, 3, 3, 3, 3, 3, 3, 3, 3, 3, 3, 3, 3, 3, 3, 3, 3, 3, 3, 3, 3, 3, 3, 3, 3, 3, 3, 3, 3, 3, 3, 3, 3, 3, 3, 3, 3, 3, 3, 3, 3, 3, 3, 3, 3, 3, 3, 3, 3, 3, 3, 3, 3, 3, 3, 3, 3, 3, 3, 3, 3, 3, 3, 3, 3, 3, 3, 3, 3, 3, 3, 3, 3, 3, 3, 3, 3, 3, 3, 3, 3, 3, 3, 3, 3, 3, 3, 3, 3, 3, 3, 3, 3, 3, 3, 3, 3, 3, 3, 3, 3, 3, 3, 3, 3, 3, 3, 3, 3, 3, 3, 3, 3, 3, 3, 3, 3, 3, 3, 3, 3, 3, 3, 3, 3, 3, 3, 3, 3, 3, 3, 3, 3, 3, 3, 3, 3, 3, 3, 3, 3, 3, 3, 3, 3, 3, 3, 3, 3, 3, 3, 3, 3, 3, 3, 3, 3, 3, 3, 3, 3, 3, 3, 3, 3, 3, 3, 3, 3, 3, 3, 3, 3, 3, 3, 3, 3, 3, 3, 3, 3, 3, 3, 3, 3, 3, 3, 3, 3, 3, 3, 3, 3, 3, 3, 3, 3, 3, 3, 3, 3, 3, 3, 3, 3, 3, 3, 3, 3, 3, 3, 3, 3, 3, 3, 3, 3, 3, 3, 3, 3, 3, 3, 3, 3, 3, 3, 3, 3, 3, 3, 3, 3, 3, 3, 3, 3, 3, 3, 3, 3, 3, 3, 3, 3, 3, 3, 3, 3, 3, 3, 3, 3, 3, 3, 3, 3, 3, 3, 3, 3, 3, 3, 3, 3, 3, 3, 3, 3, 3, 3, 3, 3, 3, 3, 3, 3, 3, 3, 3, 3, 3, 3, 3, 3, 3, 3, 3, 3, 3, 3, 3, 3, 3, 3, 3, 3, 3, 3, 3, 3, 3, 3, 3, 3, 3, 3, 3, 3, 3, 3, 3, 3, 3, 3, 3, 3, 3, 3, 3, 3, 3, 3, 3, 3, 3, 3, 3, 3, 3, 3, 3, 3, 3, 3, 3, 3, 3, 3, 3, 3, 3, 3, 3, 3, 3, 3, 3, 3, 3, 3, 3, 3, 3, 3, 3, 3, 3, 3, 3, 3, 3, 3, 3, 3, 3, 3, 3, 3, 3, 3, 3, 3, 3, 3, 3, 3, 3, 3, 3, 3, 3, 3, 3, 3, 3, 3, 3, 3, 3, 3, 3, 3, 3, 3, 3, 3, 3, 3, 3, 3, 3, 3, 3, 3, 3, 3, 3, 3, 3, 3, 3, 3, 3, 3, 3, 3, 3, 3, 3, 3, 3, 3, 3, 3, 3, 3, 3, 3, 3, 3, 3, 3, 3, 3, 3, 3, 3, 3, 3, 3, 3, 3, 3, 3, 3, 3, 3, 3, 3, 3, 3, 3, 3, 3, 3, 3, 3, 3, 3, 3, 3, 3, 3, 3, 3, 3, 3, 3, 3, 3, 3, 3, 3, 3, 3, 3, 3, 3, 3, 3, 3, 3, 3, 3, 3, 3, 3, 3, 3, 3, 3, 3, 3, 3, 3, 3, 3, 3, 3, 3, 3, 3, 3, 3, 3, 3, 3, 3, 3, 3, 3, 3, 3, 3, 3, 3, 3, 3, 3, 3, 3, 3, 3, 3, 3, 3, 3, 3, 3, 3, 3, 3, 3, 3, 3, 3, 3, 3, 3, 3, 3, 3, 3, 3, 3, 3, 3, 3, 3, 3, 3, 3, 3, 3, 3, 3, 3, 3, 3, 3, 3, 3, 3, 3, 3, 3, 3, 3, 3, 3, 3, 3, 3, 3, 3, 3, 3, 3, 3, 3, 3, 3, 3, 3, 3, 3, 3, 3, 3, 3, 3, 3, 3, 3, 3, 3, 3, 3, 3, 3, 3, 3, 3, 3, 3, 3, 3, 3, 3, 3, 3, 3, 3, 3, 3, 3, 3, 3, 3, 3, 3, 3, 3, 3, 3, 3, 3, 3, 3, 3, 3, 3, 3, 3, 3, 3, 3, 3, 3, 3, 3, 3, 3, 3, 3, 3, 3, 3, 3, 3, 3, 3, 3, 3, 3, 3, 3, 3, 3, 3, 3, 3, 3, 3, 3, 3, 3, 3, 3, 3, 3, 3, 3, 3, 3, 3, 3, 3, 3, 3, 3, 3, 3, 3, 3, 3, 3, 3, 3, 3, 3, 3, 3, 3, 3, 3, 3, 3, 3, 3, 3, 3, 3, 3, 3, 3, 3, 3, 3, 3, 3, 3, 3, 3, 3, 3, 3, 3, 3, 3, 3, 3, 3, 3, 3, 3, 3, 3, 3, 3, 3, 3, 3, 3, 3, 3, 3, 3, 3, 3, 3, 3, 3, 3, 3, 3, 3, 3, 3, 3, 3, 3, 3, 3, 3, 3, 3, 3, 3, 3, 3, 3, 3, 3, 3, 3, 3, 3, 3, 3, 3, 3, 3, 3, 3, 3, 3, 3, 3, 3, 3, 3, 3, 3, 3, 3, 3, 3, 3, 3, 3, 3, 3, 3, 3, 3, 3, 3, 3, 3, 3, 3, 3, 3, 3, 3, 3, 3, 3, 3, 3, 3, 3, 3, 3, 3, 3, 3, 3, 3, 3, 3, 3, 3, 3, 3, 3, 3, 3, 3, 3, 3, 3, 3, 3, 3, 3, 3, 3, 3, 3, 3, 3, 3, 3, 3, 3, 3, 3, 3, 3, 3, 3, 3, 3, 3, 3, 3, 3, 3, 3, 3, 3, 3, 3, 3, 3, 3, 3, 3, 3, 3, 3, 3, 3, 3, 3, 3, 3, 3, 3, 3, 3, 3, 3, 3, 3, 3, 3, 3, 3, 3, 3, 3, 3, 3, 3, 3, 3, 3, 3, 3, 3, 3, 3, 3, 3, 3, 3, 3, 3, 3, 3, 3, 3, 3, 3, 3, 3, 3, 3, 3, 3, 3, 3, 3, 3, 3, 3, 3, 3, 3, 3, 3, 3, 3, 3, 3, 3, 3, 3, 3, 3, 3, 3, 3, 3, 3, 3, 3, 3, 3, 3, 3, 3, 3, 3, 3, 3, 3, 3, 3, 3, 3, 3, 3, 3, 3, 3, 3, 3, 3, 3, 3, 3, 3, 3, 3, 3, 3, 3, 3, 3, 3, 3, 3, 3, 3, 3, 3, 3, 3, 3, 3, 3, 3, 3, 3, 3, 3, 3, 3, 3, 3, 3, 3, 3, 3, 3, 3, 3, 3, 3, 3, 3, 3, 3, 3, 3, 3, 3, 3, 3, 3, 3, 3, 3, 3, 3, 3, 3, 3, 3, 3, 3, 3, 3, 3, 3, 3, 3, 3, 3, 3, 3, 3, 3, 3, 3, 3, 3, 3, 3, 3, 3, 3, 3, 3, 3, 3, 3, 3, 3, 3, 3, 3, 3, 3, 3, 3, 3, 3, 3, 3, 3, 3, 3, 3, 3, 3, 3, 3, 3, 3, 3, 3, 3, 3, 3, 3, 3, 3, 3, 3, 3, 3, 3, 3, 3, 3, 3, 3, 3, 3, 3, 3, 3, 3, 3, 3, 3, 3, 3, 3, 3, 3, 3, 3, 3, 3, 3, 3, 3, 3, 3, 3, 3, 3, 3, 3, 3, 3, 3, 3, 3, 3, 3, 3, 3, 3, 3, 3, 3, 3, 3, 3, 3, 3, 3, 3, 3, 3, 3, 3, 3, 3, 3, 3, 3, 3, 3, 3, 3, 3, 3, 3, 3, 3, 3, 3, 3, 3, 3, 3, 3, 3, 3, 3, 3, 3, 3, 3, 3, 3, 3, 3, 3, 3, 3, 3, 3, 3, 3, 3, 3, 3, 3, 3, 3, 3, 3, 3, 3, 3, 3, 3, 3, 3, 3, 3, 3, 3, 3, 3, 3, 3, 3, 3, 3, 3, 3, 3, 3, 3, 3, 3, 3, 3, 3, 3, 3, 3, 3, 3, 3, 3, 3, 3, 3, 3, 3, 3, 3, 3, 3, 3, 3, 3, 3, 3, 3, 3, 3, 3, 3, 3, 3, 3, 3, 3, 3, 3, 3, 3, 3, 3, 3, 3, 3, 3, 3, 3, 3, 3, 3, 3, 3, 3, 3, 3, 3, 3, 3, 3, 3, 3, 3, 3, 3, 3, 3, 3, 3, 3, 3, 3, 3, 3, 3, 3, 3, 3, 3, 3, 3, 3, 3, 3, 3, 3, 3, 3, 3, 3, 3, 3, 3, 3, 3, 3, 3, 3, 3, 3, 3, 3, 3, 3, 3, 3, 3, 3, 3, 3, 3, 3, 3, 3, 3, 3, 3, 3, 3, 3, 3, 3, 3, 3, 3, 3, 3, 3, 3, 3, 3, 3, 3, 3, 3, 3, 3, 3, 3, 3, 3, 3, 3, 3, 3, 3, 3, 3, 3, 3, 3, 3, 3, 3, 3, 3, 3, 3, 3, 3, 3, 3, 3, 3, 3, 3, 3, 3, 3, 3, 3, 3, 3, 3, 3, 3, 3, 3, 3, 3, 3, 3, 3, 3, 3, 3, 3, 3, 3, 3, 3, 3, 3, 3, 3, 3, 3, 3, 3, 3, 3, 3, 3, 3, 3, 3, 3, 3, 3, 3, 3, 3, 3, 3, 3, 3, 3, 3, 3, 3, 3, 3, 3, 3, 3, 3, 3, 3, 3, 3, 3, 3, 3, 3, 3, 3, 3, 3, 3, 3, 3, 3, 3, 3, 3, 3, 3, 3, 3, 3, 3, 3, 3, 3, 3, 3, 3, 3, 3, 3, 3, 3, 3, 3, 3, 3, 3, 3, 3, 3, 3, 3, 3, 3, 3, 3, 3, 3, 3, 3, 3, 3, 3, 3, 3, 3, 3, 3, 3, 3, 3, 3, 3, 3, 3, 3, 3, 3, 3, 3, 3, 3, 3, 3, 3, 3, 3, 3, 3, 3, 3, 3, 3, 3, 3, 3, 3, 3, 3, 3, 3, 3, 3, 3, 3, 3, 3, 3, 3, 3, 3, 3, 3, 3, 3, 3, 3, 3, 3, 3, 3, 3, 3, 3, 3, 3, 3, 3, 3, 3, 3, 3, 3, 3, 3, 3, 3, 3, 3, 3, 3, 3, 3, 3, 3, 3, 3, 3, 3, 3, 3, 3, 3, 3, 3, 3, 3, 3, 3, 3, 3, 3, 3, 3, 3, 3, 3, 3, 3, 3, 3, 3, 3, 3, 3, 3, 3, 3, 3, 3, 3, 3, 3, 3, 3, 3, 3, 3, 3, 3, 3, 3, 3, 3, 3, 3, 3, 3, 3, 3, 3, 3, 3, 3, 3, 3, 3, 3, 3, 3, 3, 3, 3, 3, 3, 3, 3, 3, 3, 3, 3, 3, 3, 3, 3, 3, 3, 3, 3, 3, 3, 3, 3, 3, 3, 3, 3, 3, 3, 3, 3, 3, 3, 3, 3, 3, 3, 3, 3, 3, 3, 3, 3, 3, 3, 3, 3, 3, 3, 3, 3, 3, 3, 3, 3, 3, 3, 3, 3, 3, 3, 3, 3, 3, 3, 3, 3, 3, 3, 3, 3, 3, 3, 3, 3, 3, 3, 3, 3, 3, 3, 3, 3, 3, 3, 3, 3, 3, 3, 3, 3, 3, 3, 3, 3, 3, 3, 3, 3, 3, 3, 3, 3, 3, 3, 3, 3, 3, 3, 3, 3, 3, 3, 3, 3, 3, 3, 3, 3, 3, 3, 3, 3, 3, 3, 3, 3, 3, 3, 3, 3, 3, 3, 3, 3, 3, 3, 3, 3, 3, 3, 3, 3, 3, 3, 3, 3, 3, 3, 3, 3, 3, 3, 3, 3, 3, 3, 3, 3, 3, 3, 3, 3, 3, 3, 3, 3, 3, 3, 3, 3, 3, 3, 3, 3, 3, 3, 3, 3, 3, 3, 3, 3, 3, 3, 3, 3, 3, 3, 3, 3, 3, 3, 3, 3, 3, 3, 3, 3, 3, 3, 3, 3, 3, 3, 3, 3, 3, 3, 3, 3, 3, 3, 3, 3, 3, 3, 3, 3, 3, 3, 3, 3, 4, 4, 4, 4, 4, 4]
            int[] faceVertexIndices = [0, 1, 2, 3, 4, 5, 6, 7, 8, 9, 10, 11, 12, 13, 14, 15, 16, 17, 18, 19, 20, 21, 22, 23, 22, 24, 23, 24, 25, 23, 25, 24, 26, 27, 26, 24, 26, 28, 25, 27, 29, 26, 28, 30, 25, 30, 31, 25, 32, 28, 26, 26, 29, 32, 33, 30, 28, 32, 33, 28, 34, 29, 27, 27, 35, 34, 36, 34, 35, 37, 32, 29, 36, 38, 34, 36, 39, 38, 29, 34, 40, 29, 40, 37, 41, 34, 38, 41, 40, 34, 42, 38, 39, 42, 41, 38, 42, 39, 43, 44, 40, 41, 44, 41, 42, 40, 45, 37, 46, 44, 42, 44, 47, 40, 40, 47, 45, 48, 44, 46, 42, 48, 46, 48, 47, 44, 37, 45, 49, 32, 37, 49, 50, 32, 49, 32, 50, 33, 45, 51, 49, 49, 52, 50, 52, 49, 51, 33, 50, 53, 30, 33, 53, 50, 52, 54, 50, 55, 53, 55, 50, 54, 54, 52, 56, 52, 51, 56, 55, 54, 57, 55, 57, 53, 56, 58, 54, 54, 58, 57, 51, 59, 56, 56, 59, 58, 60, 51, 45, 47, 60, 45, 59, 51, 61, 61, 51, 60, 58, 59, 62, 63, 61, 60, 58, 62, 64, 64, 57, 58, 65, 61, 63, 65, 59, 61, 66, 63, 60, 65, 63, 67, 63, 66, 67, 60, 68, 66, 68, 60, 47, 66, 68, 69, 67, 66, 69, 47, 70, 68, 70, 69, 68, 70, 47, 71, 71, 47, 72, 47, 48, 72, 73, 71, 72, 48, 73, 72, 71, 74, 70, 73, 74, 71, 70, 75, 69, 48, 76, 73, 42, 76, 48, 77, 70, 74, 75, 70, 77, 78, 74, 73, 78, 77, 74, 73, 79, 78, 79, 73, 76, 75, 80, 69, 67, 69, 80, 75, 77, 81, 80, 75, 81, 67, 80, 82, 80, 81, 83, 82, 84, 67, 84, 65, 67, 80, 85, 82, 80, 83, 85, 84, 86, 65, 86, 59, 65, 82, 87, 84, 88, 86, 84, 87, 88, 84, 89, 87, 82, 82, 85, 89, 88, 87, 90, 90, 86, 88, 89, 91, 87, 91, 90, 87, 89, 85, 92, 89, 93, 91, 89, 92, 93, 91, 94, 90, 85, 95, 92, 85, 83, 95, 91, 96, 94, 90, 94, 97, 96, 97, 94, 98, 86, 90, 97, 98, 90, 98, 99, 86, 97, 99, 98, 99, 59, 86, 100, 96, 91, 100, 91, 93, 101, 59, 99, 59, 101, 62, 62, 101, 64, 102, 100, 93, 92, 102, 93, 102, 92, 103, 92, 95, 103, 100, 102, 104, 103, 105, 102, 104, 102, 105, 106, 103, 95, 103, 107, 105, 103, 106, 107, 105, 108, 104, 105, 107, 109, 109, 108, 105, 107, 110, 109, 104, 108, 111, 107, 112, 110, 106, 112, 107, 113, 108, 109, 113, 109, 110, 108, 114, 111, 108, 113, 114, 115, 104, 111, 100, 104, 115, 111, 114, 116, 116, 115, 111, 117, 114, 113, 116, 114, 117, 118, 100, 115, 115, 116, 119, 100, 118, 120, 100, 120, 96, 115, 121, 118, 121, 115, 119, 118, 122, 120, 122, 118, 121, 123, 96, 120, 96, 123, 97, 124, 120, 122, 120, 124, 123, 125, 124, 122, 125, 123, 124, 121, 126, 122, 122, 126, 125, 127, 97, 123, 121, 128, 126, 97, 127, 129, 129, 99, 97, 130, 128, 121, 121, 119, 130, 99, 129, 131, 131, 101, 99, 127, 132, 129, 129, 133, 131, 133, 129, 132, 131, 134, 101, 131, 133, 135, 134, 131, 135, 132, 136, 133, 136, 135, 133, 127, 137, 132, 123, 137, 127, 138, 136, 132, 138, 132, 137, 123, 139, 137, 123, 125, 139, 140, 138, 137, 137, 139, 141, 140, 137, 141, 125, 142, 139, 139, 142, 141, 138, 140, 143, 141, 144, 140, 143, 140, 144, 142, 144, 141, 143, 145, 138, 136, 138, 145, 136, 145, 135, 144, 146, 143, 145, 143, 146, 144, 147, 146, 148, 145, 146, 146, 147, 148, 142, 149, 144, 144, 150, 147, 149, 150, 144, 148, 147, 151, 149, 152, 150, 149, 142, 152, 147, 150, 153, 147, 153, 151, 154, 153, 150, 152, 154, 150, 153, 155, 151, 155, 153, 154, 148, 151, 156, 156, 145, 148, 151, 155, 157, 151, 157, 156, 158, 145, 156, 145, 158, 159, 158, 156, 159, 145, 159, 160, 135, 145, 160, 161, 159, 156, 160, 159, 161, 135, 160, 162, 163, 160, 161, 160, 163, 162, 135, 162, 164, 134, 135, 164, 101, 134, 164, 165, 164, 162, 163, 165, 162, 101, 164, 166, 165, 166, 164, 101, 166, 167, 167, 64, 101, 165, 168, 166, 165, 163, 168, 167, 166, 169, 167, 169, 64, 166, 168, 169, 170, 64, 169, 64, 170, 171, 57, 64, 171, 170, 169, 172, 171, 170, 172, 169, 168, 172, 57, 171, 53, 171, 173, 53, 171, 172, 173, 53, 173, 174, 175, 53, 174, 53, 175, 30, 173, 176, 174, 175, 174, 176, 177, 176, 173, 176, 31, 175, 176, 177, 178, 31, 179, 175, 175, 179, 30, 178, 177, 180, 181, 178, 180, 180, 182, 181, 177, 173, 183, 183, 180, 177, 172, 183, 173, 180, 184, 182, 184, 180, 183, 184, 185, 182, 183, 186, 184, 172, 186, 183, 185, 184, 187, 184, 186, 187, 185, 187, 188, 172, 189, 186, 187, 190, 188, 186, 190, 187, 172, 191, 189, 168, 191, 172, 189, 192, 186, 186, 192, 190, 193, 189, 191, 189, 193, 192, 168, 193, 191, 193, 194, 192, 190, 192, 194, 168, 195, 193, 194, 193, 195, 195, 168, 163, 196, 188, 190, 197, 188, 196, 198, 196, 190, 194, 198, 190, 199, 197, 196, 196, 198, 199, 199, 200, 197, 197, 200, 201, 202, 199, 198, 198, 194, 202, 201, 200, 203, 201, 203, 204, 204, 203, 205, 205, 203, 200, 204, 205, 206, 199, 207, 200, 207, 205, 200, 205, 208, 206, 206, 208, 209, 210, 207, 199, 202, 210, 199, 208, 211, 209, 205, 212, 208, 208, 212, 211, 209, 211, 213, 209, 213, 214, 213, 215, 214, 216, 215, 213, 213, 211, 217, 217, 216, 213, 218, 215, 216, 218, 216, 217, 215, 218, 219, 217, 211, 220, 212, 220, 211, 221, 219, 218, 219, 221, 222, 221, 223, 222, 224, 221, 218, 225, 223, 221, 226, 224, 218, 218, 217, 226, 221, 224, 227, 221, 227, 225, 224, 226, 227, 228, 223, 225, 227, 228, 225, 229, 223, 228, 230, 229, 228, 231, 230, 228, 230, 231, 232, 232, 231, 233, 231, 228, 234, 228, 227, 234, 233, 231, 235, 235, 231, 234, 235, 236, 233, 237, 234, 227, 235, 238, 236, 234, 239, 235, 235, 239, 238, 234, 237, 239, 240, 236, 238, 241, 236, 240, 241, 240, 242, 240, 238, 243, 238, 239, 243, 240, 243, 244, 244, 243, 239, 244, 242, 240, 239, 245, 244, 242, 244, 246, 244, 245, 246, 247, 245, 239, 239, 237, 247, 246, 245, 248, 237, 227, 249, 226, 249, 227, 237, 249, 250, 237, 250, 247, 226, 251, 249, 251, 250, 249, 226, 252, 251, 226, 217, 252, 250, 251, 253, 251, 252, 253, 217, 254, 252, 220, 254, 217, 252, 254, 255, 220, 255, 254, 253, 252, 256, 252, 255, 256, 250, 253, 257, 258, 256, 255, 253, 256, 258, 259, 250, 257, 259, 247, 250, 253, 260, 257, 260, 259, 257, 258, 260, 253, 259, 261, 247, 261, 245, 247, 262, 259, 260, 245, 261, 263, 245, 263, 248, 263, 261, 264, 265, 248, 263, 264, 265, 263, 246, 248, 265, 261, 266, 264, 266, 261, 259, 265, 264, 266, 266, 259, 267, 267, 259, 262, 265, 266, 268, 266, 267, 268, 268, 269, 265, 270, 265, 269, 265, 270, 246, 268, 271, 269, 269, 271, 270, 268, 267, 272, 268, 272, 273, 271, 268, 273, 272, 267, 274, 272, 274, 273, 267, 275, 274, 262, 275, 267, 273, 274, 276, 262, 277, 275, 278, 273, 276, 273, 278, 271, 279, 277, 262, 262, 260, 279, 258, 279, 260, 277, 279, 280, 280, 279, 258, 281, 277, 280, 281, 280, 258, 282, 277, 281, 277, 282, 283, 277, 283, 275, 282, 281, 284, 282, 284, 283, 285, 275, 283, 285, 274, 275, 286, 283, 284, 283, 286, 285, 284, 287, 286, 286, 287, 285, 285, 288, 274, 276, 274, 288, 288, 285, 289, 276, 288, 290, 290, 278, 276, 288, 289, 291, 291, 289, 285, 288, 291, 290, 287, 292, 285, 285, 292, 291, 287, 293, 292, 293, 291, 292, 294, 293, 287, 295, 291, 293, 295, 293, 294, 296, 290, 291, 291, 295, 297, 297, 296, 291, 290, 296, 298, 278, 290, 298, 296, 297, 299, 299, 298, 296, 278, 298, 300, 278, 300, 271, 298, 299, 301, 302, 271, 300, 271, 302, 270, 303, 300, 298, 304, 298, 301, 303, 298, 304, 304, 301, 299, 300, 303, 305, 302, 300, 305, 306, 270, 302, 306, 302, 307, 307, 302, 305, 308, 270, 306, 306, 307, 308, 309, 270, 308, 270, 309, 246, 242, 246, 309, 242, 309, 310, 311, 242, 310, 311, 310, 312, 310, 309, 312, 311, 312, 313, 314, 312, 309, 313, 312, 314, 309, 308, 314, 313, 314, 315, 314, 308, 315, 316, 313, 315, 308, 317, 315, 308, 307, 317, 316, 315, 318, 317, 307, 319, 318, 315, 320, 321, 320, 315, 321, 315, 317, 320, 321, 318, 321, 317, 322, 317, 319, 322, 321, 322, 318, 319, 307, 323, 319, 323, 322, 324, 323, 307, 307, 305, 324, 323, 324, 325, 305, 326, 324, 325, 324, 326, 323, 325, 327, 326, 327, 325, 322, 323, 327, 305, 328, 326, 305, 303, 328, 327, 326, 329, 303, 330, 328, 331, 326, 328, 331, 328, 330, 329, 326, 331, 332, 330, 303, 332, 331, 330, 332, 303, 304, 329, 331, 333, 327, 329, 334, 329, 333, 334, 335, 327, 334, 322, 327, 335, 336, 334, 333, 336, 335, 334, 337, 333, 331, 337, 331, 338, 332, 338, 331, 339, 333, 337, 339, 337, 338, 336, 333, 339, 338, 332, 340, 332, 341, 340, 338, 340, 341, 304, 341, 332, 342, 338, 341, 342, 339, 338, 304, 343, 341, 343, 342, 341, 344, 343, 304, 344, 304, 345, 304, 346, 345, 344, 345, 346, 304, 299, 346, 347, 343, 344, 344, 346, 347, 299, 348, 346, 346, 348, 347, 342, 343, 349, 343, 347, 349, 350, 348, 299, 348, 351, 347, 351, 348, 350, 350, 299, 352, 297, 352, 299, 350, 353, 351, 347, 351, 353, 354, 352, 297, 352, 354, 350, 297, 295, 354, 350, 355, 353, 356, 354, 295, 295, 294, 356, 357, 350, 354, 357, 355, 350, 354, 356, 358, 354, 359, 357, 358, 359, 354, 360, 358, 356, 358, 360, 359, 361, 357, 359, 362, 357, 361, 357, 362, 355, 361, 359, 363, 362, 361, 363, 363, 359, 360, 364, 355, 362, 363, 364, 362, 360, 356, 365, 363, 360, 366, 365, 366, 360, 365, 356, 367, 356, 294, 367, 366, 365, 368, 368, 365, 367, 368, 369, 366, 368, 367, 369, 370, 363, 366, 294, 371, 367, 370, 366, 372, 372, 366, 369, 371, 294, 373, 287, 373, 294, 287, 284, 373, 374, 367, 371, 369, 367, 374, 371, 373, 375, 371, 375, 374, 376, 373, 284, 375, 373, 377, 377, 373, 376, 375, 378, 374, 377, 379, 375, 379, 378, 375, 378, 380, 374, 369, 374, 380, 381, 378, 379, 381, 380, 378, 382, 379, 377, 376, 382, 377, 383, 381, 379, 383, 379, 382, 284, 384, 376, 284, 281, 384, 376, 385, 382, 376, 384, 385, 384, 281, 386, 258, 386, 281, 384, 387, 385, 387, 384, 386, 258, 388, 386, 255, 388, 258, 388, 255, 389, 389, 386, 388, 255, 220, 389, 386, 390, 387, 386, 389, 390, 391, 385, 387, 387, 390, 391, 385, 391, 382, 389, 220, 392, 220, 212, 392, 390, 389, 393, 389, 392, 393, 394, 392, 212, 393, 392, 394, 394, 212, 205, 393, 395, 390, 393, 394, 395, 390, 395, 391, 205, 207, 394, 394, 207, 396, 207, 397, 396, 394, 396, 397, 394, 397, 395, 397, 207, 210, 398, 395, 397, 397, 210, 398, 395, 398, 399, 395, 399, 391, 400, 398, 210, 210, 202, 400, 398, 401, 399, 399, 401, 391, 398, 400, 401, 402, 391, 401, 402, 382, 391, 383, 382, 402, 403, 402, 401, 383, 402, 403, 401, 404, 403, 404, 383, 403, 400, 404, 401, 405, 383, 404, 383, 405, 381, 406, 404, 400, 406, 400, 202, 404, 407, 405, 407, 404, 406, 406, 202, 408, 194, 408, 202, 406, 408, 409, 407, 406, 409, 408, 194, 410, 408, 410, 409, 410, 194, 195, 411, 410, 195, 409, 410, 411, 163, 411, 195, 409, 411, 412, 411, 163, 412, 412, 413, 409, 412, 163, 413, 407, 409, 413, 413, 163, 161, 414, 407, 413, 161, 415, 413, 415, 414, 413, 161, 156, 415, 414, 416, 407, 414, 415, 416, 405, 407, 416, 156, 417, 415, 157, 417, 156, 415, 418, 416, 418, 415, 417, 419, 405, 416, 416, 418, 419, 419, 381, 405, 417, 420, 418, 420, 419, 418, 381, 419, 420, 420, 417, 157, 381, 420, 380, 420, 157, 421, 422, 380, 420, 422, 420, 421, 422, 421, 380, 155, 421, 157, 421, 369, 380, 155, 423, 421, 424, 369, 421, 421, 423, 424, 369, 424, 372, 154, 423, 155, 425, 424, 423, 425, 423, 154, 424, 426, 372, 425, 426, 424, 426, 370, 372, 154, 427, 425, 427, 426, 425, 428, 427, 154, 427, 428, 426, 429, 428, 154, 152, 429, 154, 428, 430, 426, 429, 152, 431, 430, 432, 426, 370, 426, 432, 433, 432, 430, 433, 430, 428, 432, 434, 370, 433, 434, 432, 435, 428, 429, 431, 435, 429, 433, 436, 434, 437, 435, 431, 436, 433, 438, 428, 438, 433, 435, 439, 428, 428, 439, 438, 437, 439, 435, 436, 440, 434, 436, 438, 440, 441, 370, 434, 440, 441, 434, 363, 370, 441, 441, 364, 363, 442, 364, 441, 441, 440, 442, 443, 364, 442, 443, 355, 364, 444, 443, 442, 444, 355, 443, 440, 445, 442, 446, 444, 442, 445, 446, 442, 447, 355, 444, 444, 446, 447, 448, 445, 440, 445, 448, 446, 449, 448, 440, 438, 449, 440, 450, 446, 448, 438, 451, 449, 449, 451, 448, 448, 452, 450, 446, 450, 452, 453, 448, 451, 453, 452, 448, 451, 438, 454, 438, 439, 454, 455, 453, 451, 454, 456, 451, 455, 451, 456, 457, 456, 454, 456, 458, 455, 457, 458, 456, 459, 453, 455, 459, 455, 458, 460, 457, 454, 454, 439, 460, 453, 459, 461, 458, 461, 459, 460, 439, 462, 463, 462, 439, 463, 439, 437, 464, 462, 463, 464, 460, 462, 437, 464, 463, 457, 460, 465, 465, 460, 464, 466, 458, 457, 457, 465, 466, 467, 465, 464, 465, 468, 466, 465, 467, 468, 467, 464, 469, 469, 464, 437, 467, 469, 470, 467, 470, 468, 437, 471, 469, 469, 471, 470, 471, 437, 472, 431, 472, 437, 472, 431, 152, 473, 472, 152, 473, 152, 142, 473, 474, 472, 472, 474, 471, 473, 142, 475, 475, 474, 473, 125, 475, 142, 475, 125, 126, 126, 474, 475, 126, 128, 474, 471, 474, 128, 128, 476, 471, 471, 476, 470, 128, 130, 476, 476, 477, 470, 476, 130, 478, 477, 476, 478, 470, 477, 479, 479, 468, 470, 478, 130, 480, 119, 480, 130, 479, 481, 468, 466, 468, 481, 119, 482, 480, 119, 116, 482, 117, 482, 116, 482, 483, 480, 482, 117, 483, 484, 480, 483, 485, 483, 117, 483, 485, 484, 486, 480, 484, 478, 480, 486, 486, 487, 478, 477, 478, 487, 486, 484, 488, 486, 488, 487, 489, 477, 487, 479, 477, 489, 488, 490, 487, 489, 487, 490, 488, 484, 491, 484, 485, 491, 492, 490, 488, 492, 488, 491, 493, 490, 492, 493, 492, 491, 494, 489, 490, 490, 493, 495, 490, 495, 494, 496, 493, 491, 497, 495, 493, 497, 493, 496, 494, 495, 498, 496, 491, 499, 499, 491, 485, 500, 494, 498, 489, 494, 500, 501, 498, 495, 498, 501, 500, 495, 497, 502, 502, 501, 495, 496, 503, 497, 503, 502, 497, 496, 504, 503, 496, 499, 504, 505, 502, 503, 506, 503, 504, 502, 505, 507, 501, 502, 507, 508, 503, 506, 505, 503, 508, 504, 509, 506, 509, 508, 506, 504, 499, 510, 504, 510, 509, 511, 505, 508, 512, 510, 499, 505, 511, 513, 513, 507, 505, 508, 514, 511, 508, 509, 514, 515, 513, 511, 516, 511, 514, 515, 511, 516, 507, 513, 517, 515, 518, 513, 513, 518, 517, 507, 517, 519, 507, 519, 501, 520, 517, 518, 520, 519, 517, 518, 521, 520, 515, 522, 518, 521, 518, 522, 520, 521, 523, 523, 519, 520, 524, 521, 522, 523, 521, 524, 525, 522, 515, 515, 516, 525, 524, 522, 526, 522, 525, 526, 523, 524, 527, 524, 526, 528, 528, 527, 524, 525, 529, 526, 526, 529, 528, 523, 527, 530, 523, 530, 519, 525, 531, 529, 519, 530, 532, 533, 531, 525, 516, 533, 525, 529, 531, 534, 529, 534, 528, 533, 516, 535, 516, 514, 535, 514, 536, 535, 509, 536, 514, 536, 537, 535, 536, 509, 538, 538, 537, 536, 533, 535, 539, 537, 539, 535, 509, 540, 538, 539, 537, 541, 542, 540, 509, 509, 510, 542, 540, 543, 538, 542, 543, 540, 538, 544, 537, 537, 544, 541, 543, 545, 538, 538, 545, 544, 545, 543, 546, 545, 547, 544, 547, 545, 546, 543, 548, 546, 548, 543, 542, 547, 546, 549, 548, 549, 546, 547, 550, 544, 550, 541, 544, 549, 551, 547, 550, 547, 552, 552, 547, 551, 550, 553, 541, 551, 554, 552, 554, 551, 549, 550, 555, 553, 552, 555, 550, 541, 553, 556, 553, 555, 557, 553, 557, 556, 558, 541, 556, 541, 558, 539, 558, 559, 539, 539, 559, 533, 558, 556, 560, 561, 533, 559, 558, 562, 559, 558, 560, 562, 559, 562, 561, 533, 561, 531, 563, 562, 560, 563, 560, 556, 561, 562, 564, 562, 563, 564, 561, 565, 531, 556, 566, 563, 557, 566, 556, 567, 531, 565, 567, 534, 531, 568, 566, 557, 563, 566, 568, 567, 569, 534, 565, 570, 567, 567, 570, 569, 534, 569, 571, 528, 534, 571, 570, 572, 569, 569, 572, 571, 573, 570, 565, 565, 561, 573, 573, 561, 574, 574, 561, 564, 574, 575, 573, 564, 575, 574, 573, 576, 570, 564, 577, 575, 563, 577, 564, 575, 578, 573, 576, 573, 578, 579, 575, 577, 563, 579, 577, 575, 580, 578, 580, 575, 579, 579, 563, 581, 581, 580, 579, 581, 563, 582, 568, 582, 563, 583, 578, 580, 578, 583, 576, 568, 584, 582, 583, 585, 576, 582, 584, 586, 581, 582, 586, 587, 584, 568, 587, 586, 584, 587, 568, 588, 568, 557, 588, 557, 589, 588, 589, 557, 555, 555, 590, 589, 589, 590, 588, 590, 555, 552, 591, 587, 588, 592, 590, 552, 593, 591, 588, 588, 590, 593, 592, 552, 594, 594, 590, 592, 552, 554, 594, 590, 595, 593, 594, 596, 590, 596, 595, 590, 595, 597, 593, 591, 593, 597, 598, 595, 596, 597, 595, 598, 596, 594, 599, 600, 591, 597, 601, 599, 594, 594, 554, 601, 602, 587, 591, 591, 600, 602, 586, 587, 602, 601, 554, 603, 603, 599, 601, 604, 603, 554, 599, 605, 596, 605, 598, 596, 603, 606, 599, 607, 605, 599, 606, 607, 599, 603, 608, 606, 603, 604, 608, 607, 606, 609, 608, 609, 606, 607, 610, 605, 607, 609, 610, 608, 611, 609, 611, 608, 604, 612, 609, 611, 610, 609, 612, 604, 613, 611, 610, 614, 605, 605, 614, 598, 611, 613, 615, 611, 615, 612, 614, 616, 598, 615, 617, 612, 618, 598, 616, 598, 618, 597, 600, 597, 618, 614, 619, 616, 618, 616, 620, 620, 616, 619, 614, 621, 619, 610, 621, 614, 620, 619, 622, 623, 619, 621, 619, 623, 622, 621, 610, 624, 624, 623, 621, 625, 624, 610, 612, 625, 610, 622, 623, 626, 627, 625, 612, 617, 627, 612, 628, 624, 625, 628, 625, 627, 624, 629, 623, 628, 629, 624, 629, 626, 623, 628, 627, 630, 626, 631, 622, 631, 620, 622, 630, 627, 632, 617, 632, 627, 633, 628, 630, 633, 630, 632, 633, 634, 628, 629, 628, 634, 633, 635, 634, 636, 626, 629, 626, 636, 631, 637, 635, 633, 633, 632, 637, 634, 635, 638, 638, 629, 634, 635, 637, 639, 640, 629, 638, 637, 641, 639, 632, 641, 637, 640, 642, 629, 629, 642, 636, 638, 643, 640, 644, 636, 642, 636, 644, 631, 642, 640, 645, 645, 640, 643, 646, 644, 642, 642, 645, 646, 647, 645, 643, 638, 647, 643, 645, 648, 646, 648, 645, 647, 644, 646, 649, 648, 650, 646, 646, 650, 649, 644, 651, 631, 649, 652, 644, 644, 652, 651, 631, 651, 653, 631, 653, 620, 653, 618, 620, 654, 651, 652, 654, 653, 651, 655, 618, 653, 618, 655, 600, 656, 653, 654, 655, 653, 656, 652, 657, 654, 658, 600, 655, 652, 659, 657, 659, 652, 649, 660, 654, 657, 659, 660, 657, 661, 654, 660, 661, 656, 654, 662, 660, 659, 661, 660, 662, 663, 659, 649, 650, 663, 649, 661, 664, 656, 665, 663, 650, 666, 664, 661, 666, 661, 662, 656, 664, 667, 664, 666, 668, 668, 667, 664, 655, 656, 669, 667, 669, 656, 658, 655, 669, 670, 667, 668, 658, 669, 671, 672, 669, 667, 671, 673, 658, 658, 673, 600, 673, 602, 600, 674, 672, 667, 667, 670, 674, 675, 669, 672, 672, 674, 675, 671, 669, 675, 676, 602, 673, 676, 673, 671, 676, 677, 602, 677, 586, 602, 678, 676, 671, 671, 675, 678, 676, 679, 677, 676, 678, 679, 680, 677, 679, 677, 680, 586, 678, 681, 679, 681, 680, 679, 681, 678, 675, 682, 586, 680, 675, 683, 681, 683, 675, 674, 680, 681, 684, 680, 684, 682, 685, 683, 674, 670, 685, 674, 685, 686, 683, 685, 670, 686, 681, 683, 686, 687, 684, 681, 686, 687, 681, 688, 684, 687, 688, 682, 684, 689, 687, 686, 690, 586, 682, 690, 581, 586, 690, 682, 691, 690, 691, 581, 682, 692, 691, 692, 682, 688, 693, 581, 691, 581, 693, 580, 691, 692, 694, 691, 694, 693, 693, 695, 580, 580, 695, 696, 696, 583, 580, 583, 696, 695, 695, 693, 697, 697, 583, 695, 694, 697, 693, 697, 698, 583, 697, 694, 699, 697, 699, 698, 700, 583, 698, 698, 699, 700, 583, 700, 585, 699, 694, 701, 701, 694, 692, 702, 585, 700, 576, 585, 702, 702, 570, 576, 701, 692, 703, 688, 703, 692, 570, 702, 704, 704, 572, 570, 703, 688, 705, 572, 704, 706, 707, 572, 706, 571, 572, 707, 708, 706, 704, 706, 708, 707, 709, 704, 702, 704, 709, 708, 710, 709, 702, 702, 700, 710, 708, 711, 707, 571, 707, 711, 708, 709, 712, 713, 571, 711, 709, 710, 714, 712, 709, 714, 715, 571, 713, 715, 528, 571, 711, 716, 713, 717, 528, 715, 527, 528, 717, 715, 713, 718, 716, 718, 713, 718, 719, 715, 711, 720, 716, 711, 708, 720, 718, 716, 721, 718, 721, 719, 720, 708, 722, 708, 712, 722, 719, 723, 715, 723, 717, 715, 723, 719, 724, 721, 724, 719, 723, 725, 717, 724, 721, 726, 725, 727, 717, 527, 717, 727, 728, 724, 726, 728, 726, 729, 726, 721, 729, 724, 728, 730, 731, 729, 721, 716, 731, 721, 729, 731, 732, 732, 731, 733, 734, 724, 730, 723, 724, 734, 735, 734, 730, 734, 736, 723, 734, 735, 736, 725, 723, 736, 736, 735, 737, 737, 735, 738, 736, 739, 725, 737, 739, 736, 727, 725, 739, 738, 740, 737, 739, 737, 740, 738, 741, 740, 742, 727, 739, 740, 742, 739, 727, 742, 527, 742, 743, 527, 743, 742, 740, 530, 527, 743, 530, 743, 532, 740, 532, 743, 740, 741, 744, 744, 532, 740, 745, 744, 741, 741, 746, 745, 747, 745, 746, 744, 748, 532, 749, 745, 747, 750, 749, 747, 751, 744, 745, 745, 749, 751, 744, 752, 748, 752, 744, 751, 532, 748, 753, 753, 748, 752, 532, 753, 519, 519, 753, 754, 519, 754, 501, 755, 753, 752, 754, 753, 755, 754, 756, 501, 500, 501, 756, 756, 754, 757, 755, 757, 754, 758, 500, 756, 758, 756, 757, 500, 758, 489, 757, 755, 759, 760, 489, 758, 479, 489, 760, 760, 481, 479, 759, 755, 761, 752, 761, 755, 481, 760, 762, 762, 760, 758, 763, 761, 752, 763, 752, 751, 764, 759, 761, 761, 763, 764, 764, 757, 759, 763, 751, 765, 763, 765, 764, 766, 757, 764, 757, 766, 758, 767, 766, 764, 767, 764, 765, 768, 758, 766, 766, 767, 768, 768, 762, 758, 769, 765, 751, 769, 751, 749, 770, 762, 768, 770, 481, 762, 769, 749, 771, 750, 771, 749, 771, 750, 772, 773, 765, 769, 771, 773, 769, 767, 765, 773, 771, 772, 774, 775, 774, 772, 776, 771, 774, 776, 773, 771, 775, 777, 774, 777, 776, 774, 777, 775, 778, 779, 773, 776, 779, 776, 777, 779, 780, 773, 781, 779, 777, 781, 780, 779, 778, 782, 777, 780, 783, 773, 767, 773, 783, 784, 782, 778, 785, 784, 778, 782, 786, 777, 777, 786, 781, 785, 787, 784, 787, 785, 788, 782, 784, 789, 782, 789, 786, 787, 790, 784, 789, 784, 790, 791, 787, 788, 787, 791, 790, 788, 792, 791, 789, 793, 786, 786, 793, 781, 790, 794, 789, 793, 789, 794, 790, 795, 794, 790, 796, 795, 791, 796, 790, 794, 795, 797, 792, 798, 791, 799, 798, 792, 797, 800, 794, 800, 793, 794, 799, 801, 798, 799, 802, 801, 803, 791, 798, 803, 796, 791, 801, 804, 798, 803, 798, 804, 802, 805, 801, 806, 805, 802, 801, 807, 804, 807, 801, 805, 807, 808, 804, 807, 805, 809, 807, 809, 808, 805, 806, 810, 809, 805, 810, 811, 810, 806, 811, 806, 812, 813, 811, 812, 810, 811, 813, 814, 813, 812, 815, 809, 810, 813, 816, 810, 815, 810, 816, 813, 817, 816, 815, 816, 818, 818, 816, 817, 813, 819, 817, 819, 813, 814, 820, 818, 817, 820, 817, 819, 821, 815, 818, 818, 820, 821, 815, 822, 809, 809, 822, 808, 823, 815, 821, 815, 823, 822, 824, 823, 821, 821, 820, 824, 825, 823, 824, 826, 823, 825, 826, 822, 823, 824, 827, 825, 825, 828, 826, 825, 827, 828, 822, 826, 829, 830, 826, 828, 830, 829, 826, 828, 827, 831, 828, 831, 830, 827, 824, 832, 833, 831, 827, 832, 833, 827, 824, 834, 832, 820, 834, 824, 835, 833, 832, 834, 836, 832, 836, 835, 832, 834, 820, 837, 836, 838, 835, 836, 834, 839, 837, 839, 834, 838, 836, 840, 836, 839, 840, 840, 839, 841, 842, 835, 838, 835, 842, 833, 838, 843, 842, 844, 842, 843, 839, 845, 841, 837, 845, 839, 845, 837, 841, 846, 841, 837, 846, 837, 847, 837, 820, 847, 847, 848, 846, 849, 846, 848, 850, 847, 820, 847, 850, 848, 819, 850, 820, 819, 848, 850, 848, 851, 849, 848, 819, 852, 848, 852, 851, 814, 852, 819, 853, 852, 814, 853, 851, 852, 814, 854, 853, 853, 854, 855, 853, 855, 856, 856, 851, 853, 851, 856, 857, 858, 851, 857, 856, 859, 857, 833, 842, 860, 833, 860, 831, 842, 861, 860, 861, 842, 844, 860, 862, 831, 863, 861, 844, 844, 864, 863, 861, 865, 860, 863, 864, 866, 864, 867, 866, 861, 863, 868, 868, 863, 866, 865, 861, 868, 866, 867, 869, 869, 868, 866, 869, 867, 870, 871, 870, 867, 872, 868, 869, 870, 871, 873, 869, 870, 873, 871, 874, 873, 874, 871, 875, 874, 875, 876, 876, 873, 874, 869, 873, 877, 872, 869, 877, 876, 878, 873, 873, 879, 877, 879, 873, 878, 879, 880, 877, 880, 872, 877, 879, 878, 881, 879, 881, 880, 878, 876, 882, 882, 881, 878, 872, 880, 883, 884, 882, 876, 876, 885, 884, 885, 886, 884, 880, 887, 883, 881, 887, 880, 888, 872, 883, 872, 888, 868, 865, 868, 888, 883, 887, 889, 883, 889, 888, 865, 888, 890, 890, 860, 865, 862, 860, 890, 891, 890, 888, 891, 888, 889, 862, 890, 892, 893, 890, 891, 892, 890, 893, 891, 894, 893, 893, 894, 892, 894, 891, 895, 895, 891, 889, 892, 894, 896, 896, 894, 895, 897, 862, 892, 831, 862, 897, 830, 831, 897, 897, 892, 898, 898, 892, 896, 897, 899, 830, 900, 897, 898, 900, 899, 897, 896, 900, 898, 830, 899, 901, 901, 829, 830, 901, 899, 902, 902, 899, 900, 901, 903, 829, 901, 902, 903, 903, 822, 829, 903, 902, 904, 903, 904, 822, 904, 905, 822, 905, 808, 822, 904, 902, 906, 905, 904, 906, 905, 907, 808, 906, 907, 905, 908, 808, 907, 808, 908, 804, 804, 908, 803, 909, 907, 906, 803, 908, 910, 909, 911, 907, 908, 907, 911, 910, 912, 803, 908, 912, 910, 908, 911, 912, 803, 912, 796, 796, 912, 913, 912, 911, 913, 913, 795, 796, 913, 797, 795, 797, 913, 914, 914, 800, 797, 915, 913, 911, 911, 909, 915, 914, 913, 916, 914, 916, 800, 916, 913, 915, 800, 916, 917, 800, 917, 793, 918, 915, 909, 906, 918, 909, 916, 915, 919, 920, 918, 906, 906, 902, 920, 902, 900, 920, 915, 918, 921, 921, 919, 915, 922, 920, 900, 922, 900, 896, 922, 923, 920, 920, 923, 918, 896, 924, 922, 924, 923, 922, 921, 918, 925, 921, 925, 919, 926, 918, 923, 918, 926, 925, 923, 924, 927, 926, 923, 927, 928, 924, 896, 895, 928, 896, 924, 929, 927, 924, 928, 929, 926, 927, 930, 927, 929, 930, 929, 928, 931, 929, 931, 930, 932, 928, 895, 928, 932, 931, 933, 932, 895, 934, 933, 895, 895, 889, 934, 935, 932, 933, 933, 934, 935, 932, 936, 931, 932, 935, 936, 937, 934, 889, 937, 889, 887, 938, 937, 887, 881, 938, 887, 938, 939, 937, 934, 937, 939, 938, 881, 940, 939, 938, 940, 934, 939, 941, 939, 940, 941, 942, 934, 941, 935, 934, 942, 336, 941, 940, 336, 339, 941, 942, 941, 339, 336, 940, 943, 336, 943, 335, 881, 944, 940, 940, 944, 943, 882, 944, 881, 945, 335, 943, 946, 943, 944, 882, 946, 944, 943, 946, 945, 335, 945, 322, 947, 946, 882, 946, 947, 945, 948, 947, 882, 948, 882, 884, 949, 945, 947, 949, 322, 945, 950, 947, 948, 884, 950, 948, 947, 950, 949, 884, 886, 950, 886, 316, 950, 950, 316, 318, 322, 949, 951, 951, 949, 950, 951, 318, 322, 951, 950, 318, 942, 339, 952, 952, 339, 342, 952, 953, 942, 953, 935, 942, 954, 952, 342, 952, 954, 953, 954, 342, 955, 955, 342, 349, 954, 956, 953, 954, 955, 957, 957, 955, 349, 954, 957, 956, 935, 953, 958, 953, 956, 958, 936, 935, 958, 349, 959, 957, 347, 959, 349, 960, 957, 959, 960, 959, 347, 961, 956, 957, 961, 958, 956, 957, 960, 962, 961, 957, 962, 347, 963, 960, 347, 353, 963, 960, 963, 964, 964, 962, 960, 963, 353, 965, 353, 355, 965, 447, 965, 355, 965, 966, 963, 963, 966, 964, 447, 966, 965, 966, 967, 964, 962, 964, 967, 968, 966, 447, 966, 968, 967, 447, 969, 968, 970, 967, 968, 970, 968, 969, 969, 447, 971, 447, 446, 971, 972, 971, 446, 969, 971, 972, 452, 972, 446, 969, 972, 973, 452, 973, 972, 970, 969, 974, 973, 974, 969, 974, 975, 970, 970, 975, 967, 973, 976, 974, 976, 975, 974, 452, 977, 973, 977, 976, 973, 978, 977, 452, 978, 452, 453, 453, 979, 978, 979, 977, 978, 461, 979, 453, 980, 977, 979, 461, 980, 979, 976, 977, 981, 461, 982, 980, 981, 983, 976, 983, 975, 976, 980, 984, 977, 980, 982, 984, 985, 981, 977, 977, 984, 985, 985, 986, 981, 985, 984, 986, 983, 981, 987, 981, 986, 987, 988, 983, 987, 983, 988, 975, 989, 986, 984, 989, 984, 982, 990, 986, 989, 990, 991, 986, 991, 987, 986, 990, 989, 991, 987, 992, 988, 992, 987, 991, 992, 993, 988, 991, 994, 992, 993, 995, 988, 996, 992, 994, 993, 992, 996, 988, 995, 997, 988, 997, 975, 993, 998, 995, 997, 999, 975, 993, 1000, 998, 996, 1000, 993, 1001, 975, 999, 999, 997, 1001, 975, 1001, 967, 1002, 997, 995, 1001, 997, 1002, 967, 1001, 1003, 1003, 962, 967, 1001, 1004, 1003, 1003, 1004, 962, 1002, 1004, 1001, 961, 962, 1004, 961, 1004, 1002, 1005, 1002, 995, 1002, 1005, 961, 998, 1005, 995, 961, 1005, 1006, 958, 961, 1006, 1005, 998, 1007, 1000, 1007, 998, 958, 1006, 1008, 1008, 936, 958, 1009, 1006, 1005, 1007, 1009, 1005, 1010, 1008, 1006, 1010, 1006, 1009, 936, 1008, 1010, 1011, 1010, 1009, 1007, 1011, 1009, 936, 1010, 1012, 1011, 1012, 1010, 1012, 1011, 936, 1011, 1013, 936, 931, 936, 1013, 1013, 930, 931, 1014, 1013, 1011, 930, 1013, 1014, 1011, 1007, 1014, 930, 1014, 1007, 1015, 930, 1007, 926, 930, 1015, 925, 926, 1015, 1016, 1007, 1000, 1015, 1007, 1016, 996, 1016, 1000, 1015, 1017, 925, 1017, 919, 925, 1018, 1015, 1016, 1015, 1018, 1017, 996, 1018, 1016, 919, 1017, 1019, 1018, 1019, 1017, 919, 1019, 916, 1019, 1018, 1020, 996, 1020, 1018, 916, 1019, 1021, 1021, 1019, 1020, 917, 916, 1021, 1022, 1020, 996, 917, 1021, 1023, 1024, 1021, 1020, 1023, 1021, 1024, 1024, 1020, 1022, 917, 1023, 1025, 1023, 1024, 1025, 793, 917, 1025, 1024, 1022, 1026, 1024, 1026, 1025, 1022, 996, 1027, 1026, 1022, 1027, 1027, 996, 994, 1028, 793, 1025, 1026, 1028, 1025, 793, 1028, 781, 994, 1029, 1027, 1029, 1026, 1027, 1029, 994, 991, 1030, 781, 1028, 1030, 780, 781, 1029, 991, 1031, 1030, 1032, 780, 1033, 1029, 1031, 991, 1033, 1031, 1026, 1029, 1033, 1033, 991, 989, 1032, 783, 780, 1026, 1033, 1034, 1034, 1028, 1026, 1030, 1028, 1034, 1034, 1033, 989, 1030, 1034, 1032, 1035, 1034, 989, 1034, 1035, 1032, 1035, 989, 1036, 1035, 1036, 1032, 783, 1032, 1036, 1036, 989, 982, 1037, 783, 1036, 783, 1037, 767, 767, 1037, 768, 1037, 770, 768, 1036, 1038, 1037, 1038, 770, 1037, 1038, 1036, 982, 770, 1038, 1039, 1039, 481, 770, 466, 481, 1039, 466, 1039, 458, 1038, 982, 1040, 1038, 1040, 1039, 1040, 458, 1039, 461, 1040, 982, 461, 458, 1040, 1041, 1042, 1043, 1044, 1042, 1041, 1045, 1041, 1046, 1045, 1044, 1041, 1044, 1045, 1047, 1044, 1047, 1048, 1049, 1048, 1047, 1050, 1048, 1049, 1050, 1049, 1051, 1052, 1050, 1051, 1051, 1053, 1052, 1051, 1049, 1054, 1054, 1049, 1047, 1051, 1055, 1053, 1051, 1054, 1055, 1056, 1053, 1055, 1047, 1057, 1054, 1055, 1054, 1058, 1058, 1054, 1057, 1059, 1055, 1058, 1056, 1055, 1059, 1058, 1057, 1060, 1059, 1058, 1060, 1047, 1061, 1057, 1045, 1061, 1047, 1060, 1057, 1062, 1061, 1062, 1057, 1061, 1045, 1063, 1045, 1064, 1063, 1063, 1064, 1061, 1065, 1064, 1045, 1066, 1062, 1061, 1066, 1061, 1064, 1067, 1064, 1065, 1067, 1065, 1068, 1067, 1068, 1069, 1070, 1064, 1067, 1070, 1066, 1064, 1071, 1067, 1069, 1070, 1067, 1071, 1069, 1072, 1071, 1069, 1073, 1072, 1074, 1070, 1071, 1074, 1066, 1070, 1075, 1072, 1073, 1076, 1066, 1074, 1075, 1073, 1077, 1078, 1077, 1073, 1079, 1072, 1075, 1071, 1072, 1079, 1075, 1077, 1080, 1078, 1080, 1077, 1080, 1079, 1075, 1078, 1081, 1080, 1082, 1071, 1079, 1082, 1079, 1080, 1071, 1083, 1074, 1083, 1071, 1082, 1084, 1074, 1083, 1082, 1084, 1083, 1074, 1084, 1085, 1076, 1074, 1085, 1086, 1084, 1082, 1084, 1086, 1085, 1066, 1076, 1087, 1076, 1085, 1087, 1087, 1062, 1066, 1088, 1085, 1086, 1062, 1087, 1089, 1089, 1060, 1062, 1088, 1086, 1090, 1082, 1090, 1086, 1060, 1089, 1091, 1059, 1060, 1091, 1089, 1092, 1091, 1092, 1089, 1087, 1093, 1059, 1091, 1092, 1094, 1091, 1094, 1093, 1091, 1095, 1059, 1093, 1094, 1095, 1093, 1096, 1059, 1095, 1056, 1059, 1096, 1095, 1097, 1096, 1097, 1095, 1094, 1098, 1056, 1096, 1097, 1098, 1096, 1098, 1053, 1056, 1098, 1099, 1053, 1098, 1100, 1099, 1101, 1100, 1098, 1102, 1100, 1101, 1098, 1097, 1103, 1098, 1103, 1101, 1104, 1102, 1101, 1104, 1105, 1102, 1105, 1104, 1106, 1107, 1101, 1103, 1107, 1104, 1101, 1106, 1104, 1108, 1109, 1106, 1108, 1108, 1104, 1110, 1111, 1104, 1107, 1110, 1104, 1111, 1112, 1108, 1110, 1112, 1109, 1108, 1112, 1110, 1111, 1113, 1107, 1103, 1113, 1111, 1107, 1103, 1114, 1113, 1103, 1097, 1114, 1115, 1111, 1113, 1114, 1097, 1116, 1116, 1097, 1094, 1114, 1117, 1113, 1114, 1116, 1117, 1117, 1115, 1113, 1115, 1118, 1111, 1111, 1118, 1112, 1115, 1117, 1119, 1115, 1120, 1118, 1119, 1120, 1115, 1112, 1118, 1121, 1118, 1120, 1121, 1109, 1112, 1122, 1123, 1109, 1122, 1124, 1122, 1112, 1124, 1123, 1122, 1125, 1112, 1121, 1126, 1123, 1124, 1126, 1127, 1123, 1128, 1127, 1126, 1129, 1124, 1112, 1129, 1112, 1125, 1124, 1129, 1130, 1130, 1129, 1125, 1131, 1126, 1124, 1131, 1124, 1130, 1128, 1126, 1132, 1131, 1132, 1126, 1128, 1132, 1133, 1133, 1134, 1128, 1132, 1131, 1135, 1135, 1133, 1132, 1136, 1131, 1130, 1135, 1131, 1136, 1137, 1134, 1133, 1137, 1138, 1134, 1139, 1133, 1135, 1136, 1139, 1135, 1138, 1137, 1140, 1140, 1141, 1138, 1142, 1137, 1133, 1140, 1137, 1142, 1140, 1143, 1141, 1143, 1144, 1141, 1142, 1145, 1140, 1145, 1143, 1140, 1142, 1133, 1146, 1133, 1139, 1146, 1145, 1142, 1147, 1146, 1147, 1142, 1148, 1143, 1145, 1147, 1148, 1145, 1149, 1143, 1148, 1149, 1144, 1143, 1150, 1148, 1147, 1148, 1150, 1149, 1151, 1144, 1149, 1151, 1152, 1144, 1153, 1152, 1151, 1149, 1154, 1151, 1150, 1154, 1149, 1151, 1155, 1153, 1151, 1154, 1155, 1153, 1155, 1156, 1157, 1154, 1150, 1155, 1154, 1157, 1157, 1150, 1158, 1155, 1157, 1159, 1150, 1160, 1158, 1160, 1150, 1147, 1157, 1158, 1161, 1159, 1157, 1161, 1162, 1158, 1160, 1158, 1162, 1161, 1147, 1163, 1160, 1163, 1147, 1164, 1164, 1147, 1146, 1146, 1139, 1164, 1165, 1160, 1163, 1163, 1164, 1165, 1160, 1165, 1162, 1164, 1139, 1166, 1164, 1166, 1165, 1167, 1166, 1139, 1136, 1167, 1139, 1165, 1166, 1168, 1169, 1167, 1136, 1136, 1130, 1169, 1130, 1125, 1169, 1170, 1166, 1167, 1166, 1170, 1168, 1170, 1167, 1171, 1171, 1167, 1169, 1172, 1169, 1125, 1121, 1172, 1125, 1121, 1120, 1172, 1173, 1169, 1172, 1173, 1171, 1169, 1172, 1174, 1173, 1174, 1172, 1120, 1174, 1171, 1173, 1175, 1174, 1120, 1174, 1175, 1171, 1119, 1175, 1120, 1171, 1176, 1170, 1170, 1176, 1168, 1177, 1171, 1175, 1177, 1176, 1171, 1175, 1119, 1178, 1177, 1179, 1176, 1180, 1178, 1119, 1180, 1119, 1117, 1181, 1176, 1179, 1182, 1180, 1117, 1182, 1117, 1116, 1176, 1181, 1183, 1183, 1168, 1176, 1116, 1184, 1182, 1184, 1116, 1094, 1182, 1184, 1185, 1185, 1184, 1094, 1186, 1182, 1185, 1180, 1182, 1186, 1094, 1187, 1185, 1186, 1188, 1180, 1185, 1189, 1186, 1186, 1189, 1188, 1187, 1189, 1185, 1190, 1180, 1188, 1180, 1190, 1178, 1191, 1188, 1189, 1190, 1188, 1191, 1189, 1187, 1192, 1189, 1192, 1191, 1187, 1094, 1193, 1187, 1193, 1192, 1193, 1094, 1092, 1087, 1193, 1092, 1193, 1087, 1194, 1192, 1193, 1194, 1194, 1087, 1195, 1085, 1195, 1087, 1192, 1194, 1196, 1195, 1085, 1197, 1197, 1085, 1088, 1194, 1195, 1198, 1198, 1196, 1194, 1198, 1195, 1199, 1198, 1199, 1196, 1199, 1195, 1197, 1200, 1192, 1196, 1200, 1191, 1192, 1201, 1196, 1199, 1200, 1196, 1201, 1201, 1199, 1197, 1202, 1191, 1200, 1190, 1191, 1202, 1200, 1201, 1203, 1204, 1190, 1202, 1204, 1178, 1190, 1204, 1175, 1178, 1200, 1205, 1202, 1205, 1200, 1203, 1204, 1202, 1206, 1205, 1206, 1202, 1207, 1175, 1204, 1177, 1175, 1207, 1208, 1204, 1206, 1207, 1204, 1208, 1209, 1206, 1205, 1206, 1209, 1208, 1210, 1177, 1207, 1177, 1210, 1179, 1181, 1179, 1210, 1207, 1208, 1211, 1210, 1207, 1211, 1210, 1212, 1181, 1181, 1212, 1183, 1211, 1213, 1210, 1210, 1213, 1212, 1208, 1214, 1211, 1211, 1215, 1213, 1214, 1215, 1211, 1214, 1208, 1216, 1216, 1215, 1214, 1208, 1209, 1216, 1213, 1215, 1217, 1216, 1218, 1215, 1218, 1217, 1215, 1213, 1217, 1219, 1219, 1212, 1213, 1217, 1218, 1220, 1219, 1217, 1220, 1221, 1218, 1216, 1216, 1209, 1221, 1220, 1218, 1222, 1221, 1223, 1218, 1222, 1218, 1223, 1220, 1224, 1219, 1225, 1220, 1222, 1220, 1225, 1224, 1226, 1225, 1222, 1227, 1219, 1224, 1219, 1227, 1212, 1228, 1224, 1225, 1229, 1225, 1226, 1228, 1225, 1229, 1226, 1222, 1230, 1226, 1230, 1229, 1230, 1222, 1223, 1228, 1231, 1224, 1231, 1227, 1224, 1229, 1232, 1228, 1228, 1232, 1231, 1223, 1233, 1230, 1233, 1223, 1221, 1230, 1234, 1229, 1221, 1235, 1233, 1234, 1236, 1229, 1232, 1229, 1236, 1235, 1221, 1237, 1209, 1237, 1221, 1235, 1238, 1233, 1238, 1230, 1233, 1239, 1237, 1209, 1205, 1239, 1209, 1205, 1203, 1239, 1235, 1237, 1240, 1238, 1235, 1240, 1237, 1239, 1241, 1241, 1240, 1237, 1239, 1203, 1242, 1239, 1242, 1241, 1241, 1243, 1240, 1241, 1242, 1243, 1243, 1244, 1240, 1203, 1245, 1242, 1245, 1203, 1201, 1246, 1244, 1243, 1242, 1246, 1243, 1201, 1247, 1245, 1201, 1197, 1247, 1245, 1248, 1242, 1245, 1247, 1248, 1247, 1197, 1249, 1247, 1249, 1248, 1197, 1088, 1249, 1090, 1249, 1088, 1250, 1249, 1090, 1082, 1250, 1090, 1249, 1250, 1251, 1251, 1248, 1249, 1082, 1252, 1250, 1251, 1250, 1252, 1082, 1080, 1252, 1253, 1248, 1251, 1252, 1080, 1254, 1081, 1254, 1080, 1255, 1251, 1252, 1255, 1253, 1251, 1252, 1254, 1256, 1255, 1252, 1256, 1254, 1081, 1257, 1257, 1256, 1254, 1258, 1257, 1081, 1256, 1259, 1255, 1253, 1255, 1259, 1260, 1257, 1258, 1261, 1260, 1258, 1262, 1256, 1257, 1262, 1259, 1256, 1263, 1260, 1261, 1261, 1264, 1263, 1264, 1265, 1263, 1266, 1257, 1260, 1260, 1263, 1266, 1262, 1257, 1266, 1265, 1266, 1263, 1262, 1267, 1259, 1268, 1262, 1266, 1262, 1268, 1267, 1266, 1265, 1269, 1268, 1266, 1269, 1269, 1265, 1270, 1270, 1265, 1271, 1268, 1269, 1272, 1271, 1273, 1270, 1274, 1273, 1271, 1269, 1270, 1275, 1269, 1275, 1272, 1276, 1270, 1273, 1270, 1276, 1275, 1274, 1277, 1273, 1273, 1277, 1276, 1277, 1274, 1278, 1274, 1279, 1278, 1279, 1280, 1281, 1279, 1281, 1278, 1278, 1281, 1282, 1281, 1283, 1282, 1284, 1278, 1282, 1283, 1284, 1282, 1278, 1285, 1277, 1284, 1285, 1278, 1285, 1286, 1277, 1277, 1286, 1276, 1284, 1287, 1285, 1285, 1287, 1286, 1286, 1288, 1276, 1276, 1288, 1275, 1288, 1286, 1289, 1289, 1286, 1287, 1288, 1290, 1275, 1289, 1290, 1288, 1290, 1291, 1275, 1272, 1275, 1291, 1290, 1289, 1292, 1287, 1292, 1289, 1293, 1290, 1292, 1291, 1290, 1293, 1294, 1293, 1292, 1287, 1294, 1292, 1291, 1293, 1294, 1284, 1295, 1287, 1296, 1294, 1287, 1296, 1287, 1295, 1295, 1284, 1297, 1297, 1284, 1283, 1298, 1297, 1283, 1296, 1295, 1299, 1299, 1295, 1297, 1297, 1298, 1300, 1300, 1298, 1301, 1302, 1300, 1301, 1303, 1300, 1302, 1302, 1304, 1303, 1305, 1297, 1300, 1303, 1305, 1300, 1303, 1304, 1306, 1303, 1306, 1305, 1307, 1297, 1305, 1297, 1307, 1299, 1305, 1306, 1308, 1305, 1308, 1307, 1304, 1309, 1306, 1306, 1309, 1308, 1310, 1309, 1304, 1310, 1311, 1309, 1308, 1312, 1307, 1307, 1312, 1299, 1311, 1313, 1309, 1311, 1314, 1313, 1309, 1313, 1315, 1314, 1316, 1313, 1313, 1316, 1315, 1317, 1309, 1315, 1309, 1317, 1308, 1318, 1315, 1316, 1315, 1318, 1317, 1316, 1314, 1319, 1314, 1320, 1319, 1318, 1316, 1321, 1321, 1316, 1319, 1322, 1317, 1318, 1322, 1318, 1321, 1308, 1317, 1323, 1322, 1323, 1317, 1308, 1323, 1312, 1323, 1324, 1312, 1322, 1324, 1323, 1324, 1325, 1312, 1299, 1312, 1325, 1325, 1296, 1299, 1324, 1322, 1326, 1326, 1325, 1324, 1296, 1325, 1327, 1296, 1327, 1294, 1326, 1328, 1325, 1325, 1328, 1327, 1326, 1322, 1329, 1329, 1328, 1326, 1330, 1329, 1322, 1322, 1321, 1330, 1331, 1328, 1329, 1321, 1332, 1330, 1319, 1332, 1321, 1330, 1333, 1329, 1333, 1331, 1329, 1332, 1334, 1330, 1333, 1330, 1334, 1332, 1319, 1335, 1319, 1320, 1335, 1335, 1320, 1336, 1337, 1332, 1335, 1337, 1334, 1332, 1336, 1338, 1335, 1335, 1338, 1337, 1336, 1339, 1338, 1339, 1340, 1338, 1340, 1341, 1338, 1341, 1340, 1342, 1337, 1338, 1343, 1341, 1343, 1338, 1344, 1334, 1337, 1344, 1337, 1343, 1345, 1334, 1344, 1333, 1334, 1345, 1344, 1346, 1345, 1346, 1333, 1345, 1343, 1347, 1344, 1347, 1346, 1344, 1343, 1341, 1348, 1347, 1343, 1349, 1348, 1349, 1343, 1348, 1341, 1350, 1341, 1342, 1350, 1349, 1348, 1351, 1350, 1351, 1348, 1352, 1347, 1349, 1347, 1352, 1346, 1353, 1350, 1342, 1354, 1353, 1342, 1353, 1355, 1350, 1355, 1351, 1350, 1354, 1356, 1353, 1353, 1356, 1355, 1354, 1357, 1356, 1358, 1357, 1354, 1356, 1359, 1355, 1357, 1359, 1356, 1351, 1355, 1360, 1360, 1355, 1359, 1357, 1358, 1361, 1361, 1358, 1362, 1357, 1363, 1359, 1361, 1364, 1357, 1364, 1363, 1357, 1361, 1362, 1365, 1363, 1366, 1359, 1359, 1366, 1360, 1367, 1363, 1364, 1366, 1363, 1367, 1364, 1361, 1368, 1367, 1364, 1368, 1365, 1368, 1361, 1366, 1367, 1369, 1362, 1370, 1365, 1362, 1371, 1370, 1372, 1370, 1371, 1373, 1368, 1365, 1370, 1373, 1365, 1374, 1367, 1368, 1369, 1367, 1374, 1368, 1373, 1375, 1368, 1375, 1374, 1370, 1376, 1373, 1370, 1372, 1377, 1370, 1377, 1376, 1378, 1377, 1372, 1376, 1379, 1373, 1379, 1375, 1373, 1376, 1377, 1380, 1380, 1379, 1376, 1378, 1381, 1377, 1377, 1382, 1380, 1377, 1381, 1382, 1381, 1378, 1383, 1384, 1383, 1378, 1385, 1381, 1383, 1385, 1382, 1381, 1386, 1383, 1384, 1385, 1383, 1386, 1387, 1386, 1384, 1388, 1385, 1386, 1387, 1388, 1386, 1382, 1385, 1389, 1388, 1387, 1390, 1391, 1390, 1387, 1392, 1385, 1388, 1389, 1385, 1392, 1393, 1390, 1391, 1388, 1390, 1394, 1394, 1390, 1393, 1394, 1392, 1388, 1393, 1391, 1395, 1394, 1393, 1395, 1391, 1396, 1395, 1397, 1395, 1396, 1398, 1395, 1397, 1398, 1397, 1399, 1398, 1400, 1395, 1400, 1394, 1395, 1398, 1401, 1400, 1401, 1398, 1402, 1402, 1398, 1399, 1403, 1400, 1401, 1403, 1401, 1402, 1394, 1400, 1404, 1405, 1403, 1402, 1402, 1399, 1405, 1406, 1404, 1400, 1403, 1406, 1400, 1407, 1394, 1404, 1407, 1404, 1406, 1407, 1408, 1394, 1392, 1394, 1408, 1406, 1409, 1407, 1392, 1408, 1410, 1392, 1410, 1389, 1407, 1411, 1408, 1409, 1411, 1407, 1410, 1408, 1412, 1411, 1412, 1408, 1412, 1413, 1410, 1411, 1414, 1412, 1414, 1413, 1412, 1409, 1415, 1411, 1411, 1415, 1414, 1410, 1413, 1416, 1410, 1416, 1389, 1417, 1413, 1414, 1416, 1418, 1389, 1418, 1382, 1389, 1416, 1413, 1419, 1413, 1417, 1419, 1382, 1418, 1420, 1380, 1382, 1420, 1420, 1379, 1380, 1418, 1416, 1421, 1421, 1420, 1418, 1422, 1379, 1420, 1422, 1420, 1421, 1423, 1421, 1416, 1423, 1416, 1419, 1422, 1421, 1424, 1424, 1421, 1423, 1422, 1425, 1379, 1379, 1425, 1375, 1375, 1425, 1374, 1426, 1425, 1422, 1426, 1422, 1424, 1427, 1374, 1425, 1426, 1427, 1425, 1369, 1374, 1427, 1426, 1424, 1428, 1369, 1427, 1429, 1369, 1429, 1366, 1427, 1426, 1430, 1430, 1426, 1428, 1430, 1431, 1427, 1427, 1431, 1429, 1430, 1428, 1432, 1431, 1430, 1432, 1428, 1424, 1433, 1433, 1424, 1423, 1433, 1434, 1428, 1432, 1428, 1434, 1423, 1435, 1433, 1434, 1433, 1435, 1419, 1435, 1423, 1434, 1436, 1432, 1435, 1419, 1437, 1417, 1437, 1419, 1435, 1438, 1434, 1434, 1438, 1436, 1439, 1435, 1437, 1438, 1435, 1439, 1437, 1440, 1439, 1438, 1439, 1441, 1439, 1440, 1441, 1437, 1417, 1442, 1442, 1440, 1437, 1443, 1442, 1417, 1443, 1417, 1414, 1414, 1415, 1443, 1440, 1442, 1444, 1441, 1440, 1444, 1443, 1445, 1442, 1446, 1443, 1415, 1446, 1445, 1443, 1445, 1447, 1442, 1444, 1442, 1447, 1447, 1445, 1448, 1445, 1446, 1448, 1444, 1447, 1449, 1448, 1449, 1447, 1446, 1415, 1450, 1450, 1415, 1409, 1448, 1446, 1451, 1452, 1450, 1409, 1409, 1406, 1452, 1453, 1446, 1450, 1406, 1454, 1452, 1454, 1406, 1403, 1450, 1452, 1455, 1450, 1455, 1453, 1456, 1452, 1454, 1457, 1455, 1452, 1452, 1456, 1457, 1454, 1403, 1458, 1456, 1454, 1458, 1458, 1403, 1459, 1403, 1405, 1459, 1458, 1460, 1456, 1460, 1458, 1459, 1461, 1456, 1460, 1456, 1461, 1457, 1460, 1459, 1462, 1461, 1460, 1462, 1463, 1459, 1405, 1461, 1464, 1457, 1463, 1405, 1465, 1405, 1399, 1465, 1459, 1463, 1466, 1462, 1459, 1466, 1465, 1467, 1463, 1468, 1466, 1463, 1468, 1463, 1467, 1469, 1466, 1468, 1468, 1467, 1469, 1469, 1470, 1466, 1467, 1465, 1471, 1469, 1467, 1472, 1467, 1471, 1472, 1469, 1473, 1470, 1472, 1473, 1469, 1470, 1474, 1466, 1474, 1470, 1473, 1475, 1466, 1474, 1462, 1466, 1475, 1473, 1476, 1474, 1477, 1462, 1475, 1475, 1474, 1478, 1476, 1478, 1474, 1479, 1477, 1475, 1478, 1479, 1475, 1480, 1462, 1477, 1480, 1461, 1462, 1480, 1477, 1481, 1481, 1477, 1479, 1480, 1482, 1461, 1482, 1480, 1481, 1464, 1461, 1482, 1479, 1483, 1481, 1482, 1484, 1464, 1479, 1485, 1483, 1478, 1485, 1479, 1484, 1486, 1464, 1464, 1486, 1457, 1486, 1455, 1457, 1453, 1455, 1486, 1485, 1478, 1487, 1488, 1453, 1486, 1487, 1489, 1485, 1485, 1489, 1483, 1478, 1490, 1487, 1478, 1476, 1490, 1491, 1489, 1487, 1491, 1487, 1490, 1492, 1489, 1491, 1491, 1490, 1493, 1492, 1491, 1493, 1493, 1490, 1494, 1495, 1489, 1492, 1483, 1489, 1495, 1496, 1494, 1490, 1476, 1496, 1490, 1493, 1494, 1497, 1496, 1497, 1494, 1493, 1497, 1498, 1499, 1497, 1496, 1498, 1497, 1499, 1476, 1500, 1496, 1501, 1493, 1498, 1492, 1493, 1501, 1476, 1502, 1500, 1502, 1476, 1473, 1503, 1496, 1500, 1496, 1503, 1499, 1502, 1504, 1500, 1502, 1473, 1505, 1502, 1505, 1504, 1506, 1505, 1473, 1472, 1506, 1473, 1507, 1504, 1505, 1506, 1507, 1505, 1506, 1472, 1508, 1508, 1472, 1471, 1509, 1507, 1506, 1506, 1508, 1509, 1504, 1510, 1500, 1500, 1510, 1503, 1504, 1507, 1511, 1504, 1511, 1510, 1509, 1512, 1507, 1507, 1513, 1511, 1512, 1513, 1507, 1509, 1514, 1512, 1512, 1515, 1513, 1515, 1512, 1514, 1516, 1511, 1513, 1513, 1515, 1516, 1514, 1509, 1517, 1509, 1508, 1517, 1517, 1518, 1514, 1519, 1517, 1508, 1518, 1517, 1519, 1519, 1508, 1471, 1514, 1518, 1520, 1515, 1514, 1520, 1518, 1519, 1521, 1520, 1522, 1515, 1520, 1518, 1523, 1518, 1521, 1523, 1524, 1522, 1520, 1520, 1523, 1524, 1515, 1522, 1525, 1516, 1515, 1525, 1522, 1524, 1526, 1522, 1526, 1525, 1524, 1523, 1527, 1526, 1524, 1528, 1528, 1524, 1527, 1527, 1523, 1529, 1528, 1527, 1530, 1527, 1529, 1530, 1529, 1523, 1531, 1531, 1523, 1521, 1532, 1531, 1521, 1532, 1521, 1519, 1531, 1533, 1529, 1534, 1532, 1519, 1531, 1532, 1535, 1532, 1534, 1535, 1531, 1535, 1533, 1534, 1519, 1536, 1536, 1519, 1471, 1534, 1537, 1535, 1536, 1537, 1534, 1536, 1471, 1538, 1471, 1465, 1538, 1538, 1465, 1399, 1536, 1538, 1539, 1536, 1539, 1537, 1399, 1540, 1538, 1540, 1539, 1538, 1540, 1399, 1541, 1542, 1540, 1541, 1542, 1543, 1540, 1540, 1543, 1544, 1540, 1544, 1539, 1542, 1545, 1543, 1544, 1543, 1545, 1546, 1545, 1542, 1544, 1547, 1539, 1546, 1548, 1545, 1546, 1549, 1548, 1544, 1545, 1550, 1544, 1550, 1547, 1548, 1551, 1545, 1551, 1550, 1545, 1548, 1549, 1552, 1553, 1552, 1549, 1554, 1551, 1548, 1552, 1554, 1548, 1554, 1555, 1551, 1555, 1550, 1551, 1555, 1554, 1556, 1555, 1556, 1550, 1557, 1554, 1552, 1557, 1556, 1554, 1552, 1553, 1558, 1558, 1557, 1552, 1553, 1559, 1558, 1560, 1559, 1553, 1557, 1558, 1561, 1559, 1560, 1562, 1563, 1562, 1560, 1559, 1564, 1558, 1562, 1564, 1559, 1564, 1561, 1558, 1565, 1562, 1563, 1562, 1566, 1564, 1566, 1562, 1565, 1563, 1567, 1565, 1563, 1568, 1567, 1567, 1568, 1569, 1567, 1570, 1565, 1567, 1569, 1570, 1566, 1565, 1571, 1571, 1565, 1570, 1572, 1566, 1571, 1572, 1564, 1566, 1571, 1570, 1573, 1569, 1574, 1570, 1570, 1574, 1573, 1575, 1574, 1569, 1569, 1576, 1575, 1575, 1576, 1577, 1578, 1574, 1575, 1575, 1577, 1578, 1578, 1573, 1574, 1579, 1578, 1577, 1577, 1580, 1579, 1578, 1581, 1573, 1580, 1582, 1579, 1583, 1582, 1580, 1584, 1578, 1579, 1578, 1584, 1581, 1582, 1585, 1579, 1584, 1579, 1585, 1583, 1586, 1582, 1586, 1585, 1582, 1586, 1583, 1587, 1583, 1588, 1587, 1587, 1588, 1589, 1590, 1586, 1587, 1590, 1587, 1589, 1591, 1585, 1586, 1586, 1590, 1592, 1592, 1591, 1586, 1589, 1593, 1590, 1593, 1592, 1590, 1593, 1589, 733, 1592, 1594, 1591, 1595, 1593, 733, 1595, 733, 731, 1596, 1592, 1593, 1592, 1596, 1594, 1597, 1593, 1595, 731, 1598, 1595, 1598, 1597, 1595, 1597, 1598, 1593, 716, 1598, 731, 720, 1598, 716, 1598, 1599, 1593, 1599, 1598, 720, 1596, 1593, 1599, 720, 1600, 1599, 720, 722, 1600, 1599, 1601, 1596, 1599, 1600, 1601, 1601, 1594, 1596, 1600, 722, 1602, 1600, 1602, 1601, 1601, 1602, 1594, 722, 712, 1602, 712, 1603, 1602, 712, 714, 1603, 1602, 1603, 1604, 1594, 1602, 1604, 1603, 714, 1605, 1603, 1605, 1604, 714, 1606, 1605, 1604, 1605, 1607, 1605, 1606, 1607, 1604, 1608, 1594, 1608, 1604, 1607, 1609, 1606, 714, 714, 710, 1609, 1609, 710, 700, 1610, 1607, 1606, 1608, 1607, 1610, 1609, 1611, 1606, 1610, 1606, 1611, 1609, 700, 1612, 1609, 1613, 1611, 1609, 1612, 1613, 700, 1614, 1612, 1612, 1614, 1613, 1614, 700, 699, 1615, 1611, 1613, 1611, 1615, 1610, 1614, 1616, 1613, 1615, 1613, 1617, 1610, 1615, 1617, 1617, 1613, 1616, 699, 1618, 1614, 1616, 1614, 1618, 1618, 699, 1619, 1619, 699, 701, 1618, 1620, 1616, 1618, 1619, 1620, 1621, 1616, 1620, 1617, 1616, 1621, 1622, 1621, 1620, 1621, 1623, 1617, 1621, 1622, 1623, 1619, 1624, 1620, 1624, 1622, 1620, 701, 1625, 1619, 701, 703, 1625, 1626, 1624, 1619, 1626, 1619, 1625, 1625, 1624, 1626, 703, 1627, 1625, 703, 705, 1627, 1625, 1628, 1624, 1627, 1628, 1625, 1622, 1624, 1629, 1629, 1624, 1628, 1630, 1622, 1629, 1630, 1623, 1622, 1631, 1629, 1628, 1627, 1632, 1628, 1632, 1627, 705, 1633, 1631, 1628, 1633, 1628, 1632, 1629, 1631, 1634, 1634, 1630, 1629, 1635, 1631, 1633, 1631, 1635, 1634, 1634, 1636, 1630, 1634, 1635, 1637, 1634, 1637, 1636, 1630, 1636, 1638, 1636, 1637, 1638, 1633, 1639, 1635, 1639, 1637, 1635, 1638, 1640, 1630, 1641, 1638, 1637, 1641, 1640, 1638, 1639, 1642, 1637, 1642, 1641, 1637, 1640, 1643, 1630, 1643, 1623, 1630, 1644, 1640, 1641, 1645, 1623, 1643, 1640, 1644, 1646, 1623, 1645, 1647, 1645, 1643, 1647, 1617, 1623, 1647, 1646, 1648, 1640, 1648, 1643, 1640, 1644, 1649, 1646, 1649, 1648, 1646, 1649, 1644, 1641, 1643, 1648, 1650, 1650, 1648, 1649, 1650, 1651, 1643, 1643, 1651, 1647, 1652, 1617, 1647, 1610, 1617, 1652, 1653, 1652, 1647, 1651, 1653, 1647, 1654, 1610, 1652, 1653, 1654, 1652, 1608, 1610, 1654, 1653, 1651, 1655, 1654, 1656, 1608, 1653, 1657, 1654, 1656, 1654, 1657, 1655, 1657, 1653, 1658, 1608, 1656, 1658, 1594, 1608, 1591, 1594, 1658, 1591, 1658, 1585, 1656, 1659, 1658, 1659, 1585, 1658, 1657, 1659, 1656, 1659, 1584, 1585, 1584, 1659, 1660, 1657, 1660, 1659, 1660, 1581, 1584, 1660, 1657, 1661, 1660, 1661, 1581, 1657, 1655, 1661, 1661, 1662, 1581, 1581, 1662, 1573, 1573, 1662, 1571, 1572, 1571, 1662, 1661, 1663, 1662, 1572, 1662, 1663, 1661, 1655, 1663, 1663, 1655, 1664, 1664, 1572, 1663, 1655, 1651, 1664, 1572, 1664, 1665, 1665, 1564, 1572, 1666, 1664, 1651, 1651, 1650, 1666, 1667, 1664, 1666, 1666, 1650, 1667, 1664, 1667, 1665, 1650, 1649, 1667, 1668, 1564, 1665, 1561, 1564, 1668, 1667, 1669, 1665, 1668, 1665, 1669, 1649, 1669, 1667, 1561, 1668, 1670, 1668, 1669, 1671, 1671, 1670, 1668, 1649, 1672, 1669, 1672, 1671, 1669, 1673, 1561, 1670, 1557, 1561, 1673, 1557, 1673, 1556, 1674, 1670, 1671, 1673, 1675, 1556, 1675, 1550, 1556, 1676, 1673, 1670, 1676, 1675, 1673, 1674, 1676, 1670, 1675, 1677, 1550, 1677, 1675, 1676, 1550, 1677, 1547, 1674, 1671, 1678, 1674, 1678, 1676, 1678, 1671, 1672, 1677, 1676, 1679, 1678, 1672, 1680, 1649, 1680, 1672, 1676, 1678, 1681, 1676, 1681, 1679, 1678, 1680, 1681, 1679, 1682, 1677, 1679, 1681, 1682, 1680, 1649, 1683, 1683, 1649, 1641, 1681, 1680, 1684, 1680, 1683, 1684, 1682, 1681, 1684, 1641, 1685, 1683, 1641, 1642, 1685, 1686, 1683, 1685, 1683, 1686, 1684, 1686, 1685, 1687, 1687, 1684, 1686, 1688, 1685, 1642, 1687, 1685, 1688, 1688, 1642, 1689, 1639, 1689, 1642, 1690, 1687, 1688, 1688, 1689, 1691, 1690, 1688, 1691, 1687, 1692, 1684, 1692, 1687, 1690, 1693, 1684, 1692, 1684, 1693, 1682, 1693, 1692, 1694, 1694, 1682, 1693, 1692, 1690, 1695, 1694, 1696, 1682, 1677, 1682, 1696, 1547, 1677, 1696, 1692, 1697, 1694, 1695, 1697, 1692, 1696, 1698, 1547, 1547, 1698, 1539, 1696, 1694, 1699, 1699, 1698, 1696, 1697, 1699, 1694, 1700, 1539, 1698, 1539, 1700, 1537, 1701, 1700, 1698, 1699, 1701, 1698, 1700, 1702, 1537, 1702, 1700, 1701, 1702, 1535, 1537, 1535, 1702, 1703, 1701, 1703, 1702, 1703, 1533, 1535, 1704, 1701, 1699, 1703, 1701, 1705, 1704, 1705, 1701, 1706, 1533, 1703, 1703, 1705, 1706, 1707, 1704, 1699, 1697, 1707, 1699, 1704, 1708, 1705, 1704, 1707, 1708, 1705, 1708, 1706, 1709, 1707, 1697, 1697, 1695, 1709, 1710, 1708, 1707, 1708, 1710, 1706, 1709, 1710, 1707, 1533, 1706, 1711, 1529, 1533, 1711, 1529, 1711, 1530, 1710, 1712, 1706, 1712, 1711, 1706, 1709, 1713, 1710, 1710, 1713, 1712, 1712, 1714, 1711, 1712, 1715, 1714, 1715, 1712, 1713, 1716, 1711, 1714, 1715, 1716, 1714, 1530, 1711, 1716, 1715, 1717, 1716, 1716, 1718, 1530, 1717, 1715, 1719, 1720, 1718, 1716, 1720, 1716, 1717, 1721, 1530, 1718, 1721, 1528, 1530, 1720, 1722, 1718, 1718, 1722, 1721, 1720, 1717, 1723, 1717, 1719, 1723, 1720, 1724, 1722, 1720, 1723, 1724, 1722, 1725, 1721, 1721, 1726, 1528, 1725, 1726, 1721, 1727, 1528, 1726, 1526, 1528, 1727, 1726, 1725, 1728, 1722, 1729, 1725, 1725, 1729, 1728, 1722, 1724, 1729, 1728, 1730, 1726, 1726, 1730, 1727, 1731, 1526, 1727, 1730, 1732, 1727, 1731, 1727, 1732, 1526, 1731, 1733, 1526, 1733, 1525, 1734, 1733, 1731, 1734, 1731, 1732, 1735, 1525, 1733, 1734, 1735, 1733, 1735, 1736, 1525, 1736, 1516, 1525, 1734, 1737, 1735, 1738, 1734, 1732, 1738, 1737, 1734, 1739, 1738, 1732, 1730, 1739, 1732, 1738, 1739, 1740, 1739, 1730, 1741, 1740, 1739, 1741, 1742, 1741, 1730, 1728, 1742, 1730, 1741, 1743, 1740, 1742, 1743, 1741, 1744, 1738, 1740, 1740, 1743, 1744, 1744, 1737, 1738, 1745, 1742, 1728, 1743, 1742, 1745, 1729, 1745, 1728, 1745, 1746, 1743, 1745, 1729, 1747, 1748, 1743, 1746, 1748, 1744, 1743, 1746, 1745, 1749, 1745, 1747, 1749, 1750, 1746, 1749, 1750, 1748, 1746, 1751, 1749, 1747, 1750, 1749, 1752, 1749, 1751, 1752, 1748, 1750, 1753, 1754, 1753, 1750, 1754, 1750, 1752, 1755, 1748, 1753, 1754, 1755, 1753, 1752, 1751, 1756, 1752, 1757, 1754, 1757, 1752, 1756, 1754, 1758, 1755, 1758, 1754, 1757, 1759, 1756, 1751, 1751, 1747, 1759, 1757, 1756, 1760, 1761, 1759, 1747, 1761, 1747, 1729, 1759, 1762, 1756, 1762, 1760, 1756, 1761, 1729, 1763, 1763, 1729, 1724, 1764, 1759, 1761, 1724, 1765, 1763, 1765, 1724, 1723, 1766, 1761, 1763, 1766, 1764, 1761, 1767, 1766, 1763, 1767, 1763, 1765, 1768, 1764, 1766, 1766, 1767, 1768, 1764, 1769, 1759, 1762, 1759, 1769, 1764, 1768, 1770, 1764, 1770, 1769, 1762, 1769, 1771, 1760, 1762, 1771, 1769, 1770, 1772, 1771, 1769, 1773, 1772, 1773, 1769, 1774, 1772, 1770, 1774, 1770, 1768, 1772, 1775, 1773, 1774, 1775, 1772, 1776, 1771, 1773, 1760, 1771, 1776, 1777, 1774, 1768, 1778, 1775, 1774, 1777, 1778, 1774, 1779, 1777, 1768, 1779, 1768, 1767, 1777, 1780, 1778, 1777, 1779, 1781, 1781, 1780, 1777, 1767, 1782, 1779, 1780, 1781, 1783, 1778, 1780, 1783, 1767, 1784, 1782, 1765, 1784, 1767, 1778, 1785, 1775, 1786, 1784, 1765, 1782, 1784, 1786, 1785, 1778, 1787, 1787, 1778, 1783, 1775, 1785, 1788, 1788, 1785, 1787, 1773, 1775, 1788, 1789, 1787, 1783, 1790, 1773, 1788, 1791, 1787, 1789, 1788, 1787, 1791, 1792, 1773, 1790, 1792, 1776, 1773, 1793, 1790, 1788, 1793, 1792, 1790, 1794, 1788, 1791, 1794, 1793, 1788, 1795, 1776, 1792, 1793, 1795, 1792, 1796, 1794, 1791, 1797, 1796, 1791, 1797, 1791, 1789, 1794, 1796, 1798, 1796, 1797, 1798, 1793, 1794, 1799, 1799, 1794, 1800, 1794, 1798, 1800, 1793, 1799, 1801, 1799, 1800, 1802, 1802, 1801, 1799, 1803, 1793, 1801, 1795, 1793, 1803, 1800, 1804, 1802, 1798, 1804, 1800, 1805, 1801, 1802, 1801, 1806, 1803, 1806, 1801, 1805, 1803, 1807, 1795, 1803, 1806, 1807, 1808, 1805, 1802, 1808, 1802, 1804, 1805, 1809, 1806, 1810, 1807, 1806, 1810, 1806, 1809, 1807, 1810, 1811, 1805, 1812, 1809, 1811, 1813, 1807, 1813, 1795, 1807, 1805, 1814, 1812, 1808, 1814, 1805, 1815, 1795, 1813, 1815, 1776, 1795, 1815, 1813, 1816, 1776, 1815, 1817, 1817, 1815, 1816, 1776, 1817, 1760, 1818, 1816, 1813, 1817, 1816, 1818, 1817, 1819, 1760, 1760, 1819, 1757, 1758, 1757, 1819, 1820, 1819, 1817, 1758, 1819, 1820, 1818, 1820, 1817, 1821, 1758, 1820, 1758, 1821, 1755, 1822, 1820, 1818, 1823, 1755, 1821, 1823, 1748, 1755, 1821, 1820, 1824, 1748, 1823, 1825, 1826, 1820, 1822, 1824, 1820, 1826, 1827, 1748, 1825, 1748, 1827, 1744, 1825, 1823, 1828, 1828, 1827, 1825, 1821, 1829, 1823, 1828, 1823, 1829, 1830, 1821, 1824, 1821, 1830, 1829, 1824, 1831, 1830, 1829, 1830, 1831, 1824, 1826, 1831, 1829, 1831, 1832, 1826, 1833, 1831, 1832, 1834, 1829, 1834, 1828, 1829, 1832, 1831, 1835, 1831, 1833, 1835, 1832, 1836, 1834, 1833, 1826, 1837, 1832, 1838, 1836, 1838, 1832, 1835, 1833, 1839, 1835, 1837, 1839, 1833, 1840, 1838, 1835, 1837, 1826, 1841, 1822, 1841, 1826, 1818, 1841, 1822, 1835, 1842, 1840, 1842, 1835, 1839, 1818, 1843, 1841, 1813, 1843, 1818, 1811, 1843, 1813, 1843, 1811, 1844, 1844, 1811, 1810, 1843, 1845, 1841, 1844, 1845, 1843, 1846, 1841, 1845, 1846, 1837, 1841, 1810, 1847, 1844, 1846, 1848, 1837, 1848, 1846, 1845, 1848, 1839, 1837, 1809, 1847, 1810, 1849, 1845, 1844, 1844, 1847, 1849, 1850, 1848, 1845, 1850, 1845, 1849, 1847, 1809, 1851, 1847, 1852, 1849, 1847, 1851, 1852, 1809, 1853, 1851, 1853, 1852, 1851, 1853, 1809, 1812, 1854, 1849, 1852, 1854, 1850, 1849, 1853, 1812, 1855, 1855, 1812, 1814, 1852, 1853, 1856, 1855, 1857, 1853, 1856, 1853, 1857, 1814, 1858, 1855, 1856, 1859, 1852, 1860, 1858, 1814, 1814, 1808, 1860, 1855, 1858, 1861, 1862, 1860, 1808, 1860, 1863, 1858, 1863, 1860, 1862, 1863, 1861, 1858, 1808, 1864, 1862, 1804, 1864, 1808, 1865, 1863, 1862, 1864, 1865, 1862, 1864, 1804, 1866, 1798, 1866, 1804, 1864, 1867, 1865, 1864, 1866, 1868, 1867, 1864, 1868, 1798, 1869, 1866, 1865, 1867, 1870, 1871, 1869, 1798, 1871, 1798, 1797, 1872, 1866, 1869, 1872, 1868, 1866, 1871, 1873, 1869, 1867, 1868, 1874, 1874, 1870, 1867, 1872, 1875, 1868, 1874, 1868, 1875, 1875, 1872, 1876, 1876, 1877, 1875, 1874, 1875, 1877, 1877, 1876, 1878, 1878, 1879, 1877, 1874, 1877, 1880, 1880, 1877, 1879, 1880, 1879, 1881, 1881, 1879, 1882, 1883, 1881, 1882, 1880, 1884, 1874, 1884, 1880, 1881, 1885, 1881, 1883, 1884, 1881, 1885, 1885, 1883, 1886, 1886, 1883, 1887, 1888, 1884, 1885, 1886, 1888, 1885, 1874, 1884, 1889, 1889, 1870, 1874, 1884, 1888, 1890, 1889, 1884, 1890, 1886, 1891, 1888, 1892, 1890, 1888, 1892, 1888, 1891, 1890, 1893, 1889, 1894, 1890, 1892, 1890, 1894, 1893, 1895, 1892, 1891, 1894, 1892, 1895, 1893, 1896, 1889, 1896, 1870, 1889, 1893, 1894, 1897, 1897, 1896, 1893, 1896, 1898, 1870, 1898, 1865, 1870, 1896, 1897, 1899, 1899, 1897, 1894, 1900, 1898, 1896, 1898, 1900, 1865, 1899, 1900, 1896, 1900, 1863, 1865, 1901, 1863, 1900, 1900, 1899, 1901, 1902, 1863, 1901, 1863, 1902, 1861, 1901, 1899, 1903, 1904, 1861, 1902, 1902, 1901, 1905, 1902, 1905, 1904, 1861, 1904, 1906, 1855, 1861, 1906, 1857, 1855, 1906, 1906, 1904, 1907, 1907, 1857, 1906, 1905, 1908, 1904, 1908, 1907, 1904, 1909, 1905, 1901, 1901, 1903, 1909, 1910, 1908, 1905, 1910, 1905, 1909, 1910, 1911, 1908, 1911, 1907, 1908, 1910, 1909, 1912, 1910, 1912, 1911, 1857, 1907, 1913, 1913, 1856, 1857, 1859, 1856, 1913, 1907, 1911, 1914, 1907, 1915, 1913, 1914, 1915, 1907, 1916, 1913, 1915, 1914, 1916, 1915, 1917, 1914, 1911, 1917, 1916, 1914, 1918, 1917, 1911, 1918, 1911, 1912, 1919, 1916, 1917, 1918, 1919, 1917, 1916, 1920, 1913, 1919, 1920, 1916, 1913, 1920, 1921, 1859, 1913, 1921, 1922, 1920, 1919, 1922, 1921, 1920, 1859, 1921, 1923, 1924, 1921, 1922, 1921, 1924, 1923, 1924, 1922, 1925, 1925, 1922, 1919, 1923, 1926, 1859, 1859, 1926, 1852, 1852, 1926, 1854, 1926, 1927, 1854, 1927, 1850, 1854, 1923, 1928, 1926, 1926, 1928, 1927, 1850, 1927, 1929, 1930, 1927, 1928, 1929, 1927, 1930, 1931, 1850, 1929, 1931, 1848, 1850, 1932, 1929, 1930, 1848, 1931, 1933, 1933, 1839, 1848, 1931, 1929, 1934, 1931, 1934, 1933, 1934, 1929, 1932, 1839, 1933, 1935, 1935, 1842, 1839, 1933, 1934, 1936, 1936, 1935, 1933, 1937, 1936, 1934, 1937, 1935, 1936, 1935, 1938, 1842, 1938, 1840, 1842, 1939, 1935, 1937, 1939, 1938, 1935, 1940, 1937, 1934, 1932, 1940, 1934, 1938, 1941, 1840, 1932, 1930, 1942, 1928, 1942, 1930, 1943, 1932, 1942, 1940, 1932, 1943, 1944, 1942, 1928, 1942, 1944, 1943, 1928, 1945, 1944, 1943, 1944, 1946, 1944, 1945, 1946, 1940, 1943, 1947, 1948, 1945, 1928, 1948, 1928, 1923, 1947, 1949, 1940, 1949, 1937, 1940, 1950, 1948, 1923, 1950, 1923, 1924, 1937, 1949, 1951, 1952, 1950, 1924, 1924, 1925, 1952, 1953, 1937, 1951, 1953, 1939, 1937, 1954, 1951, 1949, 1954, 1953, 1951, 1949, 1955, 1954, 1947, 1955, 1949, 1956, 1953, 1954, 1957, 1955, 1947, 1958, 1939, 1953, 1953, 1956, 1958, 1957, 1947, 1959, 1947, 1943, 1959, 1946, 1959, 1943, 1960, 1955, 1957, 1961, 1959, 1946, 1957, 1959, 1962, 1957, 1962, 1960, 1963, 1959, 1961, 1962, 1959, 1963, 1961, 1946, 1964, 1964, 1946, 1945, 1961, 1965, 1963, 1965, 1961, 1964, 1962, 1963, 1966, 1967, 1963, 1965, 1966, 1963, 1967, 1964, 1968, 1965, 1969, 1962, 1966, 1969, 1960, 1962, 1968, 1970, 1965, 1967, 1965, 1970, 1971, 1968, 1964, 1972, 1967, 1970, 1971, 1964, 1973, 1964, 1945, 1973, 1971, 1974, 1968, 1970, 1968, 1974, 1973, 1975, 1971, 1971, 1975, 1974, 1973, 1945, 1976, 1975, 1973, 1976, 1948, 1976, 1945, 1976, 1948, 1950, 1975, 1976, 1977, 1950, 1977, 1976, 1978, 1977, 1950, 1950, 1952, 1978, 1975, 1977, 1979, 1980, 1978, 1952, 1981, 1977, 1978, 1981, 1978, 1980, 1981, 1979, 1977, 1952, 1982, 1980, 1982, 1981, 1980, 1981, 1982, 1979, 1952, 1925, 1982, 1975, 1979, 1983, 1974, 1975, 1983, 1979, 1982, 1984, 1979, 1984, 1983, 1985, 1982, 1925, 1984, 1982, 1985, 1925, 1986, 1985, 1986, 1925, 1919, 1985, 1987, 1984, 1986, 1988, 1985, 1988, 1986, 1919, 1987, 1985, 1988, 1987, 1989, 1984, 1989, 1983, 1984, 1990, 1988, 1919, 1990, 1919, 1918, 1991, 1988, 1990, 1918, 1992, 1990, 1991, 1990, 1992, 1992, 1918, 1912, 1993, 1988, 1991, 1993, 1991, 1992, 1988, 1994, 1987, 1993, 1994, 1988, 1987, 1994, 1995, 1987, 1995, 1989, 1994, 1993, 1996, 1995, 1994, 1996, 1992, 1997, 1993, 1996, 1993, 1997, 1998, 1992, 1912, 1997, 1992, 1998, 1998, 1912, 1999, 1999, 1912, 1909, 1998, 2000, 1997, 2001, 1998, 1999, 2000, 1998, 2001, 1909, 2002, 1999, 2001, 1999, 2002, 2002, 1909, 2003, 1909, 1903, 2003, 2004, 2001, 2002, 2002, 2003, 2004, 2003, 1903, 2005, 1903, 1899, 2005, 2004, 2003, 2006, 2006, 2003, 2005, 2007, 2001, 2004, 2000, 2001, 2007, 2006, 2008, 2004, 2008, 2007, 2004, 2005, 1899, 2009, 1894, 2009, 1899, 2006, 2005, 2010, 2010, 2005, 2009, 2009, 1894, 2011, 2010, 2009, 2011, 1895, 2011, 1894, 2010, 2012, 2006, 2012, 2008, 2006, 2012, 2010, 2013, 2008, 2012, 2014, 2014, 2012, 2013, 2010, 2015, 2013, 2014, 2013, 2015, 2010, 2011, 2015, 2014, 2016, 2008, 2008, 2016, 2007, 1895, 2017, 2011, 2017, 1895, 1891, 2011, 2017, 2018, 2015, 2011, 2018, 2017, 1891, 2019, 2018, 2017, 2020, 1891, 2021, 2019, 1891, 1886, 2021, 1887, 2021, 1886, 2022, 2017, 2019, 2020, 2017, 2022, 2021, 2023, 2019, 2022, 2019, 2023, 2024, 2021, 1887, 2023, 2021, 2024, 2024, 1887, 2025, 2023, 2024, 2026, 2022, 2023, 2026, 2027, 2024, 2025, 2026, 2024, 2027, 2027, 2025, 2028, 2027, 2028, 2029, 2027, 2029, 2030, 2031, 2022, 2026, 2032, 2026, 2027, 2032, 2031, 2026, 2033, 2027, 2030, 2032, 2027, 2033, 2034, 2022, 2031, 2020, 2022, 2034, 2035, 2031, 2032, 2035, 2034, 2031, 2035, 2032, 2036, 2036, 2032, 2033, 2037, 2034, 2035, 2037, 2035, 2036, 2020, 2034, 2038, 2020, 2038, 2018, 2015, 2018, 2038, 2037, 2039, 2034, 2040, 2015, 2038, 2041, 2034, 2039, 2041, 2038, 2034, 2042, 2015, 2040, 2015, 2042, 2014, 2040, 2038, 2043, 2043, 2038, 2041, 2044, 2042, 2040, 2044, 2040, 2043, 2045, 2014, 2042, 2044, 2045, 2042, 2046, 2014, 2045, 2046, 2016, 2014, 2044, 2047, 2045, 2016, 2046, 2048, 2048, 2007, 2016, 2049, 2046, 2045, 2047, 2049, 2045, 2050, 2046, 2049, 2046, 2050, 2048, 2051, 2049, 2047, 2051, 2050, 2049, 2047, 2044, 2052, 2053, 2051, 2047, 2053, 2047, 2052, 2052, 2044, 2054, 2044, 2043, 2054, 2054, 2043, 2041, 2053, 2052, 2055, 2055, 2052, 2054, 2055, 2056, 2053, 2056, 2055, 2054, 2041, 2057, 2054, 2057, 2041, 2039, 2058, 2057, 2039, 2039, 2037, 2058, 2054, 2057, 2059, 2059, 2057, 2058, 2056, 2054, 2060, 2060, 2054, 2059, 2058, 2037, 2061, 2059, 2058, 2061, 2061, 2037, 2062, 2062, 2037, 2063, 2063, 2037, 2036, 2061, 2062, 2064, 2064, 2062, 2063, 2063, 2036, 2065, 2064, 2063, 2065, 2036, 2066, 2065, 2066, 2036, 2033, 2064, 2067, 2061, 2067, 2059, 2061, 2066, 2033, 2068, 2069, 2068, 2033, 2069, 2066, 2068, 2069, 2033, 2030, 2070, 2069, 2030, 2070, 2071, 2069, 2069, 2072, 2066, 2065, 2066, 2072, 2073, 2069, 2071, 2073, 2072, 2069, 2074, 2073, 2071, 2071, 2075, 2074, 2076, 2072, 2073, 2076, 2073, 2074, 2077, 2065, 2072, 2076, 2077, 2072, 2065, 2077, 2064, 2075, 2078, 2074, 2079, 2078, 2075, 2074, 2080, 2076, 2080, 2074, 2078, 2081, 2078, 2079, 2080, 2078, 2081, 2082, 2081, 2079, 2080, 2083, 2076, 2076, 2083, 2077, 2084, 2080, 2081, 2084, 2081, 2082, 2085, 2083, 2080, 2086, 2077, 2083, 2086, 2083, 2085, 2087, 2077, 2086, 2087, 2064, 2077, 2088, 2064, 2087, 2086, 2088, 2087, 2067, 2064, 2088, 2089, 2088, 2086, 2090, 2067, 2088, 2089, 2090, 2088, 2091, 2089, 2086, 2085, 2091, 2086, 2089, 2092, 2090, 2092, 2089, 2091, 2093, 2067, 2090, 2093, 2090, 2092, 2067, 2093, 2094, 2094, 2059, 2067, 2095, 2059, 2094, 2095, 2094, 2093, 2060, 2059, 2095, 2060, 2095, 2096, 2056, 2060, 2096, 2097, 2095, 2093, 2096, 2095, 2097, 2056, 2096, 2098, 2096, 2097, 2099, 2098, 2096, 2099, 2093, 2100, 2097, 2100, 2099, 2097, 2098, 2101, 2056, 2056, 2101, 2053, 2102, 2098, 2099, 2102, 2101, 2098, 2103, 2053, 2101, 2103, 2051, 2053, 2101, 2104, 2103, 2104, 2051, 2103, 2102, 2105, 2101, 2105, 2104, 2101, 2104, 2106, 2051, 2050, 2051, 2106, 2107, 2106, 2104, 2107, 2104, 2105, 2108, 2050, 2106, 2108, 2106, 2107, 2109, 2105, 2102, 2110, 2050, 2108, 2111, 2109, 2102, 2111, 2102, 2099, 2110, 2112, 2050, 2048, 2050, 2112, 2108, 2113, 2110, 2114, 2048, 2112, 2110, 2113, 2115, 2112, 2110, 2115, 2114, 2116, 2048, 2048, 2116, 2007, 2000, 2007, 2116, 2114, 2112, 2117, 2117, 2116, 2114, 2118, 2112, 2115, 2112, 2118, 2117, 2116, 2119, 2000, 2120, 2116, 2117, 2119, 2116, 2120, 2119, 2121, 2000, 2000, 2121, 1997, 2121, 1996, 1997, 2119, 2122, 2121, 2121, 2122, 1996, 2120, 2122, 2119, 2122, 1995, 1996, 2123, 2122, 2120, 2123, 2124, 2122, 1995, 2122, 2124, 2125, 2123, 2120, 2123, 2125, 2124, 2125, 2120, 2117, 2126, 1995, 2124, 2127, 2125, 2117, 2127, 2117, 2118, 2128, 1995, 2126, 2129, 2127, 2118, 2128, 2130, 1995, 2130, 1989, 1995, 1989, 2130, 1983, 2128, 2126, 2131, 2131, 2126, 2124, 2130, 2128, 2132, 2128, 2131, 2132, 2133, 1983, 2130, 2132, 2133, 2130, 2134, 2131, 2124, 2134, 2124, 2125, 2135, 2132, 2131, 2135, 2131, 2134, 2133, 2132, 2136, 2136, 2132, 2135, 2133, 2137, 1983, 1974, 1983, 2137, 2133, 2136, 2138, 2133, 2138, 2137, 2139, 1974, 2137, 2139, 2137, 2138, 2139, 1970, 1974, 2139, 1972, 1970, 2140, 2138, 2136, 2136, 2135, 2140, 2138, 2141, 2139, 2141, 1972, 2139, 2142, 2138, 2140, 2141, 2138, 2142, 2143, 2140, 2135, 2144, 2141, 2142, 2143, 2135, 2145, 2145, 2135, 2134, 2144, 2142, 2146, 2134, 2147, 2145, 2147, 2134, 2125, 2140, 2148, 2142, 2146, 2142, 2148, 2148, 2140, 2149, 2149, 2140, 2143, 2150, 2148, 2149, 2150, 2149, 2143, 2151, 2146, 2148, 2150, 2151, 2148, 2146, 2152, 2144, 2152, 2141, 2144, 2151, 2153, 2146, 2151, 2150, 2154, 2153, 2151, 2154, 2155, 2152, 2146, 2146, 2153, 2155, 2150, 2156, 2154, 2157, 2153, 2154, 2157, 2154, 2156, 2150, 2158, 2156, 2158, 2150, 2143, 2159, 2157, 2156, 2158, 2159, 2156, 2153, 2157, 2160, 2158, 2143, 2161, 2143, 2145, 2161, 2160, 2162, 2153, 2155, 2153, 2162, 2163, 2161, 2145, 2145, 2147, 2163, 2158, 2161, 2164, 2165, 2161, 2163, 2164, 2161, 2165, 2166, 2158, 2164, 2158, 2166, 2159, 2167, 2164, 2165, 2168, 2166, 2164, 2168, 2164, 2167, 2165, 2163, 2169, 2165, 2169, 2167, 2170, 2166, 2168, 2169, 2163, 2171, 2163, 2147, 2171, 2172, 2171, 2173, 2169, 2171, 2172, 2147, 2174, 2171, 2174, 2147, 2169, 2169, 2147, 2175, 2125, 2175, 2147, 2175, 2125, 2127, 2127, 2129, 2175, 2175, 2129, 2169, 2167, 2169, 2129, 2167, 2129, 2176, 2176, 2129, 2118, 2176, 2118, 2115, 2177, 2176, 2115, 2176, 2177, 2167, 2177, 2115, 2113, 2108, 2177, 2113, 2178, 2168, 2167, 2167, 2177, 2178, 2168, 2178, 2170, 2108, 2179, 2177, 2107, 2179, 2108, 2177, 2180, 2178, 2181, 2179, 2107, 2105, 2181, 2107, 2182, 2177, 2179, 2180, 2177, 2182, 2183, 2181, 2105, 2183, 2105, 2109, 2184, 2179, 2181, 2184, 2182, 2179, 2181, 2183, 2185, 2184, 2181, 2185, 2186, 2183, 2109, 2186, 2109, 2111, 2187, 2185, 2183, 2187, 2183, 2186, 2188, 2184, 2185, 2188, 2185, 2187, 2184, 2189, 2182, 2189, 2180, 2182, 2190, 2184, 2188, 2190, 2189, 2184, 2191, 2178, 2180, 2191, 2180, 2189, 2170, 2178, 2191, 2192, 2189, 2190, 2191, 2193, 2170, 2166, 2170, 2193, 2159, 2166, 2193, 2194, 2191, 2189, 2194, 2189, 2192, 2193, 2191, 2195, 2195, 2159, 2193, 2194, 2196, 2191, 2192, 2196, 2194, 2195, 2191, 2197, 2196, 2197, 2191, 2195, 2198, 2159, 2196, 2199, 2197, 2195, 2197, 2200, 2199, 2200, 2197, 2198, 2195, 2200, 2196, 2201, 2199, 2200, 2199, 2201, 2201, 2196, 2192, 2202, 2198, 2200, 2201, 2192, 2203, 2202, 2204, 2198, 2204, 2159, 2198, 2203, 2192, 2205, 2190, 2205, 2192, 2188, 2205, 2190, 2159, 2204, 2206, 2159, 2206, 2157, 2206, 2160, 2157, 2205, 2188, 2207, 2206, 2208, 2160, 2207, 2188, 2209, 2187, 2209, 2188, 2208, 2210, 2160, 2210, 2162, 2160, 2209, 2187, 2211, 2186, 2211, 2187, 2210, 2212, 2162, 2212, 2210, 2208, 2212, 2213, 2162, 2162, 2213, 2214, 2214, 2155, 2162, 2215, 2213, 2212, 2214, 2216, 2155, 2155, 2216, 2152, 2213, 2217, 2214, 2216, 2214, 2217, 2217, 2213, 2215, 2218, 2152, 2216, 2218, 2216, 2217, 2218, 2219, 2152, 2152, 2219, 2141, 2217, 2220, 2218, 2219, 2221, 2141, 2141, 2221, 1972, 2218, 2222, 2219, 2220, 2222, 2218, 2223, 2221, 2219, 2219, 2222, 2223, 2221, 2224, 1972, 2221, 2223, 2224, 1972, 2224, 1967, 2224, 1966, 1967, 2222, 2225, 2223, 2220, 2225, 2222, 2223, 2226, 2224, 2223, 2225, 2226, 2227, 1966, 2224, 2226, 2227, 2224, 2227, 1969, 1966, 2228, 2226, 2225, 2227, 2229, 1969, 2230, 2228, 2225, 2231, 2229, 2227, 2226, 2231, 2227, 2232, 2226, 2228, 2226, 2232, 2231, 2230, 2232, 2228, 2231, 2233, 2229, 2233, 1969, 2229, 2232, 2234, 2231, 2233, 2235, 1969, 1969, 2235, 1960, 2236, 2233, 2231, 2234, 2236, 2231, 2237, 2235, 2233, 2237, 2233, 2236, 2235, 2238, 1960, 1960, 2238, 1955, 2238, 1954, 1955, 2235, 2237, 2239, 2239, 2238, 2235, 2240, 2239, 2237, 2240, 2237, 2236, 2239, 2241, 2238, 2240, 2241, 2239, 2238, 2242, 1954, 2241, 2242, 2238, 2242, 1956, 1954, 2243, 2240, 2236, 1956, 2242, 2244, 2243, 2245, 2240, 2241, 2240, 2245, 2246, 2243, 2236, 2246, 2245, 2243, 2234, 2246, 2236, 2247, 2241, 2245, 2234, 2248, 2246, 2232, 2248, 2234, 2245, 2246, 2249, 2248, 2249, 2246, 2245, 2249, 2247, 2250, 2248, 2232, 2232, 2230, 2250, 2251, 2241, 2247, 2251, 2252, 2241, 2242, 2241, 2252, 2252, 2244, 2242, 2247, 2253, 2251, 2251, 2253, 2252, 2254, 2253, 2247, 2249, 2254, 2247, 2253, 2255, 2252, 2254, 2255, 2253, 2256, 2244, 2252, 2256, 2252, 2255, 2257, 2255, 2254, 2249, 2257, 2254, 2256, 2258, 2244, 2259, 2255, 2257, 2260, 2244, 2258, 2244, 2260, 1956, 2260, 1958, 1956, 2259, 2261, 2255, 2261, 2256, 2255, 1958, 2260, 2262, 2258, 2262, 2260, 2258, 2256, 2263, 2261, 2263, 2256, 2263, 2264, 2258, 2258, 2264, 2262, 2265, 2264, 2263, 2261, 2265, 2263, 2264, 2266, 2262, 2262, 2267, 1958, 2264, 2268, 2266, 2264, 2265, 2268, 2267, 2262, 2269, 2262, 2266, 2269, 2267, 2269, 1958, 2268, 2270, 2266, 2270, 2269, 2266, 1958, 2269, 2271, 1939, 1958, 2271, 1939, 2271, 1938, 2271, 1941, 1938, 2271, 2269, 2272, 2272, 2269, 2270, 2271, 2273, 1941, 2273, 2271, 2272, 2273, 2274, 1941, 1941, 2274, 1840, 1838, 1840, 2274, 2273, 2272, 2275, 2274, 2273, 2275, 2270, 2276, 2272, 2276, 2275, 2272, 1838, 2274, 2277, 1836, 1838, 2277, 2276, 2270, 2278, 2270, 2268, 2278, 2279, 2275, 2276, 2279, 2276, 2278, 2274, 2275, 2280, 2275, 2279, 2281, 2280, 2275, 2281, 2280, 2282, 2274, 2274, 2282, 2277, 2281, 2283, 2280, 2280, 2283, 2282, 2283, 2281, 2284, 2283, 2285, 2282, 2285, 2283, 2284, 2286, 2277, 2282, 2285, 2286, 2282, 1836, 2277, 2287, 2286, 2287, 2277, 2288, 1836, 2287, 1834, 1836, 2288, 2287, 2289, 2288, 2286, 2289, 2287, 2290, 1834, 2288, 2290, 2288, 2289, 1834, 2290, 1828, 2290, 2289, 2291, 2290, 2292, 1828, 2291, 2292, 2290, 2293, 1828, 2292, 2293, 1827, 1828, 1827, 2293, 2292, 2294, 1827, 2292, 1827, 2294, 1744, 1737, 1744, 2294, 2294, 2292, 2295, 2294, 2295, 1737, 2292, 2291, 2295, 1737, 2295, 2296, 2296, 1735, 1737, 1736, 1735, 2296, 2295, 2291, 2297, 2291, 2289, 2297, 2298, 2296, 2295, 2295, 2297, 2298, 2299, 2296, 2298, 2299, 1736, 2296, 2298, 2300, 2299, 1736, 2299, 2300, 2298, 2297, 2300, 2297, 2289, 2301, 2289, 2286, 2301, 2301, 2302, 2297, 2300, 2297, 2302, 2286, 2303, 2301, 2303, 2302, 2301, 2286, 2304, 2303, 2285, 2304, 2286, 2303, 2305, 2302, 2306, 2304, 2285, 2303, 2304, 2307, 2304, 2306, 2307, 2305, 2303, 2307, 2284, 2306, 2285, 2305, 2308, 2302, 2300, 2302, 2308, 2305, 2309, 2308, 2310, 2309, 2305, 2307, 2310, 2305, 2309, 2311, 2308, 2309, 2310, 2311, 2308, 2312, 2300, 2312, 2308, 2311, 2307, 2313, 2310, 2313, 2307, 2306, 2310, 2314, 2311, 2313, 2315, 2310, 2314, 2310, 2315, 2316, 2313, 2306, 2313, 2317, 2315, 2313, 2316, 2317, 2306, 2318, 2316, 2306, 2284, 2318, 2316, 2319, 2317, 2320, 2318, 2284, 2320, 2284, 2281, 2320, 2281, 2279, 2316, 2318, 2321, 2319, 2316, 2321, 2318, 2320, 2322, 2318, 2322, 2321, 2323, 2320, 2279, 2323, 2279, 2278, 2324, 2320, 2323, 2325, 2323, 2278, 2323, 2325, 2324, 2324, 2326, 2320, 2326, 2322, 2320, 2324, 2325, 2327, 2324, 2328, 2326, 2324, 2327, 2328, 2329, 2322, 2326, 2329, 2326, 2328, 2330, 2322, 2329, 2331, 2329, 2328, 2331, 2330, 2329, 2322, 2330, 2332, 2332, 2321, 2322, 2328, 2333, 2331, 2321, 2332, 2334, 2334, 2319, 2321, 2335, 2333, 2328, 2331, 2333, 2335, 2335, 2328, 2327, 2334, 2336, 2319, 2336, 2317, 2319, 2315, 2317, 2336, 2336, 2337, 2315, 2337, 2314, 2315, 2336, 2334, 2338, 2339, 2337, 2336, 2339, 2336, 2338, 2337, 2340, 2314, 2337, 2339, 2341, 2337, 2341, 2340, 2314, 2340, 2342, 2311, 2314, 2342, 2342, 2343, 2311, 2312, 2311, 2343, 2344, 2342, 2340, 2343, 2342, 2344, 2343, 2345, 2312, 2346, 2344, 2340, 2345, 2343, 2347, 2348, 2346, 2340, 2348, 2340, 2341, 2349, 2312, 2345, 2345, 2347, 2349, 2349, 2350, 2312, 2312, 2350, 2300, 2350, 2351, 2300, 2351, 1736, 2300, 2351, 2350, 2352, 1736, 2351, 2352, 2349, 2352, 2350, 1516, 1736, 2352, 1511, 1516, 2352, 2349, 2353, 2352, 2347, 2353, 2349, 2354, 1511, 2352, 2353, 2354, 2352, 2354, 1510, 1511, 2355, 2354, 2353, 2355, 1510, 2354, 2355, 2353, 2356, 2347, 2356, 2353, 2355, 2357, 1510, 2355, 2356, 2357, 2347, 2358, 2356, 2357, 2356, 2358, 2347, 2359, 2358, 2359, 2347, 2343, 2359, 2343, 2344, 2357, 2360, 1510, 1510, 2360, 1503, 2360, 2357, 1503, 2358, 2359, 2361, 2361, 2357, 2358, 2357, 2362, 1503, 1499, 1503, 2362, 1498, 1499, 2362, 2357, 2361, 2363, 2357, 2363, 2362, 2364, 2361, 2359, 2365, 2363, 2361, 2364, 2365, 2361, 2366, 2362, 2363, 2365, 2366, 2363, 2367, 1498, 2362, 2362, 2366, 2367, 2366, 2365, 2368, 2368, 2367, 2366, 2369, 2365, 2364, 2369, 2368, 2365, 1498, 2367, 2370, 2370, 1501, 1498, 2371, 2367, 2368, 2372, 1501, 2370, 1501, 2372, 1492, 2373, 2370, 2367, 2373, 2372, 2370, 2371, 2373, 2367, 2374, 1492, 2372, 2368, 2375, 2371, 2375, 2368, 2369, 1492, 2374, 2376, 1495, 1492, 2376, 2377, 2374, 2372, 2372, 2373, 2377, 2374, 2378, 2376, 2374, 2377, 2378, 2376, 2379, 1495, 2379, 2376, 2378, 2373, 2380, 2377, 2380, 2373, 2371, 2381, 2378, 2377, 2382, 2380, 2371, 2382, 2371, 2375, 2383, 2377, 2380, 2383, 2381, 2377, 2384, 2380, 2382, 2384, 2383, 2380, 2385, 2382, 2375, 2385, 2375, 2369, 2384, 2382, 2386, 2369, 2387, 2385, 2369, 2364, 2387, 2384, 2388, 2383, 2388, 2384, 2386, 2389, 2383, 2388, 2389, 2381, 2383, 2390, 2386, 2382, 2390, 2382, 2385, 2391, 2381, 2389, 2392, 2390, 2385, 2391, 2393, 2381, 2378, 2381, 2393, 2389, 2394, 2391, 2394, 2389, 2388, 2393, 2395, 2378, 2378, 2395, 2379, 2393, 2391, 2396, 2396, 2395, 2393, 2379, 2395, 2397, 2379, 2397, 1495, 2396, 2398, 2395, 2397, 2395, 2398, 1495, 2397, 2399, 2399, 1483, 1495, 2400, 2397, 2398, 2401, 1483, 2399, 2397, 2401, 2399, 2402, 2400, 2398, 2396, 2402, 2398, 2403, 2397, 2400, 2396, 2404, 2402, 2403, 2405, 2397, 2397, 2405, 2401, 2400, 2406, 2403, 2406, 2400, 2402, 2403, 2407, 2405, 2403, 2406, 2407, 2405, 2408, 2401, 2408, 2405, 2407, 2401, 2409, 1483, 2409, 1481, 1483, 2401, 2410, 2409, 2410, 1481, 2409, 2408, 2410, 2401, 1482, 1481, 2410, 2408, 2411, 2410, 2411, 1482, 2410, 2411, 2408, 2407, 1482, 2411, 1484, 2412, 1484, 2411, 2411, 2407, 2412, 1486, 1484, 2412, 2412, 1488, 1486, 2407, 1488, 2412, 2413, 2407, 2406, 2407, 2414, 1488, 2414, 2407, 2413, 2406, 2415, 2413, 2415, 2406, 2402, 2404, 2415, 2402, 2413, 2416, 2414, 2416, 2413, 2415, 2417, 2415, 2404, 2418, 2417, 2404, 2418, 2404, 2396, 2418, 2396, 2391, 2419, 2415, 2417, 2417, 2418, 2419, 2420, 2418, 2391, 2420, 2391, 2394, 2421, 2419, 2418, 2421, 2418, 2420, 2422, 2415, 2419, 2416, 2415, 2422, 2423, 2419, 2421, 2423, 2422, 2419, 2424, 2421, 2420, 2423, 2421, 2425, 2424, 2425, 2421, 2420, 2394, 2426, 2424, 2420, 2427, 2420, 2426, 2427, 2425, 2424, 2428, 2428, 2424, 2427, 2429, 2426, 2394, 2429, 2394, 2388, 2430, 2426, 2429, 2427, 2426, 2430, 2429, 2388, 2431, 2388, 2386, 2431, 2432, 2430, 2429, 2432, 2429, 2431, 2433, 2427, 2430, 2432, 2433, 2430, 2431, 2386, 2434, 2434, 2386, 2390, 2435, 2432, 2431, 2431, 2434, 2435, 2436, 2432, 2435, 2436, 2435, 2434, 2390, 2437, 2434, 2434, 2437, 2436, 2438, 2432, 2436, 2438, 2433, 2432, 2439, 2436, 2437, 2438, 2436, 2439, 2437, 2390, 2440, 2440, 2390, 2392, 2439, 2437, 2441, 2441, 2437, 2440, 2440, 2392, 2442, 2392, 2385, 2442, 2441, 2440, 2443, 2442, 2385, 2444, 2385, 2387, 2444, 2442, 2445, 2440, 2440, 2445, 2443, 2445, 2442, 2446, 2442, 2444, 2447, 2442, 2447, 2446, 2446, 2448, 2445, 2445, 2448, 2443, 2446, 2447, 2449, 2449, 2448, 2446, 2444, 2450, 2447, 2450, 2449, 2447, 2444, 2387, 2451, 2450, 2444, 2451, 2387, 2452, 2451, 2452, 2450, 2451, 2364, 2452, 2387, 2359, 2452, 2364, 2452, 2359, 2344, 2344, 2453, 2452, 2450, 2452, 2453, 2453, 2344, 2346, 2346, 2454, 2453, 2346, 2348, 2454, 2455, 2450, 2453, 2455, 2453, 2454, 2456, 2450, 2455, 2449, 2450, 2456, 2457, 2455, 2454, 2457, 2454, 2348, 2455, 2457, 2456, 2458, 2457, 2348, 2458, 2348, 2459, 2348, 2341, 2459, 2460, 2459, 2341, 2458, 2459, 2460, 2460, 2341, 2339, 2457, 2458, 2461, 2461, 2458, 2460, 2462, 2457, 2461, 2462, 2456, 2457, 2460, 2463, 2461, 2339, 2463, 2460, 2464, 2462, 2461, 2464, 2461, 2463, 2465, 2462, 2464, 2456, 2462, 2465, 2466, 2463, 2339, 2466, 2339, 2338, 2463, 2467, 2464, 2338, 2468, 2466, 2338, 2334, 2468, 2469, 2463, 2466, 2467, 2463, 2469, 2469, 2466, 2470, 2468, 2470, 2466, 2469, 2471, 2467, 2469, 2470, 2471, 2472, 2464, 2467, 2471, 2472, 2467, 2465, 2464, 2472, 2473, 2471, 2470, 2474, 2465, 2472, 2474, 2456, 2465, 2475, 2472, 2471, 2472, 2476, 2474, 2475, 2476, 2472, 2476, 2475, 2474, 2475, 2471, 2477, 2474, 2475, 2477, 2477, 2471, 2473, 2456, 2474, 2478, 2474, 2477, 2479, 2479, 2478, 2474, 2480, 2477, 2473, 2478, 2481, 2456, 2481, 2449, 2456, 2448, 2449, 2481, 2482, 2448, 2481, 2448, 2482, 2443, 2483, 2481, 2478, 2483, 2482, 2481, 2484, 2483, 2478, 2484, 2478, 2479, 2482, 2483, 2485, 2485, 2443, 2482, 2483, 2484, 2486, 2486, 2485, 2483, 2479, 2487, 2484, 2486, 2484, 2487, 2443, 2485, 2488, 2488, 2441, 2443, 2489, 2485, 2486, 2441, 2488, 2490, 2490, 2439, 2441, 2488, 2485, 2491, 2492, 2490, 2488, 2491, 2492, 2488, 2493, 2439, 2490, 2490, 2492, 2493, 2494, 2491, 2485, 2485, 2489, 2494, 2495, 2492, 2491, 2495, 2493, 2492, 2496, 2491, 2494, 2491, 2496, 2495, 2439, 2493, 2497, 2497, 2438, 2439, 2498, 2493, 2495, 2493, 2499, 2497, 2499, 2493, 2498, 2500, 2438, 2497, 2499, 2501, 2497, 2497, 2501, 2500, 2438, 2500, 2502, 2502, 2433, 2438, 2501, 2503, 2500, 2503, 2502, 2500, 2501, 2499, 2504, 2499, 2498, 2504, 2503, 2501, 2505, 2504, 2505, 2501, 2502, 2506, 2433, 2427, 2433, 2506, 2507, 2506, 2502, 2506, 2508, 2427, 2507, 2508, 2506, 2428, 2427, 2508, 2509, 2507, 2502, 2503, 2509, 2502, 2510, 2507, 2509, 2510, 2508, 2507, 2511, 2509, 2503, 2509, 2511, 2510, 2512, 2503, 2505, 2511, 2503, 2512, 2513, 2508, 2510, 2513, 2510, 2511, 2505, 2514, 2512, 2504, 2514, 2505, 2511, 2512, 2515, 2514, 2504, 2516, 2517, 2515, 2512, 2514, 2517, 2512, 2518, 2511, 2515, 2511, 2518, 2513, 2519, 2515, 2517, 2518, 2515, 2519, 2520, 2519, 2517, 2520, 2517, 2514, 2519, 2521, 2518, 2519, 2520, 2521, 2518, 2522, 2513, 2522, 2518, 2521, 2523, 2513, 2522, 2520, 2524, 2521, 2523, 2525, 2513, 2525, 2508, 2513, 2526, 2521, 2524, 2526, 2522, 2521, 2508, 2525, 2527, 2527, 2428, 2508, 2528, 2527, 2525, 2529, 2428, 2527, 2529, 2527, 2528, 2525, 2530, 2528, 2523, 2530, 2525, 2531, 2529, 2528, 2531, 2528, 2530, 2529, 2532, 2428, 2428, 2532, 2425, 2532, 2423, 2425, 2529, 2533, 2532, 2534, 2423, 2532, 2533, 2534, 2532, 2535, 2533, 2529, 2531, 2535, 2529, 2536, 2534, 2533, 2535, 2536, 2533, 2423, 2534, 2537, 2535, 2531, 2538, 2537, 2539, 2423, 2539, 2422, 2423, 2534, 2540, 2537, 2540, 2539, 2537, 2536, 2541, 2534, 2541, 2540, 2534, 2536, 2535, 2542, 2538, 2542, 2535, 2543, 2541, 2536, 2542, 2543, 2536, 2544, 2541, 2543, 2545, 2543, 2542, 2545, 2544, 2543, 2541, 2544, 2546, 2540, 2541, 2546, 2545, 2547, 2544, 2547, 2546, 2544, 2548, 2545, 2542, 2549, 2548, 2542, 2549, 2542, 2538, 2548, 2550, 2545, 2548, 2549, 2550, 2551, 2549, 2538, 2531, 2551, 2538, 2552, 2551, 2531, 2552, 2531, 2530, 2551, 2552, 2553, 2551, 2553, 2549, 2552, 2530, 2554, 2553, 2552, 2554, 2554, 2530, 2523, 2522, 2554, 2523, 2555, 2549, 2553, 2554, 2522, 2556, 2556, 2522, 2526, 2557, 2553, 2554, 2557, 2555, 2553, 2554, 2556, 2558, 2557, 2554, 2558, 2549, 2555, 2559, 2549, 2559, 2550, 2557, 2560, 2555, 2559, 2555, 2560, 2558, 2561, 2557, 2561, 2560, 2557, 2562, 2561, 2558, 2562, 2558, 2556, 2561, 2563, 2560, 2564, 2561, 2562, 2564, 2563, 2561, 2565, 2559, 2560, 2563, 2565, 2560, 2566, 2563, 2564, 2567, 2565, 2563, 2566, 2567, 2563, 2566, 2564, 2568, 2569, 2567, 2566, 2569, 2566, 2568, 2568, 2564, 2570, 2570, 2564, 2562, 2569, 2568, 2571, 2572, 2568, 2570, 2571, 2568, 2572, 2570, 2562, 2573, 2574, 2569, 2571, 2573, 2562, 2575, 2562, 2556, 2575, 2570, 2573, 2576, 2572, 2570, 2576, 2575, 2556, 2577, 2556, 2526, 2577, 2573, 2575, 2578, 2576, 2573, 2578, 2575, 2577, 2579, 2575, 2579, 2578, 2577, 2526, 2580, 2580, 2579, 2577, 2526, 2524, 2580, 2578, 2579, 2581, 2580, 2524, 2582, 2524, 2520, 2582, 2579, 2580, 2583, 2581, 2579, 2583, 2584, 2580, 2582, 2583, 2580, 2584, 2520, 2585, 2582, 2581, 2583, 2586, 2520, 2587, 2585, 2587, 2520, 2514, 2588, 2582, 2585, 2584, 2582, 2588, 2587, 2514, 2589, 2584, 2590, 2583, 2584, 2588, 2590, 2583, 2590, 2586, 2587, 2589, 2591, 2585, 2587, 2591, 2589, 2514, 2592, 2591, 2589, 2592, 2514, 2516, 2592, 2593, 2585, 2591, 2588, 2585, 2593, 2592, 2516, 2594, 2516, 2504, 2594, 2594, 2504, 2498, 2595, 2588, 2593, 2595, 2590, 2588, 2596, 2594, 2498, 2498, 2597, 2596, 2597, 2498, 2495, 2597, 2495, 2496, 2594, 2596, 2598, 2598, 2596, 2597, 2599, 2597, 2496, 2598, 2597, 2599, 2600, 2599, 2496, 2494, 2600, 2496, 2598, 2601, 2594, 2601, 2592, 2594, 2602, 2600, 2494, 2489, 2602, 2494, 2592, 2601, 2603, 2591, 2592, 2603, 2604, 2601, 2598, 2604, 2603, 2601, 2605, 2591, 2603, 2593, 2591, 2605, 2606, 2603, 2604, 2593, 2605, 2607, 2595, 2593, 2607, 2605, 2603, 2608, 2605, 2608, 2607, 2608, 2603, 2606, 2595, 2607, 2609, 2607, 2608, 2610, 2607, 2610, 2609, 2611, 2595, 2609, 2609, 2610, 2611, 2611, 2590, 2595, 2608, 2612, 2610, 2613, 2590, 2611, 2586, 2590, 2613, 2608, 2614, 2612, 2606, 2614, 2608, 2615, 2586, 2613, 2586, 2615, 2581, 2615, 2578, 2581, 2613, 2616, 2615, 2611, 2616, 2613, 2617, 2578, 2615, 2576, 2578, 2617, 2618, 2615, 2616, 2617, 2615, 2618, 2616, 2611, 2619, 2616, 2620, 2618, 2611, 2621, 2619, 2611, 2610, 2621, 2622, 2616, 2619, 2616, 2622, 2620, 2619, 2621, 2623, 2623, 2622, 2619, 2620, 2624, 2618, 2624, 2617, 2618, 2620, 2622, 2625, 2624, 2620, 2625, 2621, 2626, 2623, 2625, 2627, 2624, 2628, 2623, 2626, 2623, 2628, 2622, 2626, 2621, 2629, 2628, 2626, 2629, 2630, 2625, 2622, 2621, 2631, 2629, 2621, 2610, 2631, 2630, 2622, 2632, 2632, 2622, 2628, 2630, 2633, 2625, 2625, 2633, 2627, 2634, 2630, 2632, 2630, 2634, 2633, 2632, 2635, 2634, 2628, 2635, 2632, 2634, 2636, 2633, 2637, 2635, 2628, 2636, 2634, 2638, 2638, 2634, 2635, 2639, 2635, 2637, 2639, 2638, 2635, 2640, 2639, 2637, 2640, 2637, 2628, 2639, 2640, 2641, 2638, 2639, 2641, 2640, 2628, 2642, 2641, 2640, 2642, 2643, 2642, 2628, 2629, 2643, 2628, 2641, 2642, 2644, 2629, 2645, 2643, 2646, 2641, 2644, 2629, 2647, 2645, 2641, 2646, 2648, 2641, 2648, 2638, 2629, 2649, 2647, 2645, 2647, 2649, 2629, 2631, 2649, 2645, 2650, 2643, 2642, 2643, 2650, 2649, 2631, 2651, 2631, 2610, 2651, 2651, 2610, 2612, 2645, 2649, 2652, 2649, 2651, 2652, 2612, 2653, 2651, 2614, 2653, 2612, 2653, 2654, 2651, 2614, 2654, 2653, 2652, 2651, 2655, 2651, 2654, 2655, 2656, 2645, 2652, 2645, 2656, 2650, 2655, 2657, 2652, 2657, 2658, 2652, 2658, 2656, 2652, 2659, 2657, 2655, 2659, 2658, 2657, 2654, 2660, 2655, 2655, 2660, 2659, 2661, 2660, 2654, 2654, 2662, 2661, 2614, 2662, 2654, 2661, 2663, 2660, 2662, 2663, 2661, 2663, 2659, 2660, 2614, 2664, 2662, 2614, 2606, 2664, 2663, 2662, 2665, 2662, 2664, 2665, 2659, 2663, 2666, 2667, 2664, 2606, 2666, 2668, 2659, 2667, 2606, 2669, 2606, 2604, 2669, 2598, 2669, 2604, 2670, 2664, 2667, 2669, 2670, 2667, 2669, 2598, 2671, 2671, 2670, 2669, 2671, 2598, 2599, 2599, 2672, 2671, 2671, 2672, 2670, 2672, 2599, 2600, 2664, 2670, 2673, 2673, 2665, 2664, 2672, 2674, 2670, 2670, 2674, 2673, 2672, 2600, 2675, 2675, 2600, 2602, 2674, 2672, 2676, 2672, 2675, 2676, 2602, 2677, 2675, 2676, 2675, 2677, 2602, 2489, 2677, 2674, 2676, 2678, 2674, 2678, 2673, 2679, 2677, 2489, 2489, 2486, 2679, 2679, 2486, 2487, 2676, 2677, 2680, 2679, 2680, 2677, 2487, 2681, 2679, 2487, 2682, 2681, 2479, 2682, 2487, 2679, 2681, 2683, 2682, 2683, 2681, 2684, 2682, 2479, 2682, 2684, 2683, 2479, 2477, 2684, 2480, 2684, 2477, 2685, 2679, 2683, 2680, 2679, 2685, 2686, 2684, 2480, 2683, 2684, 2686, 2685, 2687, 2680, 2683, 2687, 2685, 2688, 2680, 2687, 2688, 2676, 2680, 2683, 2689, 2687, 2690, 2676, 2688, 2678, 2676, 2690, 2687, 2691, 2688, 2690, 2688, 2692, 2692, 2688, 2691, 2687, 2693, 2691, 2692, 2691, 2693, 2693, 2687, 2689, 2690, 2692, 2694, 2694, 2692, 2693, 2678, 2690, 2694, 2689, 2683, 2695, 2695, 2683, 2686, 2678, 2694, 2696, 2678, 2696, 2673, 2673, 2696, 2665, 2696, 2697, 2665, 2697, 2663, 2665, 2694, 2698, 2696, 2696, 2698, 2697, 2698, 2694, 2699, 2693, 2699, 2694, 2700, 2663, 2697, 2663, 2700, 2666, 2668, 2666, 2700, 2699, 2693, 2701, 2693, 2689, 2701, 2699, 2702, 2698, 2701, 2702, 2699, 2689, 2703, 2701, 2689, 2695, 2703, 2701, 2704, 2702, 2705, 2703, 2695, 2686, 2705, 2695, 2701, 2703, 2706, 2701, 2706, 2704, 2703, 2705, 2707, 2706, 2703, 2707, 2705, 2686, 2708, 2686, 2480, 2708, 2707, 2705, 2709, 2709, 2705, 2708, 2706, 2707, 2710, 2709, 2710, 2707, 2711, 2708, 2480, 2473, 2711, 2480, 2473, 2470, 2711, 2711, 2470, 2468, 2712, 2709, 2708, 2711, 2712, 2708, 2711, 2468, 2713, 2712, 2711, 2713, 2709, 2712, 2714, 2712, 2713, 2714, 2710, 2709, 2714, 2468, 2715, 2713, 2715, 2468, 2334, 2334, 2332, 2715, 2716, 2713, 2715, 2716, 2714, 2713, 2715, 2332, 2717, 2716, 2715, 2717, 2717, 2332, 2330, 2718, 2714, 2716, 2718, 2716, 2717, 2717, 2330, 2719, 2331, 2719, 2330, 2720, 2714, 2718, 2719, 2331, 2721, 2721, 2717, 2719, 2722, 2714, 2720, 2720, 2718, 2722, 2710, 2714, 2722, 2723, 2718, 2717, 2724, 2717, 2721, 2723, 2717, 2724, 2725, 2724, 2721, 2724, 2725, 2723, 2331, 2726, 2721, 2725, 2721, 2726, 2727, 2726, 2331, 2331, 2335, 2727, 2725, 2726, 2728, 2728, 2726, 2727, 2729, 2723, 2725, 2730, 2718, 2723, 2729, 2730, 2723, 2722, 2718, 2730, 2729, 2725, 2731, 2731, 2730, 2729, 2732, 2725, 2728, 2731, 2725, 2732, 2733, 2732, 2728, 2734, 2731, 2732, 2734, 2732, 2733, 2733, 2728, 2735, 2735, 2728, 2727, 2736, 2734, 2733, 2737, 2735, 2727, 2727, 2335, 2737, 2733, 2735, 2738, 2736, 2733, 2738, 2735, 2737, 2739, 2735, 2740, 2738, 2739, 2740, 2735, 2738, 2740, 2739, 2737, 2335, 2741, 2741, 2739, 2737, 2742, 2741, 2335, 2335, 2327, 2742, 2739, 2741, 2743, 2742, 2327, 2744, 2325, 2744, 2327, 2741, 2742, 2745, 2745, 2742, 2744, 2743, 2741, 2745, 2325, 2746, 2744, 2745, 2744, 2746, 2746, 2325, 2278, 2746, 2278, 2747, 2745, 2746, 2747, 2748, 2747, 2278, 2268, 2748, 2278, 2748, 2268, 2265, 2747, 2748, 2749, 2749, 2748, 2265, 2745, 2747, 2749, 2265, 2750, 2749, 2751, 2745, 2749, 2751, 2749, 2750, 2752, 2750, 2265, 2265, 2261, 2752, 2750, 2752, 2753, 2261, 2753, 2752, 2750, 2753, 2754, 2261, 2754, 2753, 2750, 2754, 2751, 2755, 2745, 2751, 2755, 2743, 2745, 2756, 2755, 2751, 2743, 2755, 2757, 2757, 2755, 2756, 2751, 2758, 2756, 2757, 2759, 2743, 2759, 2739, 2743, 2738, 2739, 2759, 2756, 2758, 2760, 2757, 2756, 2760, 2738, 2759, 2761, 2761, 2759, 2757, 2762, 2757, 2760, 2761, 2757, 2763, 2763, 2757, 2762, 2762, 2760, 2764, 2764, 2760, 2758, 2763, 2762, 2764, 2765, 2758, 2751, 2764, 2758, 2765, 2754, 2765, 2751, 2766, 2763, 2764, 2767, 2765, 2754, 2766, 2764, 2768, 2768, 2764, 2765, 2769, 2767, 2754, 2769, 2754, 2261, 2770, 2765, 2767, 2768, 2765, 2770, 2770, 2767, 2771, 2767, 2769, 2771, 2768, 2770, 2772, 2772, 2770, 2771, 2768, 2773, 2766, 2773, 2768, 2772, 2773, 2774, 2766, 2763, 2766, 2774, 2773, 2772, 2775, 2776, 2772, 2771, 2772, 2776, 2775, 2776, 2771, 2777, 2775, 2776, 2777, 2775, 2778, 2773, 2778, 2774, 2773, 2779, 2778, 2775, 2778, 2780, 2774, 2780, 2778, 2779, 2781, 2779, 2775, 2781, 2775, 2777, 2782, 2779, 2781, 2782, 2780, 2779, 2783, 2781, 2777, 2782, 2781, 2783, 2777, 2771, 2784, 2784, 2771, 2769, 2785, 2777, 2784, 2783, 2777, 2785, 2786, 2784, 2769, 2786, 2769, 2787, 2769, 2261, 2787, 2786, 2787, 2261, 2786, 2261, 2259, 2257, 2786, 2259, 2788, 2784, 2786, 2786, 2257, 2788, 2785, 2784, 2788, 2788, 2257, 2789, 2788, 2790, 2785, 2791, 2789, 2257, 2791, 2257, 2249, 2792, 2790, 2788, 2788, 2789, 2792, 2793, 2791, 2249, 2793, 2789, 2791, 2793, 2249, 2794, 2794, 2249, 2248, 2789, 2793, 2795, 2793, 2794, 2795, 2792, 2789, 2796, 2795, 2796, 2789, 2797, 2794, 2248, 2797, 2248, 2250, 2798, 2795, 2794, 2798, 2794, 2797, 2799, 2796, 2795, 2795, 2798, 2799, 2800, 2792, 2796, 2796, 2799, 2800, 2800, 2790, 2792, 2798, 2801, 2799, 2801, 2800, 2799, 2798, 2797, 2802, 2802, 2797, 2250, 2798, 2802, 2803, 2804, 2802, 2250, 2803, 2802, 2804, 2805, 2798, 2803, 2798, 2805, 2801, 2806, 2803, 2804, 2805, 2803, 2806, 2807, 2804, 2250, 2808, 2805, 2806, 2806, 2804, 2809, 2809, 2804, 2807, 2808, 2806, 2810, 2809, 2810, 2806, 2811, 2805, 2808, 2811, 2801, 2805, 2812, 2808, 2810, 2811, 2813, 2801, 2800, 2801, 2813, 2814, 2811, 2808, 2814, 2808, 2812, 2813, 2815, 2800, 2812, 2816, 2814, 2817, 2815, 2813, 2817, 2813, 2811, 2800, 2815, 2818, 2818, 2815, 2817, 2800, 2818, 2790, 2818, 2785, 2790, 2818, 2783, 2785, 2817, 2811, 2819, 2783, 2818, 2820, 2811, 2821, 2819, 2821, 2811, 2814, 2821, 2814, 2816, 2820, 2822, 2783, 2782, 2783, 2822, 2823, 2822, 2820, 2822, 2823, 2782, 2824, 2820, 2818, 2824, 2818, 2817, 2820, 2825, 2823, 2825, 2820, 2824, 2819, 2826, 2817, 2826, 2824, 2817, 2821, 2826, 2819, 2825, 2824, 2827, 2826, 2827, 2824, 2825, 2828, 2823, 2828, 2782, 2823, 2825, 2827, 2829, 2829, 2828, 2825, 2782, 2828, 2830, 2831, 2782, 2830, 2828, 2831, 2830, 2831, 2780, 2782, 2828, 2829, 2832, 2828, 2833, 2831, 2832, 2833, 2828, 2780, 2831, 2834, 2833, 2834, 2831, 2835, 2829, 2827, 2834, 2833, 2836, 2827, 2837, 2835, 2826, 2837, 2827, 2838, 2829, 2835, 2832, 2829, 2838, 2837, 2839, 2835, 2839, 2838, 2835, 2826, 2840, 2837, 2837, 2840, 2839, 2840, 2826, 2841, 2841, 2826, 2821, 2839, 2840, 2842, 2843, 2841, 2821, 2843, 2821, 2816, 2844, 2840, 2841, 2844, 2841, 2843, 2840, 2844, 2842, 2843, 2816, 2845, 2845, 2816, 2812, 2844, 2843, 2846, 2846, 2843, 2845, 2845, 2812, 2847, 2847, 2812, 2810, 2845, 2848, 2846, 2848, 2845, 2847, 2844, 2846, 2848, 2847, 2810, 2849, 2810, 2809, 2849, 2847, 2849, 2850, 2849, 2809, 2850, 2848, 2847, 2851, 2852, 2850, 2809, 2852, 2809, 2807, 2853, 2847, 2850, 2851, 2847, 2853, 2850, 2852, 2854, 2852, 2807, 2855, 2854, 2852, 2855, 2850, 2856, 2853, 2850, 2854, 2857, 2857, 2856, 2850, 2854, 2855, 2215, 2854, 2215, 2857, 2858, 2853, 2856, 2851, 2853, 2858, 2859, 2856, 2857, 2858, 2856, 2859, 2860, 2857, 2215, 2860, 2215, 2212, 2212, 2208, 2860, 2215, 2855, 2861, 2215, 2861, 2217, 2855, 2862, 2861, 2217, 2861, 2862, 2807, 2862, 2855, 2217, 2862, 2220, 2807, 2250, 2862, 2862, 2225, 2220, 2250, 2230, 2862, 2862, 2230, 2225, 2863, 2857, 2860, 2859, 2857, 2863, 2864, 2863, 2860, 2860, 2208, 2864, 2865, 2859, 2863, 2863, 2864, 2865, 2208, 2866, 2864, 2866, 2208, 2206, 2867, 2864, 2866, 2864, 2867, 2865, 2868, 2866, 2206, 2868, 2206, 2204, 2869, 2867, 2866, 2866, 2868, 2869, 2870, 2865, 2867, 2869, 2870, 2867, 2859, 2865, 2871, 2872, 2859, 2871, 2872, 2871, 2865, 2859, 2872, 2858, 2873, 2865, 2870, 2873, 2872, 2865, 2874, 2858, 2872, 2874, 2872, 2873, 2874, 2875, 2858, 2875, 2851, 2858, 2875, 2876, 2851, 2848, 2851, 2876, 2877, 2875, 2874, 2877, 2876, 2875, 2878, 2848, 2876, 2877, 2879, 2876, 2879, 2878, 2876, 2848, 2878, 2880, 2848, 2880, 2844, 2879, 2881, 2878, 2880, 2878, 2881, 2882, 2844, 2880, 2842, 2844, 2882, 2882, 2880, 2883, 2883, 2842, 2882, 2881, 2883, 2880, 2842, 2883, 2884, 2885, 2883, 2881, 2885, 2884, 2883, 2879, 2886, 2881, 2881, 2886, 2885, 2884, 2887, 2842, 2887, 2888, 2842, 2839, 2842, 2888, 2839, 2888, 2838, 2887, 2889, 2888, 2889, 2838, 2888, 2884, 2889, 2887, 2889, 2890, 2838, 2832, 2838, 2890, 2884, 2891, 2889, 2890, 2892, 2832, 2832, 2892, 2833, 2890, 2889, 2893, 2892, 2890, 2894, 2890, 2893, 2894, 2892, 2895, 2833, 2892, 2894, 2895, 2889, 2896, 2893, 2889, 2891, 2896, 2894, 2893, 2897, 2898, 2893, 2896, 2897, 2893, 2898, 2899, 2896, 2891, 2899, 2898, 2896, 2897, 2900, 2894, 2900, 2895, 2894, 2898, 2901, 2897, 2902, 2900, 2897, 2901, 2902, 2897, 2903, 2898, 2899, 2904, 2901, 2898, 2904, 2898, 2903, 2905, 2902, 2901, 2905, 2901, 2904, 2903, 2899, 2906, 2906, 2899, 2891, 2904, 2903, 2907, 2907, 2903, 2906, 2902, 2905, 2908, 2902, 2908, 2900, 2909, 2905, 2904, 2905, 2910, 2908, 2909, 2910, 2905, 2911, 2904, 2907, 2909, 2904, 2911, 2912, 2908, 2910, 2909, 2913, 2910, 2912, 2910, 2913, 2914, 2909, 2911, 2912, 2915, 2908, 2914, 2911, 2916, 2911, 2907, 2916, 2917, 2915, 2912, 2913, 2917, 2912, 2915, 2918, 2908, 2908, 2918, 2900, 2919, 2913, 2909, 2920, 2900, 2918, 2921, 2913, 2919, 2917, 2913, 2921, 2920, 2922, 2900, 2900, 2922, 2895, 2920, 2923, 2922, 2920, 2918, 2923, 2895, 2922, 2924, 2923, 2924, 2922, 2895, 2924, 2833, 2924, 2836, 2833, 2925, 2923, 2918, 2926, 2836, 2924, 2836, 2926, 2834, 2923, 2927, 2924, 2927, 2923, 2925, 2924, 2928, 2926, 2928, 2924, 2927, 2929, 2834, 2926, 2834, 2929, 2780, 2928, 2930, 2926, 2926, 2931, 2929, 2930, 2931, 2926, 2932, 2780, 2929, 2929, 2931, 2933, 2929, 2933, 2932, 2932, 2934, 2780, 2774, 2780, 2934, 2934, 2932, 2935, 2932, 2933, 2935, 2934, 2936, 2774, 2936, 2934, 2935, 2936, 2763, 2774, 2935, 2937, 2936, 2935, 2933, 2937, 2936, 2938, 2763, 2937, 2938, 2936, 2763, 2938, 2761, 2938, 2738, 2761, 2938, 2939, 2738, 2736, 2738, 2939, 2940, 2939, 2938, 2937, 2940, 2938, 2940, 2736, 2939, 2940, 2937, 2941, 2941, 2937, 2933, 2942, 2736, 2940, 2940, 2941, 2942, 2943, 2941, 2933, 2931, 2943, 2933, 2930, 2943, 2931, 2943, 2944, 2941, 2944, 2942, 2941, 2930, 2945, 2943, 2945, 2944, 2943, 2942, 2946, 2736, 2944, 2947, 2942, 2947, 2946, 2942, 2946, 2948, 2736, 2948, 2734, 2736, 2949, 2946, 2947, 2949, 2948, 2946, 2948, 2950, 2734, 2950, 2948, 2949, 2950, 2731, 2734, 2949, 2947, 2951, 2951, 2947, 2944, 2949, 2952, 2950, 2952, 2731, 2950, 2949, 2951, 2953, 2953, 2952, 2949, 2952, 2954, 2731, 2730, 2731, 2954, 2955, 2954, 2952, 2730, 2954, 2955, 2953, 2956, 2952, 2956, 2955, 2952, 2955, 2957, 2730, 2957, 2722, 2730, 2956, 2958, 2955, 2955, 2958, 2957, 2956, 2953, 2959, 2959, 2958, 2956, 2960, 2959, 2953, 2951, 2960, 2953, 2959, 2961, 2958, 2962, 2959, 2960, 2962, 2961, 2959, 2963, 2960, 2951, 2963, 2962, 2960, 2961, 2964, 2958, 2965, 2963, 2951, 2961, 2966, 2964, 2966, 2961, 2962, 2964, 2967, 2958, 2966, 2967, 2964, 2957, 2958, 2967, 2965, 2951, 2968, 2968, 2951, 2944, 2945, 2968, 2944, 2969, 2965, 2968, 2969, 2963, 2965, 2970, 2968, 2945, 2945, 2930, 2970, 2971, 2969, 2968, 2971, 2968, 2970, 2972, 2963, 2969, 2963, 2972, 2962, 2973, 2969, 2971, 2972, 2969, 2973, 2974, 2971, 2970, 2974, 2973, 2971, 2975, 2970, 2930, 2975, 2930, 2928, 2970, 2975, 2976, 2975, 2928, 2976, 2976, 2974, 2970, 2927, 2976, 2928, 2976, 2927, 2977, 2977, 2974, 2976, 2978, 2977, 2927, 2978, 2974, 2977, 2925, 2978, 2927, 2979, 2973, 2974, 2980, 2978, 2925, 2981, 2979, 2974, 2978, 2981, 2974, 2982, 2973, 2979, 2982, 2972, 2973, 2979, 2981, 2983, 2983, 2982, 2979, 2984, 2981, 2978, 2985, 2983, 2981, 2981, 2984, 2985, 2986, 2983, 2985, 2985, 2984, 2986, 2978, 2987, 2984, 2978, 2980, 2987, 2988, 2986, 2984, 2988, 2984, 2987, 2989, 2983, 2986, 2989, 2982, 2983, 2990, 2986, 2988, 2991, 2989, 2986, 2986, 2990, 2991, 2988, 2987, 2992, 2993, 2991, 2990, 2991, 2993, 2989, 2988, 2994, 2990, 2994, 2988, 2992, 2995, 2993, 2990, 2995, 2990, 2994, 2992, 2987, 2996, 2996, 2987, 2980, 2997, 2994, 2992, 2997, 2992, 2996, 2998, 2996, 2980, 2998, 2980, 2925, 2918, 2998, 2925, 2915, 2998, 2918, 2998, 2915, 2996, 2999, 2996, 2915, 2997, 2996, 2999, 2917, 2999, 2915, 3000, 2997, 2999, 3000, 2999, 2917, 3001, 3000, 2917, 3001, 2917, 2921, 3002, 3000, 3001, 3001, 2921, 3002, 3000, 3003, 2997, 3000, 3002, 3004, 3004, 3003, 3000, 2997, 3003, 3005, 2997, 3005, 2994, 3003, 3004, 3006, 3003, 3007, 3005, 3003, 3006, 3007, 3004, 3008, 3006, 3008, 3004, 3002, 3009, 3006, 3008, 3009, 3008, 3002, 3010, 3007, 3006, 3009, 3010, 3006, 3011, 3005, 3007, 3007, 3010, 3011, 3005, 3012, 2994, 3011, 3013, 3005, 3013, 3012, 3005, 3014, 2994, 3012, 3014, 2995, 2994, 3012, 3013, 3015, 3015, 3014, 3012, 2995, 3014, 3016, 3015, 3016, 3014, 3016, 2993, 2995, 3015, 3013, 3017, 3016, 3018, 2993, 3017, 3013, 3019, 3019, 3013, 3011, 3018, 3020, 2993, 2993, 3020, 2989, 3011, 3021, 3019, 3021, 3011, 3010, 3019, 3021, 3022, 3023, 3021, 3010, 3023, 3010, 3009, 3021, 3024, 3022, 3023, 3024, 3021, 3022, 3025, 3019, 3025, 3017, 3019, 3024, 3026, 3022, 3022, 3026, 3025, 3024, 3023, 3027, 3028, 3026, 3024, 3028, 3024, 3027, 3029, 3025, 3026, 3026, 3028, 3030, 3029, 3026, 3030, 3017, 3025, 3031, 3032, 3025, 3029, 3032, 3031, 3025, 3031, 3033, 3017, 3031, 3032, 3033, 3017, 3033, 3015, 3029, 3034, 3032, 3034, 3029, 3030, 3033, 3035, 3015, 3016, 3015, 3035, 3032, 3036, 3033, 3035, 3033, 3036, 3034, 3037, 3032, 3016, 3035, 3038, 3032, 3039, 3036, 3037, 3039, 3032, 3036, 3040, 3035, 3040, 3036, 3039, 3038, 3035, 3040, 3041, 3016, 3038, 3016, 3041, 3018, 3040, 3042, 3038, 3042, 3041, 3038, 3041, 3043, 3018, 3043, 3020, 3018, 3044, 3041, 3042, 3041, 3044, 3043, 3043, 3045, 3020, 3044, 3045, 3043, 3046, 3020, 3045, 3047, 3045, 3044, 3045, 3047, 3046, 3020, 3046, 3048, 3020, 3048, 2989, 3048, 3049, 2989, 2989, 3049, 2982, 3046, 3050, 3048, 3048, 3050, 3049, 3049, 3051, 2982, 3049, 3050, 3051, 2982, 3051, 2972, 3052, 3050, 3046, 3047, 3052, 3046, 3051, 3053, 2972, 2972, 3053, 2962, 3053, 2966, 2962, 3047, 3054, 3052, 3053, 3055, 2966, 2966, 3055, 2967, 3054, 3056, 3052, 3052, 3056, 3050, 2967, 3055, 3057, 2967, 3057, 2957, 3057, 3058, 2957, 3058, 2722, 2957, 3058, 2710, 2722, 3057, 3059, 3058, 3059, 2710, 3058, 3055, 3059, 3057, 2710, 3059, 2706, 3060, 2706, 3059, 3060, 3059, 3055, 3060, 2704, 2706, 2702, 2704, 3060, 3061, 3060, 3055, 3053, 3061, 3055, 2702, 3060, 3062, 3060, 3061, 3062, 3063, 2702, 3062, 3063, 2698, 2702, 3061, 3064, 3062, 3063, 3062, 3064, 3064, 3061, 3053, 3065, 2698, 3063, 2697, 2698, 3065, 3066, 3063, 3064, 3065, 3063, 3066, 3067, 2697, 3065, 3067, 2700, 2697, 3068, 3067, 3065, 3068, 2700, 3067, 3068, 3065, 3066, 2700, 3068, 3069, 3069, 3068, 3066, 2700, 3069, 3056, 3066, 3064, 3070, 3070, 3064, 3053, 3071, 3069, 3066, 3071, 3066, 3070, 3050, 3056, 3069, 3069, 3071, 3050, 3050, 3071, 3051, 3072, 3070, 3053, 3070, 3072, 3071, 3072, 3053, 3051, 3051, 3071, 3072, 3073, 2700, 3056, 3073, 2668, 2700, 3054, 3073, 3056, 3074, 2668, 3073, 2668, 3074, 2659, 3075, 3073, 3054, 3074, 3073, 3075, 3047, 3075, 3054, 2658, 2659, 3074, 3076, 3075, 3047, 3075, 3076, 3074, 3074, 3077, 2658, 3074, 3076, 3077, 3078, 3076, 3047, 3078, 3077, 3076, 3047, 3044, 3078, 3079, 2658, 3077, 3079, 3077, 3078, 3079, 2656, 2658, 3078, 3044, 3080, 3042, 3080, 3044, 3081, 3079, 3078, 3081, 3078, 3080, 3082, 2656, 3079, 3082, 3079, 3081, 3083, 3080, 3042, 3040, 3083, 3042, 3081, 3080, 3084, 3084, 3080, 3083, 3085, 3083, 3040, 3084, 3083, 3085, 3085, 3040, 3039, 3081, 3084, 3086, 3086, 3082, 3081, 3087, 3084, 3085, 3085, 3039, 3087, 3084, 3087, 3086, 3037, 3087, 3039, 3086, 3088, 3082, 3089, 3087, 3037, 3090, 3086, 3087, 3086, 3090, 3088, 3089, 3090, 3087, 3091, 3082, 3088, 3089, 3037, 3092, 3037, 3034, 3092, 3034, 3030, 3092, 3082, 3091, 3093, 3082, 3093, 2656, 3093, 2650, 2656, 3088, 3094, 3091, 3088, 3090, 3094, 3095, 2650, 3093, 2642, 2650, 3095, 3096, 3093, 3091, 3095, 3093, 3096, 3091, 3094, 3096, 3097, 2642, 3095, 3095, 3096, 3097, 3097, 2644, 2642, 3097, 3096, 3098, 3098, 2644, 3097, 3099, 3096, 3094, 3099, 3098, 3096, 3100, 3099, 3094, 3100, 3094, 3090, 3101, 3099, 3100, 3101, 3100, 3090, 3101, 3098, 3099, 3101, 3090, 3102, 3102, 3090, 3089, 3103, 3098, 3101, 3089, 3104, 3102, 3089, 3092, 3104, 3101, 3102, 3105, 3105, 3103, 3101, 3102, 3104, 3106, 3106, 3105, 3102, 3104, 3092, 3107, 3030, 3107, 3092, 3106, 3104, 3108, 3107, 3108, 3104, 3109, 3107, 3030, 3108, 3107, 3109, 3110, 3109, 3030, 3111, 3108, 3109, 3111, 3109, 3110, 3112, 3106, 3108, 3113, 3108, 3111, 3112, 3108, 3113, 3105, 3106, 3114, 3112, 3114, 3106, 3105, 3115, 3103, 3114, 3115, 3105, 3103, 3116, 3098, 3116, 3103, 3115, 2644, 3098, 3116, 3116, 2646, 2644, 2646, 3116, 2648, 3117, 2648, 3116, 3117, 3116, 3118, 3116, 3115, 3118, 2648, 3117, 3119, 3118, 3119, 3117, 3119, 3120, 2648, 3120, 2638, 2648, 3120, 3119, 2638, 3121, 3118, 3115, 3119, 3118, 3122, 3118, 3121, 3122, 3115, 3123, 3121, 3114, 3123, 3115, 3122, 3121, 3124, 3125, 3123, 3114, 3126, 3121, 3123, 3125, 3126, 3123, 3114, 3127, 3125, 3121, 3126, 3128, 3129, 3127, 3114, 3129, 3114, 3112, 3130, 3121, 3128, 3130, 3124, 3121, 3128, 3131, 3130, 3124, 3130, 3131, 3132, 3128, 3126, 3131, 3128, 3132, 3132, 3126, 3133, 3125, 3133, 3126, 3134, 3131, 3132, 3134, 3132, 3133, 3135, 3125, 3127, 3125, 3135, 3133, 3127, 3129, 3135, 3133, 3135, 3136, 3134, 3133, 3136, 3137, 3135, 3129, 3135, 3137, 3136, 3138, 3131, 3134, 3131, 3138, 3124, 3136, 3139, 3134, 3138, 3134, 3140, 3139, 3140, 3134, 3137, 3141, 3136, 3142, 3139, 3136, 3142, 3136, 3141, 3140, 3139, 3143, 3142, 3143, 3139, 3141, 3137, 3144, 3144, 3137, 3129, 3145, 3142, 3141, 3146, 3144, 3129, 3147, 3142, 3145, 3129, 3148, 3146, 3129, 3112, 3148, 3112, 3113, 3148, 3146, 3148, 3149, 3149, 3148, 3113, 3146, 3150, 3144, 3146, 3149, 3150, 3113, 3151, 3149, 3111, 3151, 3113, 3151, 3152, 3149, 3152, 3150, 3149, 3153, 3151, 3111, 3151, 3153, 3152, 3111, 3154, 3153, 3110, 3154, 3111, 3155, 3152, 3153, 3155, 3150, 3152, 3156, 3155, 3153, 3154, 3156, 3153, 3155, 3157, 3150, 3155, 3156, 3158, 3155, 3158, 3157, 3159, 3156, 3154, 3159, 3158, 3156, 3154, 3110, 3160, 3158, 3159, 3161, 3160, 3110, 3162, 3030, 3162, 3110, 3162, 3030, 3028, 3160, 3163, 3154, 3162, 3163, 3160, 3163, 3164, 3154, 3164, 3159, 3154, 3162, 3165, 3163, 3163, 3165, 3164, 3162, 3028, 3166, 3162, 3167, 3165, 3167, 3162, 3166, 3166, 3028, 3027, 3168, 3165, 3167, 3166, 3168, 3167, 3164, 3165, 3168, 3166, 3027, 3169, 3168, 3166, 3170, 3169, 3170, 3166, 3168, 3171, 3164, 3171, 3168, 3170, 3172, 3169, 3027, 3173, 3164, 3171, 3164, 3173, 3159, 3174, 3169, 3172, 3174, 3170, 3169, 3175, 3172, 3027, 3023, 3175, 3027, 3175, 3023, 3009, 3176, 3170, 3174, 3170, 3176, 3171, 3177, 3174, 3172, 3177, 3172, 3175, 3176, 3174, 3178, 3175, 3009, 3179, 3009, 3002, 3179, 3180, 3177, 3175, 3175, 3179, 3180, 3177, 3181, 3174, 3174, 3181, 3178, 3180, 3182, 3177, 3183, 3176, 3178, 3183, 3171, 3176, 3182, 3180, 3184, 3179, 3184, 3180, 3185, 3177, 3182, 3185, 3181, 3177, 3184, 3186, 3182, 3182, 3187, 3185, 3186, 3187, 3182, 3185, 3188, 3181, 3189, 3185, 3187, 3188, 3185, 3189, 3186, 3190, 3187, 3189, 3187, 3190, 3191, 3181, 3188, 3181, 3192, 3178, 3181, 3191, 3192, 3192, 3183, 3178, 3188, 3193, 3191, 3194, 3192, 3191, 3194, 3191, 3193, 3195, 3183, 3192, 3196, 3192, 3194, 3195, 3192, 3196, 3197, 3183, 3195, 3194, 3198, 3196, 3193, 3198, 3194, 3183, 3197, 3199, 3171, 3183, 3199, 3199, 3173, 3171, 3195, 3200, 3197, 3199, 3197, 3200, 3196, 3200, 3195, 3173, 3199, 3201, 3201, 3159, 3173, 3202, 3201, 3199, 3202, 3159, 3201, 3200, 3202, 3199, 3202, 3161, 3159, 3203, 3200, 3196, 3196, 3198, 3203, 3202, 3200, 3204, 3203, 3205, 3200, 3204, 3200, 3205, 3161, 3202, 3206, 3204, 3207, 3202, 3207, 3206, 3202, 3205, 3208, 3204, 3204, 3209, 3207, 3208, 3209, 3204, 3206, 3207, 3210, 3209, 3210, 3207, 3205, 3211, 3208, 3208, 3212, 3209, 3211, 3212, 3208, 3209, 3213, 3210, 3209, 3212, 3213, 3205, 3214, 3211, 3203, 3214, 3205, 3211, 3215, 3212, 3214, 3216, 3211, 3211, 3216, 3215, 3203, 3217, 3214, 3214, 3218, 3216, 3218, 3214, 3217, 3219, 3217, 3203, 3198, 3219, 3203, 3218, 3217, 3220, 3217, 3219, 3220, 3218, 3221, 3216, 3216, 3221, 3215, 3220, 3222, 3218, 3222, 3221, 3218, 3220, 3223, 3222, 3222, 3223, 3221, 3219, 3224, 3220, 3198, 3224, 3219, 3220, 3225, 3223, 3220, 3224, 3225, 3226, 3224, 3198, 3223, 3225, 3227, 3198, 3228, 3226, 3228, 3198, 3193, 3229, 3224, 3226, 3228, 3230, 3226, 3229, 3226, 3230, 3229, 3231, 3224, 3229, 3230, 3231, 3224, 3231, 3225, 3232, 3230, 3228, 3231, 3233, 3225, 3227, 3225, 3233, 3230, 3234, 3231, 3232, 3234, 3230, 3231, 3235, 3233, 3234, 3235, 3231, 3228, 3236, 3232, 3236, 3228, 3193, 3237, 3234, 3232, 3193, 3238, 3236, 3188, 3238, 3193, 3238, 3188, 3189, 3236, 3239, 3232, 3238, 3240, 3236, 3239, 3236, 3240, 3189, 3241, 3238, 3238, 3241, 3240, 3242, 3232, 3239, 3242, 3237, 3232, 3243, 3241, 3189, 3190, 3243, 3189, 3241, 3243, 3244, 3190, 3244, 3243, 3244, 3245, 3241, 3241, 3245, 3240, 3246, 3244, 3190, 3246, 3245, 3244, 3240, 3247, 3239, 3245, 3247, 3240, 3242, 3239, 3247, 3246, 3248, 3245, 3247, 3245, 3248, 3190, 3249, 3246, 3250, 3248, 3246, 3246, 3249, 3250, 3247, 3248, 3251, 3248, 3250, 3252, 3252, 3251, 3248, 3250, 3249, 3253, 3250, 3254, 3252, 3253, 3254, 3250, 3255, 3249, 3190, 3255, 3253, 3249, 3252, 3254, 3256, 3257, 3254, 3253, 3257, 3256, 3254, 3253, 3255, 3258, 3258, 3257, 3253, 3190, 3259, 3255, 3190, 3186, 3259, 3255, 3260, 3258, 3259, 3186, 3261, 3261, 3186, 3184, 3262, 3255, 3259, 3255, 3262, 3260, 3261, 3263, 3259, 3262, 3259, 3263, 3261, 3184, 3264, 3184, 3179, 3264, 3263, 3261, 3265, 3179, 3266, 3264, 3263, 3265, 3267, 3262, 3263, 3267, 3179, 3268, 3266, 3268, 3179, 3002, 3268, 3002, 2921, 3266, 3268, 3269, 3269, 3268, 2921, 3266, 3269, 3270, 2921, 3270, 3269, 3264, 3266, 3270, 2919, 3270, 2921, 3264, 3270, 3271, 3271, 3261, 3264, 3272, 3270, 2919, 3271, 3270, 3272, 3261, 3271, 3272, 2909, 3272, 2919, 3261, 3272, 3265, 3272, 2909, 2914, 3265, 3272, 2914, 3267, 3265, 2914, 2914, 2916, 3267, 3273, 3267, 2916, 3262, 3267, 3273, 3273, 2916, 3274, 3262, 3273, 3275, 3275, 3273, 3274, 3260, 3262, 3275, 3274, 2916, 3276, 2916, 2907, 3276, 3276, 3277, 3274, 3277, 3275, 3274, 3276, 2907, 3278, 3277, 3276, 3278, 2907, 2906, 3278, 3275, 3277, 3279, 3275, 3280, 3260, 3280, 3275, 3279, 3280, 3258, 3260, 3279, 3277, 3281, 3281, 3277, 3278, 3280, 3279, 3282, 3281, 3282, 3279, 3280, 3283, 3258, 3284, 3280, 3282, 3284, 3283, 3280, 3282, 3281, 3285, 3282, 3285, 3284, 3281, 3278, 3286, 3281, 3286, 3287, 3285, 3281, 3287, 3286, 3278, 3288, 3287, 3286, 3288, 3278, 2906, 3288, 3289, 3285, 3287, 3289, 3287, 3288, 3288, 2906, 3290, 3290, 2906, 3291, 3290, 3291, 3288, 2906, 2891, 3291, 3288, 3291, 3292, 3291, 2891, 3293, 3292, 3291, 3293, 3293, 2891, 2884, 2884, 2885, 3293, 3292, 3294, 3288, 3289, 3288, 3294, 3292, 3293, 3295, 3294, 3292, 3295, 3295, 3293, 2885, 3296, 3294, 3295, 3296, 3295, 2885, 3294, 3296, 3289, 2885, 2886, 3296, 3297, 3289, 3296, 2886, 3298, 3296, 3299, 3289, 3297, 3285, 3289, 3299, 3300, 3297, 3296, 3300, 3296, 3298, 3301, 3299, 3297, 3301, 3297, 3300, 3302, 3285, 3299, 3302, 3284, 3285, 3303, 3299, 3301, 3302, 3299, 3303, 3301, 3300, 3304, 3303, 3301, 3304, 3284, 3302, 3305, 3305, 3302, 3303, 3305, 3306, 3284, 3284, 3306, 3283, 3305, 3303, 3307, 3306, 3305, 3308, 3307, 3308, 3305, 3309, 3307, 3303, 3303, 3304, 3309, 3310, 3307, 3309, 3307, 3310, 3308, 3311, 3309, 3304, 3310, 3309, 3312, 3312, 3309, 3311, 3300, 3313, 3304, 3300, 3298, 3313, 3304, 3314, 3311, 3313, 3314, 3304, 3312, 3311, 3315, 3298, 3316, 3313, 3298, 2886, 3316, 2879, 3316, 2886, 3313, 3317, 3314, 3317, 3313, 3316, 3314, 3318, 3311, 3315, 3311, 3318, 3314, 3317, 3319, 3314, 3319, 3318, 3316, 3320, 3317, 3318, 3319, 3321, 3315, 3318, 3321, 3317, 3322, 3319, 3317, 3320, 3322, 3319, 3322, 3321, 3323, 3320, 3316, 3322, 3320, 3323, 3324, 3316, 2879, 3324, 3323, 3316, 3324, 2879, 2877, 3324, 2877, 3325, 3325, 3323, 3324, 2877, 2874, 3325, 3323, 3325, 3326, 3325, 2874, 3326, 3327, 3322, 3323, 3323, 3326, 3327, 3326, 2874, 3328, 3326, 3328, 3327, 2873, 3328, 2874, 3328, 2873, 3329, 3330, 3328, 3329, 3327, 3328, 3330, 3331, 3329, 2873, 3331, 3330, 3329, 3331, 2873, 2870, 2869, 3331, 2870, 3332, 3330, 3331, 3333, 3331, 2869, 3334, 3330, 3332, 3327, 3330, 3334, 3335, 3332, 3331, 3333, 3335, 3331, 3334, 3332, 3336, 3332, 3335, 3336, 2869, 3337, 3333, 3337, 2869, 2868, 3338, 3333, 3337, 3338, 3337, 2868, 3339, 3335, 3333, 3339, 3333, 3338, 2868, 3340, 3338, 3340, 2868, 2204, 3340, 2204, 2202, 3339, 3338, 3341, 3340, 3341, 3338, 3340, 2202, 3342, 3341, 3340, 3343, 3343, 3340, 3342, 3342, 2202, 3344, 3343, 3342, 3344, 2202, 2200, 3344, 3344, 2200, 2201, 3341, 3343, 3345, 3343, 3344, 3345, 3341, 3346, 3339, 3345, 3346, 3341, 3344, 2201, 3347, 3345, 3344, 3348, 3347, 3348, 3344, 3349, 3347, 2201, 3348, 3347, 3349, 2201, 2203, 3349, 3349, 2203, 2205, 3348, 3350, 3345, 3349, 2205, 3351, 3352, 3348, 3349, 3350, 3348, 3352, 3349, 3351, 3353, 3352, 3349, 3353, 3351, 2205, 3354, 3351, 3354, 3353, 3354, 2205, 2207, 3355, 3352, 3353, 3354, 2207, 3356, 3356, 2207, 2209, 3357, 3353, 3354, 3355, 3353, 3357, 3358, 3354, 3356, 3357, 3354, 3358, 3358, 3356, 3359, 3357, 3358, 3359, 2209, 3360, 3356, 3359, 3356, 3360, 2209, 3361, 3360, 3361, 2209, 2211, 3362, 3359, 3360, 3361, 2211, 3363, 3360, 3361, 3364, 3364, 3361, 3363, 3364, 3362, 3360, 3363, 2211, 3365, 2211, 2186, 3365, 3364, 3363, 3366, 3366, 3363, 3365, 3365, 2186, 3367, 2186, 3368, 3367, 3368, 2186, 2111, 3365, 3367, 3369, 3369, 3367, 3368, 3370, 3366, 3365, 3365, 3369, 3370, 3368, 2111, 3371, 3371, 2111, 2099, 3368, 3371, 3372, 3372, 3369, 3368, 3371, 2099, 3373, 3371, 3373, 3372, 3373, 2099, 2100, 3373, 3374, 3372, 2100, 3374, 3373, 3369, 3372, 3375, 3372, 3374, 3375, 3376, 3369, 3375, 3370, 3369, 3376, 3374, 3377, 3375, 3378, 3376, 3375, 3378, 3375, 3377, 3376, 3379, 3370, 3376, 3378, 3380, 3376, 3380, 3379, 3381, 3366, 3370, 3381, 3370, 3379, 3364, 3366, 3381, 3382, 3379, 3380, 3383, 3364, 3381, 3384, 3381, 3379, 3381, 3384, 3383, 3385, 3364, 3383, 3385, 3362, 3364, 3386, 3385, 3383, 3386, 3383, 3384, 3387, 3362, 3385, 3387, 3385, 3386, 3379, 3388, 3384, 3388, 3379, 3382, 3389, 3386, 3384, 3388, 3389, 3384, 3387, 3386, 3390, 3389, 3391, 3386, 3391, 3390, 3386, 3391, 3389, 3392, 3388, 3392, 3389, 3391, 3393, 3390, 3393, 3391, 3392, 3394, 3387, 3390, 3362, 3387, 3394, 3395, 3390, 3393, 3395, 3394, 3390, 3393, 3392, 3396, 3396, 3392, 3388, 3397, 3362, 3394, 3397, 3359, 3362, 3357, 3359, 3397, 3397, 3394, 3398, 3399, 3357, 3397, 3398, 3399, 3397, 3400, 3357, 3399, 3394, 3401, 3398, 3395, 3401, 3394, 3400, 3402, 3357, 3402, 3355, 3357, 3403, 3400, 3399, 3403, 3402, 3400, 3403, 3399, 3398, 3404, 3355, 3402, 3402, 3403, 3405, 3405, 3404, 3402, 3403, 3398, 3406, 3403, 3406, 3405, 3404, 3407, 3355, 3352, 3355, 3407, 3350, 3352, 3407, 3408, 3407, 3404, 3350, 3407, 3408, 3409, 3404, 3405, 3409, 3408, 3404, 3410, 3409, 3405, 3405, 3406, 3410, 3408, 3411, 3350, 3411, 3412, 3350, 3412, 3411, 3408, 3412, 3345, 3350, 3345, 3412, 3346, 3409, 3413, 3408, 3408, 3414, 3412, 3413, 3414, 3408, 3415, 3413, 3409, 3415, 3414, 3413, 3409, 3410, 3415, 3412, 3414, 3416, 3417, 3415, 3410, 3410, 3406, 3417, 3418, 3414, 3415, 3418, 3416, 3414, 3417, 3419, 3415, 3418, 3415, 3419, 3416, 3420, 3412, 3420, 3346, 3412, 3416, 3421, 3420, 3420, 3421, 3346, 3416, 3418, 3422, 3423, 3421, 3416, 3422, 3423, 3416, 3421, 3424, 3346, 3424, 3339, 3346, 3335, 3339, 3424, 3423, 3425, 3421, 3425, 3424, 3421, 3423, 3422, 3425, 3426, 3335, 3424, 3426, 3424, 3425, 3426, 3336, 3335, 3418, 3427, 3422, 3418, 3419, 3427, 3336, 3426, 3428, 3428, 3334, 3336, 3428, 3426, 3429, 3429, 3426, 3425, 3430, 3334, 3428, 3428, 3429, 3431, 3430, 3428, 3431, 3432, 3429, 3425, 3432, 3431, 3429, 3433, 3425, 3422, 3433, 3432, 3425, 3433, 3422, 3427, 3431, 3432, 3434, 3433, 3427, 3435, 3419, 3435, 3427, 3433, 3436, 3432, 3432, 3436, 3434, 3437, 3433, 3435, 3433, 3437, 3436, 3435, 3419, 3438, 3417, 3438, 3419, 3437, 3435, 3439, 3435, 3438, 3439, 3438, 3417, 3440, 3440, 3417, 3406, 3441, 3439, 3438, 3442, 3440, 3406, 3406, 3398, 3442, 3442, 3398, 3401, 3438, 3440, 3443, 3438, 3443, 3441, 3444, 3440, 3442, 3443, 3440, 3444, 3442, 3401, 3445, 3443, 3444, 3446, 3447, 3444, 3442, 3447, 3442, 3445, 3446, 3444, 3448, 3444, 3447, 3448, 3443, 3446, 3449, 3449, 3441, 3443, 3448, 3450, 3446, 3450, 3449, 3446, 3447, 3451, 3448, 3450, 3448, 3451, 3447, 3452, 3451, 3452, 3447, 3445, 3453, 3450, 3451, 3452, 3453, 3451, 3445, 3454, 3452, 3445, 3401, 3454, 3452, 3455, 3453, 3454, 3401, 3456, 3452, 3454, 3457, 3457, 3454, 3456, 3457, 3455, 3452, 3401, 3395, 3456, 3453, 3455, 3458, 3458, 3450, 3453, 3395, 3459, 3456, 3450, 3458, 3460, 3461, 3456, 3459, 3457, 3456, 3461, 3395, 3462, 3459, 3461, 3459, 3463, 3462, 3463, 3459, 3395, 3464, 3462, 3395, 3393, 3464, 3462, 3465, 3463, 3464, 3465, 3462, 3466, 3461, 3463, 3463, 3465, 3466, 3393, 3467, 3464, 3393, 3396, 3467, 3464, 3467, 3468, 3468, 3465, 3464, 3469, 3467, 3396, 3468, 3467, 3469, 3396, 3470, 3469, 3396, 3388, 3470, 3468, 3469, 3471, 3469, 3470, 3472, 3471, 3469, 3472, 3468, 3473, 3465, 3468, 3471, 3474, 3473, 3468, 3474, 3475, 3471, 3472, 3474, 3471, 3475, 3465, 3473, 3476, 3476, 3466, 3465, 3473, 3474, 3477, 3478, 3476, 3473, 3478, 3473, 3477, 3476, 3479, 3466, 3478, 3479, 3476, 3477, 3474, 3480, 3480, 3474, 3475, 3478, 3477, 3481, 3482, 3479, 3478, 3478, 3481, 3482, 3480, 3483, 3477, 3477, 3483, 3481, 3479, 3482, 3484, 3485, 3482, 3481, 3482, 3485, 3484, 3486, 3481, 3483, 3481, 3486, 3485, 3479, 3484, 3487, 3466, 3479, 3487, 3488, 3485, 3486, 3487, 3489, 3466, 3466, 3489, 3461, 3457, 3461, 3489, 3490, 3457, 3489, 3455, 3457, 3490, 3491, 3489, 3487, 3490, 3489, 3491, 3490, 3492, 3455, 3492, 3490, 3491, 3493, 3455, 3492, 3458, 3455, 3493, 3460, 3458, 3493, 3491, 3487, 3494, 3487, 3484, 3494, 3495, 3492, 3491, 3496, 3491, 3494, 3491, 3496, 3495, 3497, 3492, 3495, 3492, 3497, 3493, 3495, 3496, 3498, 3498, 3497, 3495, 3493, 3497, 3499, 3460, 3493, 3499, 3497, 3498, 3500, 3497, 3500, 3499, 3501, 3498, 3496, 3502, 3499, 3500, 3503, 3498, 3501, 3500, 3498, 3503, 3504, 3499, 3502, 3460, 3499, 3504, 3505, 3502, 3500, 3504, 3502, 3506, 3505, 3506, 3502, 3507, 3460, 3504, 3506, 3507, 3504, 3508, 3505, 3500, 3500, 3503, 3508, 3506, 3509, 3507, 3510, 3460, 3507, 3510, 3507, 3509, 3509, 3506, 3511, 3506, 3505, 3511, 3512, 3510, 3509, 3509, 3511, 3512, 3460, 3510, 3513, 3450, 3460, 3513, 3450, 3513, 3449, 3514, 3449, 3513, 3515, 3513, 3510, 3514, 3513, 3515, 3516, 3449, 3514, 3516, 3441, 3449, 3516, 3439, 3441, 3515, 3517, 3514, 3517, 3516, 3514, 3516, 3518, 3439, 3518, 3437, 3439, 3519, 3516, 3517, 3519, 3518, 3516, 3518, 3520, 3437, 3519, 3517, 3521, 3518, 3522, 3520, 3518, 3519, 3522, 3523, 3437, 3520, 3523, 3436, 3437, 3524, 3523, 3520, 3520, 3522, 3524, 3523, 3525, 3436, 3525, 3434, 3436, 3526, 3523, 3524, 3526, 3525, 3523, 3527, 3526, 3524, 3528, 3434, 3525, 3529, 3527, 3524, 3529, 3524, 3522, 3434, 3528, 3530, 3530, 3431, 3434, 3530, 3430, 3431, 3530, 3528, 3531, 3531, 3430, 3530, 3532, 3531, 3528, 3525, 3532, 3528, 3533, 3430, 3531, 3534, 3531, 3532, 3533, 3531, 3534, 3532, 3525, 3535, 3534, 3532, 3535, 3536, 3525, 3526, 3535, 3525, 3536, 3526, 3527, 3536, 3537, 3534, 3535, 3535, 3536, 3538, 3537, 3535, 3538, 3534, 3537, 3539, 3534, 3539, 3533, 3537, 3540, 3539, 3539, 3540, 3533, 3537, 3541, 3540, 3540, 3541, 3321, 3540, 3321, 3533, 3542, 3541, 3537, 3542, 3321, 3541, 3542, 3537, 3538, 3533, 3321, 3322, 3542, 3315, 3321, 3322, 3327, 3533, 3533, 3327, 3543, 3533, 3543, 3430, 3334, 3543, 3327, 3543, 3334, 3430, 3315, 3542, 3544, 3312, 3315, 3544, 3310, 3312, 3544, 3545, 3544, 3542, 3545, 3542, 3538, 3544, 3546, 3310, 3308, 3310, 3546, 3544, 3545, 3547, 3544, 3547, 3546, 3538, 3548, 3545, 3538, 3536, 3548, 3547, 3545, 3549, 3548, 3549, 3545, 3550, 3548, 3536, 3527, 3550, 3536, 3551, 3549, 3548, 3550, 3551, 3548, 3552, 3547, 3549, 3552, 3549, 3551, 3553, 3550, 3527, 3554, 3547, 3552, 3555, 3550, 3553, 3550, 3555, 3551, 3556, 3553, 3527, 3556, 3527, 3529, 3555, 3553, 3557, 3557, 3553, 3556, 3558, 3551, 3555, 3558, 3555, 3557, 3559, 3552, 3551, 3558, 3559, 3551, 3552, 3559, 3554, 3556, 3529, 3560, 3557, 3556, 3560, 3561, 3560, 3529, 3561, 3529, 3522, 3557, 3560, 3562, 3522, 3563, 3561, 3522, 3519, 3563, 3519, 3521, 3563, 3560, 3561, 3564, 3564, 3562, 3560, 3561, 3563, 3565, 3561, 3565, 3564, 3563, 3521, 3566, 3563, 3566, 3565, 3567, 3562, 3564, 3557, 3562, 3567, 3564, 3565, 3568, 3568, 3565, 3566, 3569, 3557, 3567, 3557, 3569, 3558, 3564, 3570, 3567, 3564, 3568, 3570, 3571, 3558, 3569, 3558, 3571, 3559, 3569, 3567, 3572, 3571, 3569, 3572, 3572, 3567, 3573, 3567, 3570, 3573, 3571, 3572, 3574, 3559, 3571, 3575, 3571, 3574, 3575, 3559, 3575, 3576, 3575, 3574, 3577, 3576, 3575, 3577, 3559, 3576, 3578, 3559, 3578, 3554, 3579, 3576, 3577, 3578, 3576, 3579, 3580, 3554, 3578, 3554, 3580, 3547, 3580, 3546, 3547, 3580, 3581, 3546, 3578, 3581, 3580, 3581, 3308, 3546, 3578, 3582, 3581, 3579, 3582, 3578, 3581, 3583, 3308, 3583, 3581, 3582, 3582, 3579, 3584, 3583, 3582, 3584, 3308, 3583, 3585, 3583, 3584, 3586, 3585, 3583, 3586, 3587, 3586, 3584, 3585, 3588, 3308, 3306, 3308, 3588, 3587, 3584, 3589, 3584, 3579, 3589, 3587, 3589, 3590, 3588, 3591, 3306, 3283, 3306, 3591, 3592, 3588, 3585, 3592, 3591, 3588, 3592, 3585, 3593, 3594, 3592, 3593, 3591, 3595, 3283, 3595, 3591, 3592, 3596, 3592, 3594, 3597, 3596, 3594, 3595, 3592, 3598, 3592, 3596, 3598, 3599, 3283, 3595, 3283, 3599, 3258, 3599, 3257, 3258, 3599, 3595, 3600, 3600, 3257, 3599, 3598, 3600, 3595, 3256, 3257, 3600, 3596, 3601, 3598, 3596, 3597, 3601, 3602, 3600, 3598, 3602, 3598, 3601, 3603, 3256, 3600, 3603, 3600, 3602, 3604, 3256, 3603, 3604, 3603, 3602, 3604, 3252, 3256, 3252, 3604, 3251, 3597, 3605, 3601, 3597, 3606, 3605, 3606, 3607, 3605, 3601, 3605, 3607, 3607, 3606, 3608, 3609, 3601, 3607, 3609, 3602, 3601, 3610, 3609, 3607, 3610, 3602, 3609, 3607, 3608, 3611, 3610, 3607, 3611, 3610, 3612, 3602, 3604, 3602, 3612, 3612, 3610, 3613, 3604, 3612, 3613, 3614, 3610, 3611, 3610, 3614, 3613, 3611, 3608, 3615, 3616, 3615, 3608, 3616, 3617, 3615, 3615, 3618, 3611, 3618, 3614, 3611, 3615, 3617, 3619, 3615, 3619, 3618, 3617, 3620, 3619, 3618, 3619, 3621, 3619, 3620, 3621, 3618, 3622, 3614, 3618, 3621, 3622, 3621, 3620, 3623, 3622, 3621, 3623, 3620, 3624, 3623, 3614, 3622, 3625, 3625, 3613, 3614, 3626, 3623, 3624, 3624, 3627, 3626, 3622, 3623, 3628, 3628, 3623, 3626, 3626, 3627, 3629, 3629, 3627, 3630, 3628, 3626, 3631, 3631, 3626, 3629, 3622, 3628, 3632, 3633, 3628, 3631, 3632, 3628, 3633, 3634, 3622, 3632, 3625, 3622, 3634, 3632, 3633, 3635, 3634, 3632, 3635, 3633, 3631, 3636, 3636, 3631, 3629, 3625, 3634, 3637, 3613, 3625, 3637, 3637, 3634, 3638, 3613, 3637, 3639, 3637, 3638, 3639, 3638, 3634, 3640, 3634, 3635, 3640, 3639, 3638, 3641, 3638, 3640, 3641, 3613, 3639, 3642, 3642, 3604, 3613, 3251, 3604, 3642, 3247, 3251, 3642, 3642, 3639, 3247, 3247, 3639, 3641, 3641, 3242, 3247, 3641, 3643, 3242, 3641, 3640, 3643, 3643, 3237, 3242, 3643, 3640, 3644, 3640, 3635, 3644, 3643, 3645, 3237, 3644, 3645, 3643, 3644, 3635, 3646, 3645, 3644, 3646, 3646, 3635, 3647, 3635, 3633, 3647, 3633, 3636, 3647, 3646, 3648, 3645, 3647, 3649, 3646, 3649, 3648, 3646, 3647, 3636, 3650, 3647, 3650, 3649, 3645, 3648, 3651, 3237, 3645, 3651, 3237, 3651, 3652, 3237, 3652, 3234, 3234, 3652, 3235, 3651, 3653, 3652, 3652, 3653, 3235, 3651, 3648, 3653, 3654, 3235, 3653, 3648, 3655, 3653, 3654, 3653, 3655, 3656, 3655, 3648, 3648, 3649, 3656, 3235, 3654, 3657, 3235, 3657, 3233, 3649, 3658, 3656, 3649, 3650, 3658, 3659, 3233, 3657, 3233, 3659, 3227, 3660, 3658, 3650, 3650, 3636, 3660, 3661, 3656, 3658, 3661, 3658, 3660, 3636, 3662, 3660, 3629, 3662, 3636, 3656, 3661, 3663, 3655, 3656, 3663, 3662, 3629, 3664, 3663, 3665, 3655, 3665, 3654, 3655, 3629, 3666, 3664, 3629, 3630, 3666, 3630, 3664, 3666, 3630, 3667, 3664, 3667, 3668, 3664, 3664, 3668, 3662, 3667, 3669, 3668, 3660, 3662, 3668, 3668, 3669, 3670, 3670, 3671, 3668, 3660, 3668, 3672, 3661, 3660, 3672, 3671, 3673, 3668, 3668, 3674, 3672, 3674, 3668, 3673, 3661, 3672, 3675, 3672, 3674, 3675, 3676, 3673, 3671, 3676, 3671, 3677, 3673, 3676, 3678, 3676, 3677, 3678, 3674, 3673, 3679, 3673, 3678, 3679, 3678, 3677, 3680, 3679, 3678, 3680, 3680, 3677, 3681, 3674, 3679, 3682, 3682, 3675, 3674, 3683, 3679, 3680, 3682, 3679, 3683, 3681, 3684, 3680, 3684, 3681, 3685, 3686, 3675, 3682, 3684, 3685, 3687, 3685, 3688, 3687, 3689, 3675, 3686, 3675, 3689, 3661, 3663, 3661, 3689, 3663, 3689, 3690, 3689, 3686, 3690, 3663, 3690, 3665, 3690, 3686, 3691, 3665, 3690, 3691, 3682, 3692, 3686, 3682, 3683, 3692, 3686, 3692, 3693, 3686, 3693, 3691, 3694, 3692, 3683, 3692, 3694, 3693, 3694, 3683, 3695, 3683, 3696, 3695, 3683, 3680, 3696, 3694, 3695, 3697, 3696, 3680, 3698, 3698, 3680, 3684, 3696, 3699, 3695, 3696, 3698, 3699, 3695, 3699, 3697, 3698, 3684, 3700, 3700, 3699, 3698, 3684, 3687, 3700, 3699, 3700, 3701, 3700, 3687, 3702, 3701, 3700, 3702, 3699, 3701, 3703, 3699, 3703, 3697, 3701, 3702, 3704, 3701, 3704, 3703, 3687, 3705, 3702, 3687, 3688, 3705, 3702, 3706, 3704, 3706, 3702, 3705, 3688, 3707, 3705, 3688, 3708, 3707, 3708, 3709, 3707, 3710, 3705, 3707, 3707, 3709, 3710, 3705, 3710, 3706, 3709, 3711, 3710, 3710, 3712, 3706, 3710, 3711, 3713, 3710, 3713, 3712, 3713, 3711, 3714, 3715, 3714, 3711, 3712, 3713, 3716, 3716, 3713, 3714, 3717, 3706, 3712, 3717, 3712, 3716, 3704, 3706, 3717, 3716, 3714, 3718, 3704, 3717, 3719, 3703, 3704, 3719, 3717, 3716, 3720, 3703, 3719, 3721, 3720, 3716, 3722, 3722, 3716, 3718, 3720, 3723, 3717, 3719, 3717, 3723, 3720, 3722, 3724, 3723, 3720, 3724, 3725, 3719, 3723, 3721, 3719, 3725, 3726, 3725, 3723, 3721, 3725, 3726, 3723, 3724, 3727, 3728, 3703, 3721, 3697, 3703, 3728, 3729, 3728, 3721, 3730, 3697, 3728, 3728, 3729, 3730, 3694, 3697, 3730, 3693, 3694, 3730, 3729, 3721, 3731, 3726, 3731, 3721, 3732, 3730, 3729, 3732, 3729, 3731, 3693, 3730, 3733, 3734, 3730, 3732, 3733, 3730, 3734, 3735, 3732, 3731, 3736, 3693, 3733, 3691, 3693, 3736, 3731, 3737, 3735, 3731, 3726, 3737, 3738, 3732, 3735, 3738, 3735, 3737, 3732, 3739, 3734, 3739, 3733, 3734, 3739, 3732, 3738, 3739, 3740, 3733, 3740, 3736, 3733, 3740, 3739, 3741, 3736, 3740, 3742, 3742, 3740, 3741, 3691, 3736, 3743, 3743, 3736, 3742, 3691, 3743, 3665, 3744, 3665, 3743, 3654, 3665, 3744, 3654, 3744, 3745, 3745, 3744, 3743, 3657, 3654, 3745, 3659, 3657, 3745, 3745, 3743, 3746, 3746, 3743, 3742, 3659, 3745, 3747, 3745, 3746, 3748, 3747, 3745, 3748, 3746, 3742, 3749, 3749, 3748, 3746, 3659, 3747, 3750, 3747, 3748, 3750, 3227, 3659, 3750, 3748, 3749, 3751, 3748, 3751, 3750, 3749, 3742, 3752, 3749, 3752, 3751, 3742, 3741, 3752, 3227, 3750, 3753, 3227, 3753, 3223, 3223, 3753, 3221, 3750, 3751, 3754, 3753, 3750, 3754, 3221, 3753, 3755, 3756, 3755, 3753, 3221, 3755, 3756, 3753, 3754, 3756, 3221, 3756, 3757, 3757, 3215, 3221, 3756, 3754, 3758, 3215, 3757, 3759, 3751, 3760, 3754, 3754, 3760, 3758, 3751, 3752, 3760, 3215, 3759, 3761, 3759, 3757, 3761, 3215, 3761, 3212, 3212, 3761, 3213, 3762, 3757, 3756, 3757, 3762, 3761, 3758, 3762, 3756, 3213, 3761, 3763, 3762, 3758, 3764, 3760, 3764, 3758, 3761, 3762, 3765, 3761, 3765, 3763, 3762, 3764, 3766, 3763, 3765, 3767, 3767, 3765, 3762, 3768, 3762, 3766, 3767, 3762, 3768, 3764, 3769, 3766, 3766, 3769, 3768, 3764, 3770, 3769, 3770, 3764, 3760, 3769, 3771, 3768, 3770, 3772, 3769, 3772, 3771, 3769, 3760, 3773, 3770, 3773, 3772, 3770, 3768, 3771, 3774, 3768, 3774, 3767, 3772, 3775, 3771, 3775, 3772, 3773, 3774, 3771, 3776, 3771, 3775, 3777, 3771, 3777, 3776, 3778, 3767, 3774, 3774, 3776, 3778, 3779, 3777, 3775, 3776, 3777, 3780, 3780, 3777, 3779, 3775, 3781, 3779, 3780, 3779, 3781, 3775, 3773, 3782, 3775, 3782, 3781, 3773, 3783, 3782, 3783, 3784, 3782, 3782, 3784, 3781, 3773, 3785, 3783, 3785, 3784, 3783, 3786, 3773, 3760, 3786, 3785, 3773, 3752, 3786, 3760, 3787, 3786, 3752, 3786, 3787, 3785, 3741, 3787, 3752, 3741, 3739, 3787, 3739, 3788, 3787, 3787, 3788, 3785, 3739, 3738, 3788, 3785, 3788, 3789, 3738, 3789, 3788, 3785, 3789, 3790, 3789, 3738, 3790, 3785, 3790, 3784, 3784, 3790, 3791, 3791, 3781, 3784, 3790, 3738, 3792, 3791, 3790, 3792, 3738, 3793, 3792, 3738, 3737, 3793, 3791, 3792, 3794, 3781, 3791, 3794, 3793, 3737, 3795, 3793, 3795, 3792, 3796, 3795, 3737, 3726, 3796, 3737, 3726, 3723, 3796, 3796, 3723, 3797, 3797, 3723, 3727, 3797, 3727, 3796, 3795, 3796, 3798, 3796, 3727, 3798, 3795, 3799, 3792, 3795, 3798, 3799, 3792, 3799, 3800, 3792, 3800, 3794, 3799, 3798, 3801, 3800, 3799, 3802, 3799, 3801, 3802, 3802, 3801, 3800, 3798, 3727, 3803, 3798, 3803, 3801, 3804, 3803, 3727, 3727, 3724, 3804, 3724, 3722, 3804, 3801, 3803, 3805, 3722, 3806, 3804, 3807, 3803, 3804, 3803, 3807, 3805, 3804, 3806, 3808, 3807, 3804, 3808, 3806, 3722, 3809, 3722, 3718, 3809, 3810, 3808, 3806, 3809, 3810, 3806, 3807, 3808, 3811, 3808, 3810, 3811, 3812, 3805, 3807, 3807, 3811, 3812, 3801, 3805, 3813, 3805, 3812, 3813, 3801, 3813, 3800, 3812, 3811, 3814, 3815, 3800, 3813, 3800, 3815, 3794, 3816, 3813, 3812, 3816, 3812, 3814, 3815, 3813, 3817, 3813, 3816, 3817, 3818, 3814, 3811, 3810, 3818, 3811, 3816, 3814, 3819, 3810, 3820, 3818, 3814, 3818, 3821, 3814, 3821, 3819, 3818, 3820, 3821, 3816, 3819, 3822, 3821, 3822, 3819, 3817, 3816, 3822, 3810, 3823, 3820, 3809, 3823, 3810, 3820, 3824, 3821, 3809, 3825, 3823, 3718, 3825, 3809, 3823, 3826, 3820, 3820, 3826, 3824, 3823, 3825, 3827, 3823, 3827, 3826, 3718, 3828, 3825, 3714, 3828, 3718, 3828, 3714, 3715, 3715, 3829, 3828, 3715, 3830, 3829, 3829, 3830, 3828, 3828, 3831, 3825, 3828, 3830, 3831, 3825, 3831, 3827, 3830, 3832, 3831, 3833, 3831, 3832, 3827, 3831, 3833, 3833, 3832, 3834, 3835, 3827, 3833, 3835, 3833, 3834, 3827, 3835, 3826, 3835, 3834, 3836, 3835, 3837, 3826, 3826, 3837, 3824, 3835, 3836, 3838, 3838, 3836, 3839, 3840, 3835, 3838, 3837, 3835, 3840, 3840, 3838, 3837, 3838, 3839, 3841, 3837, 3838, 3841, 3841, 3839, 3842, 3839, 3843, 3842, 3837, 3841, 3844, 3841, 3842, 3844, 3842, 3843, 3845, 3844, 3842, 3845, 3846, 3845, 3843, 3845, 3846, 3847, 3845, 3847, 3848, 3848, 3849, 3845, 3849, 3844, 3845, 3850, 3849, 3848, 3850, 3848, 3851, 3849, 3852, 3844, 3850, 3853, 3849, 3852, 3849, 3853, 3850, 3851, 3854, 3850, 3854, 3853, 3855, 3844, 3852, 3837, 3844, 3855, 3856, 3852, 3853, 3856, 3853, 3854, 3852, 3856, 3855, 3851, 3857, 3854, 3854, 3857, 3856, 3857, 3851, 3858, 3858, 3859, 3857, 3837, 3855, 3860, 3824, 3837, 3860, 3855, 3861, 3860, 3861, 3855, 3856, 3862, 3824, 3860, 3862, 3821, 3824, 3863, 3860, 3861, 3862, 3860, 3863, 3821, 3862, 3864, 3821, 3864, 3822, 3864, 3862, 3865, 3822, 3864, 3865, 3862, 3863, 3865, 3863, 3861, 3866, 3866, 3861, 3856, 3863, 3866, 3867, 3865, 3863, 3867, 3866, 3856, 3868, 3866, 3868, 3867, 3868, 3856, 3857, 3867, 3869, 3865, 3867, 3868, 3869, 3857, 3870, 3868, 3857, 3859, 3870, 3868, 3870, 3871, 3868, 3871, 3869, 3872, 3870, 3859, 3871, 3870, 3872, 3859, 3873, 3872, 3871, 3872, 3874, 3874, 3872, 3873, 3869, 3871, 3875, 3875, 3871, 3874, 3869, 3876, 3865, 3869, 3875, 3876, 3865, 3876, 3822, 3873, 3877, 3874, 3878, 3877, 3873, 3874, 3879, 3875, 3879, 3874, 3877, 3880, 3877, 3878, 3879, 3877, 3880, 3880, 3878, 3881, 3882, 3875, 3879, 3882, 3876, 3875, 3883, 3879, 3880, 3876, 3882, 3884, 3885, 3879, 3883, 3879, 3885, 3882, 3876, 3884, 3886, 3822, 3876, 3886, 3887, 3884, 3882, 3887, 3886, 3884, 3887, 3882, 3885, 3822, 3886, 3817, 3888, 3886, 3887, 3885, 3888, 3887, 3886, 3889, 3817, 3889, 3886, 3888, 3815, 3817, 3889, 3890, 3815, 3889, 3794, 3815, 3890, 3888, 3891, 3889, 3892, 3889, 3891, 3892, 3891, 3888, 3890, 3889, 3892, 3794, 3890, 3893, 3890, 3892, 3894, 3893, 3890, 3894, 3892, 3895, 3894, 3893, 3894, 3895, 3896, 3794, 3893, 3794, 3896, 3781, 3781, 3896, 3897, 3781, 3897, 3780, 3780, 3897, 3896, 3898, 3896, 3893, 3780, 3896, 3898, 3893, 3895, 3898, 3780, 3898, 3899, 3776, 3780, 3899, 3900, 3776, 3899, 3778, 3776, 3900, 3899, 3898, 3901, 3899, 3901, 3900, 3901, 3898, 3902, 3900, 3901, 3903, 3902, 3903, 3901, 3902, 3898, 3904, 3898, 3895, 3904, 3903, 3902, 3905, 3902, 3904, 3905, 3895, 3906, 3904, 3895, 3892, 3906, 3905, 3904, 3907, 3906, 3892, 3908, 3892, 3888, 3908, 3904, 3906, 3909, 3909, 3907, 3904, 3906, 3908, 3910, 3906, 3910, 3909, 3908, 3888, 3910, 3910, 3911, 3909, 3907, 3909, 3911, 3910, 3888, 3912, 3910, 3912, 3911, 3912, 3888, 3885, 3913, 3907, 3911, 3912, 3885, 3914, 3914, 3885, 3883, 3911, 3912, 3915, 3883, 3916, 3914, 3880, 3916, 3883, 3914, 3917, 3912, 3917, 3914, 3916, 3915, 3912, 3918, 3912, 3917, 3918, 3915, 3919, 3911, 3918, 3919, 3915, 3911, 3919, 3913, 3918, 3917, 3920, 3919, 3918, 3920, 3920, 3917, 3921, 3917, 3916, 3921, 3919, 3920, 3922, 3922, 3920, 3921, 3923, 3916, 3880, 3921, 3916, 3923, 3881, 3923, 3880, 3881, 3924, 3923, 3921, 3923, 3924, 3924, 3881, 3925, 3926, 3921, 3924, 3926, 3922, 3921, 3925, 3927, 3924, 3926, 3924, 3927, 3927, 3925, 3928, 3922, 3926, 3929, 3927, 3929, 3926, 3928, 3930, 3927, 3930, 3928, 3931, 3932, 3929, 3927, 3932, 3927, 3930, 3930, 3931, 3933, 3929, 3932, 3934, 3934, 3932, 3930, 3929, 3934, 3922, 3935, 3930, 3933, 3935, 3933, 3936, 3937, 3922, 3934, 3919, 3922, 3937, 3938, 3935, 3936, 3938, 3936, 3939, 3940, 3919, 3937, 3913, 3919, 3940, 3941, 3938, 3939, 3941, 3935, 3938, 3940, 3937, 3942, 3942, 3937, 3934, 3935, 3941, 3943, 3943, 3944, 3935, 3944, 3930, 3935, 3941, 3945, 3943, 3945, 3944, 3943, 3946, 3930, 3944, 3946, 3944, 3945, 3934, 3930, 3946, 3946, 3945, 3947, 3934, 3946, 3948, 3948, 3946, 3947, 3942, 3934, 3949, 3934, 3948, 3949, 3950, 3942, 3949, 3950, 3940, 3942, 3950, 3949, 3951, 3948, 3951, 3949, 3951, 3940, 3950, 3948, 3947, 3952, 3951, 3948, 3952, 3953, 3947, 3945, 3953, 3945, 3941, 3954, 3952, 3947, 3954, 3947, 3953, 3952, 3955, 3951, 3956, 3952, 3954, 3957, 3951, 3955, 3940, 3951, 3957, 3958, 3952, 3956, 3958, 3955, 3952, 3954, 3958, 3956, 3959, 3957, 3955, 3959, 3955, 3958, 3940, 3957, 3960, 3959, 3958, 3961, 3960, 3962, 3940, 3962, 3913, 3940, 3962, 3907, 3913, 3962, 3905, 3907, 3903, 3905, 3962, 3960, 3963, 3962, 3964, 3903, 3962, 3962, 3963, 3964, 3903, 3964, 3900, 3965, 3963, 3960, 3964, 3963, 3965, 3965, 3960, 3957, 3964, 3966, 3900, 3966, 3778, 3900, 3967, 3964, 3965, 3968, 3778, 3966, 3767, 3778, 3968, 3966, 3964, 3969, 3964, 3967, 3969, 3970, 3767, 3968, 3763, 3767, 3970, 3213, 3763, 3970, 3971, 3968, 3966, 3968, 3971, 3970, 3969, 3972, 3966, 3972, 3971, 3966, 3967, 3972, 3969, 3213, 3970, 3973, 3973, 3210, 3213, 3971, 3974, 3970, 3973, 3970, 3974, 3971, 3975, 3974, 3975, 3971, 3972, 3976, 3973, 3974, 3975, 3976, 3974, 3210, 3973, 3976, 3975, 3972, 3977, 3976, 3975, 3977, 3210, 3976, 3978, 3206, 3210, 3978, 3976, 3979, 3978, 3206, 3978, 3979, 3979, 3976, 3977, 3980, 3972, 3967, 3977, 3972, 3980, 3965, 3980, 3967, 3206, 3979, 3981, 3161, 3206, 3981, 3158, 3161, 3981, 3157, 3158, 3981, 3965, 3982, 3980, 3157, 3981, 3983, 3984, 3982, 3965, 3980, 3982, 3984, 3984, 3965, 3957, 3150, 3157, 3983, 3984, 3957, 3985, 3959, 3985, 3957, 3986, 3980, 3984, 3977, 3980, 3986, 3987, 3985, 3959, 3987, 3959, 3961, 3988, 3984, 3985, 3988, 3985, 3987, 3986, 3984, 3988, 3987, 3961, 3989, 3989, 3961, 3958, 3990, 3988, 3987, 3990, 3987, 3989, 3991, 3986, 3988, 3991, 3977, 3986, 3992, 3988, 3990, 3988, 3992, 3991, 3993, 3992, 3990, 3989, 3993, 3990, 3994, 3977, 3991, 3977, 3994, 3979, 3994, 3995, 3979, 3981, 3979, 3995, 3995, 3994, 3996, 3996, 3994, 3991, 3981, 3995, 3997, 3997, 3995, 3996, 3997, 3983, 3981, 3996, 3991, 3998, 3998, 3997, 3996, 3998, 3991, 3999, 3998, 3999, 3997, 3999, 3991, 3992, 4000, 3983, 3997, 4000, 3997, 3999, 3999, 3992, 4001, 3999, 4001, 4000, 3993, 4001, 3992, 4000, 4002, 3983, 3983, 4002, 3150, 4000, 4001, 4003, 4003, 4002, 4000, 3150, 4002, 4004, 4002, 4003, 4004, 3150, 4004, 3144, 3144, 4004, 3141, 4004, 4003, 3141, 3141, 4003, 3145, 4005, 4003, 4001, 4001, 3993, 4005, 4003, 4006, 3145, 4003, 4005, 4006, 4006, 4007, 3145, 4007, 4006, 4005, 4007, 3147, 3145, 4008, 4005, 3993, 4007, 4005, 4008, 3993, 3989, 4008, 3989, 4009, 4008, 4008, 4009, 4007, 4009, 3989, 4010, 3989, 3958, 4010, 4007, 4009, 4011, 4009, 4010, 4011, 4011, 4012, 4007, 4011, 4010, 4012, 4007, 4012, 4013, 3147, 4007, 4013, 4012, 4010, 4014, 4012, 4014, 4013, 3958, 4015, 4010, 4015, 4014, 4010, 3954, 4015, 3958, 4016, 3147, 4013, 3147, 4016, 3142, 3143, 3142, 4016, 4017, 4016, 4013, 4013, 4014, 4017, 3143, 4016, 4018, 4016, 4017, 4018, 4019, 3143, 4018, 3140, 3143, 4019, 4017, 4020, 4018, 4017, 4014, 4020, 4019, 4018, 4021, 4018, 4020, 4021, 3140, 4019, 4022, 4022, 3138, 3140, 4021, 4023, 4019, 4019, 4023, 4022, 4021, 4020, 4024, 4021, 4025, 4023, 4025, 4021, 4024, 4023, 4025, 4026, 4025, 4024, 4026, 4027, 4020, 4014, 4020, 4027, 4024, 4014, 4028, 4027, 4015, 4028, 4014, 4027, 4029, 4024, 4027, 4028, 4029, 4028, 4015, 4030, 4015, 4031, 4030, 3954, 4031, 4015, 4031, 3954, 3953, 4031, 3953, 4030, 4030, 4032, 4028, 4030, 3953, 4032, 4029, 4028, 4032, 3953, 4033, 4032, 4032, 4034, 4029, 4034, 4032, 4033, 4033, 3953, 4035, 4033, 4035, 4034, 3953, 3941, 4035, 4035, 3941, 3939, 4035, 3939, 4036, 4036, 3939, 4037, 4036, 4038, 4035, 4038, 4036, 4037, 4034, 4035, 4038, 4038, 4037, 4039, 4034, 4038, 4040, 4029, 4034, 4040, 4041, 4038, 4039, 4040, 4038, 4041, 4029, 4040, 4042, 4040, 4041, 4042, 4024, 4029, 4042, 4041, 4039, 4043, 4043, 4039, 4044, 4024, 4042, 4045, 4042, 4041, 4045, 4026, 4024, 4045, 4046, 4041, 4043, 4043, 4044, 4046, 4045, 4041, 4046, 4046, 4044, 4047, 4048, 4026, 4045, 4046, 4048, 4045, 4048, 4023, 4026, 4046, 4047, 4049, 4050, 4049, 4047, 4051, 4046, 4049, 4051, 4049, 4050, 4048, 4046, 4051, 4051, 4050, 4052, 4053, 4052, 4050, 4048, 4051, 4054, 4054, 4051, 4052, 4048, 4055, 4023, 4054, 4055, 4048, 4023, 4055, 4022, 4054, 4052, 4056, 4055, 4054, 4056, 4056, 4052, 4053, 4057, 4022, 4055, 4053, 4058, 4056, 4056, 4058, 4055, 4055, 4058, 4057, 4058, 4053, 4059, 3138, 4022, 4057, 4059, 4060, 4058, 4060, 4061, 4058, 4058, 4061, 4057, 4062, 4061, 4060, 3138, 4057, 4063, 3124, 3138, 4063, 4064, 4057, 4061, 4057, 4064, 4063, 4061, 4062, 4065, 4066, 4065, 4062, 4064, 4061, 4067, 4065, 4067, 4061, 4063, 4064, 4068, 4067, 4065, 4069, 4064, 4067, 4070, 4064, 4070, 4068, 4069, 4070, 4067, 4068, 4071, 4063, 4071, 4068, 4070, 4063, 4072, 3124, 4072, 4063, 4071, 3124, 4072, 3122, 3122, 4072, 3119, 4073, 4071, 4070, 4071, 4073, 4072, 4072, 4074, 3119, 4072, 4073, 4074, 3119, 4074, 4073, 4073, 4070, 4075, 4075, 4070, 4069, 4073, 4076, 3119, 4075, 4076, 4073, 2638, 3119, 4076, 4076, 4077, 2638, 4075, 4077, 4076, 2636, 2638, 4077, 2636, 4077, 2633, 4075, 4069, 4078, 4075, 4079, 4077, 4078, 4079, 4075, 4069, 4080, 4078, 4080, 4079, 4078, 4065, 4080, 4069, 4065, 4066, 4080, 4080, 4066, 4081, 4081, 4066, 4082, 4083, 4080, 4081, 4083, 4079, 4080, 4082, 4083, 4081, 4077, 4079, 4084, 4079, 4083, 4084, 4077, 4084, 2633, 4085, 4083, 4082, 4084, 4083, 4085, 4085, 4082, 4086, 4087, 4086, 4082, 4085, 4088, 4084, 4085, 4086, 4088, 4089, 2633, 4084, 2627, 2633, 4089, 4089, 4084, 4090, 4089, 4090, 2627, 4088, 4090, 4084, 4088, 4086, 4091, 4091, 4090, 4088, 4087, 4092, 4086, 4092, 4091, 4086, 4087, 4093, 4092, 4093, 4087, 4094, 4093, 4094, 4095, 4093, 4096, 4092, 4092, 4096, 4091, 4095, 4097, 4093, 4097, 4096, 4093, 4095, 4098, 4097, 4096, 4097, 4099, 4097, 4098, 4100, 4097, 4100, 4099, 4096, 4099, 4101, 4102, 4100, 4098, 4102, 4098, 4103, 4102, 4103, 4104, 4105, 4096, 4101, 4091, 4096, 4105, 4102, 4104, 4106, 1156, 4106, 4104, 4105, 4107, 4091, 4108, 4106, 1156, 4105, 4101, 4109, 4109, 4107, 4105, 4110, 4101, 4099, 4101, 4110, 4109, 4100, 4110, 4099, 4108, 1156, 4111, 4111, 1156, 1155, 1159, 4111, 1155, 4106, 4108, 4112, 4106, 4112, 4102, 4111, 4113, 4108, 4108, 4113, 4112, 1159, 4114, 4111, 4111, 4114, 4113, 1159, 4115, 4114, 1161, 4115, 1159, 4116, 4113, 4114, 4115, 4116, 4114, 1161, 4117, 4115, 4116, 4115, 4118, 4115, 4117, 4118, 4119, 4113, 4116, 4117, 1161, 4120, 1162, 4120, 1161, 4119, 4121, 4113, 4112, 4113, 4121, 4116, 4122, 4119, 4116, 4118, 4122, 4119, 4123, 4121, 4119, 4122, 4123, 4112, 4121, 4124, 4123, 4125, 4121, 4125, 4124, 4121, 4112, 4124, 4126, 4112, 4126, 4127, 4102, 4112, 4127, 4127, 4100, 4102, 4127, 4126, 4128, 4128, 4100, 4127, 4124, 4128, 4126, 4100, 4128, 4110, 4128, 4124, 4129, 4125, 4129, 4124, 4128, 4130, 4110, 4129, 4130, 4128, 4130, 4131, 4110, 4131, 4130, 4129, 4131, 4109, 4110, 4125, 4132, 4129, 4132, 4131, 4129, 4131, 4133, 4109, 4133, 4131, 4132, 4107, 4109, 4133, 4134, 4132, 4125, 4125, 4123, 4134, 4135, 4133, 4132, 4134, 4123, 4136, 4123, 4122, 4136, 4137, 4133, 4135, 4107, 4133, 4137, 4137, 4135, 2574, 2574, 2571, 4137, 4138, 2574, 4135, 4135, 4132, 4138, 4138, 2569, 2574, 2569, 4138, 2567, 4139, 4137, 2571, 4139, 4107, 4137, 4139, 2571, 2572, 2567, 4138, 4140, 2567, 4140, 2565, 2572, 4141, 4139, 2572, 2576, 4141, 4107, 4139, 4142, 4142, 4139, 4141, 4107, 4142, 4143, 4143, 4091, 4107, 4091, 4143, 4090, 4143, 4142, 4144, 4144, 4090, 4143, 4142, 4141, 4144, 4141, 2576, 4145, 4145, 4144, 4141, 4145, 2576, 2617, 4144, 4145, 4146, 4146, 4145, 2617, 4090, 4144, 4147, 4146, 4147, 4144, 4147, 4146, 2617, 4147, 2627, 4090, 4147, 2617, 2624, 2627, 4147, 2624, 4148, 2565, 4140, 4149, 2565, 4148, 2565, 4149, 2559, 4150, 4148, 4140, 4140, 4138, 4150, 4149, 4151, 2559, 4151, 2550, 2559, 4152, 4149, 4148, 4150, 4152, 4148, 4151, 4149, 4153, 4152, 4153, 4149, 4151, 4153, 2550, 4138, 4154, 4150, 4138, 4132, 4154, 4154, 4132, 4134, 4150, 4154, 4155, 4134, 4155, 4154, 4150, 4155, 4152, 4134, 4156, 4155, 4136, 4156, 4134, 4156, 4157, 4155, 4136, 4157, 4156, 4157, 4152, 4155, 4136, 4158, 4157, 4152, 4157, 4159, 4159, 4157, 4158, 4152, 4159, 4160, 4160, 4153, 4152, 4161, 4158, 4136, 4136, 4122, 4161, 4162, 4153, 4160, 4163, 4161, 4122, 4122, 4118, 4163, 4164, 4158, 4161, 4161, 4163, 4164, 4118, 4165, 4163, 4165, 4164, 4163, 4118, 4117, 4165, 4164, 4166, 4158, 4166, 4159, 4158, 4167, 4164, 4165, 4164, 4167, 4166, 4117, 4168, 4165, 4168, 4117, 4120, 4165, 4169, 4167, 4165, 4168, 4169, 4166, 4170, 4159, 4170, 4160, 4159, 4170, 4162, 4160, 4171, 4166, 4167, 4166, 4171, 4170, 4167, 4169, 4172, 4167, 4172, 4171, 4168, 4173, 4169, 4174, 4172, 4169, 4169, 4173, 4174, 4173, 4168, 4175, 4120, 4175, 4168, 4173, 4175, 4176, 4174, 4173, 4176, 4175, 4120, 4177, 4176, 4175, 4177, 1162, 4177, 4120, 4177, 4178, 4176, 4178, 4177, 1162, 4176, 4179, 4174, 1162, 4180, 4178, 1165, 4180, 1162, 1165, 1168, 4180, 4176, 4178, 4181, 4181, 4179, 4176, 4180, 4182, 4178, 4178, 4182, 4181, 4180, 4183, 4182, 4182, 4183, 4181, 1168, 4183, 4180, 4179, 4181, 4184, 4185, 4183, 1168, 1168, 1183, 4185, 4181, 4183, 4186, 4184, 4181, 4186, 4183, 4185, 4187, 1183, 4187, 4185, 4186, 4183, 4187, 4187, 1183, 1212, 4187, 1212, 1227, 4186, 4187, 4188, 1227, 4188, 4187, 4188, 4184, 4186, 4189, 4188, 1227, 1231, 4189, 1227, 4190, 4184, 4188, 4188, 4189, 4190, 4191, 4179, 4184, 4190, 4191, 4184, 4179, 4191, 4174, 4191, 4172, 4174, 4192, 4191, 4190, 4172, 4191, 4193, 4192, 4193, 4191, 4172, 4193, 4171, 4190, 4194, 4192, 4189, 4194, 4190, 4195, 4193, 4192, 4195, 4192, 4194, 4171, 4193, 4196, 4195, 4197, 4193, 4196, 4193, 4197, 4198, 4171, 4196, 4171, 4198, 4170, 4196, 4197, 4199, 4196, 4199, 4198, 4199, 4197, 4195, 4198, 4200, 4170, 4162, 4170, 4200, 4198, 4199, 4201, 4198, 4201, 4200, 4195, 4202, 4199, 4199, 4202, 4201, 4200, 4203, 4162, 4200, 4201, 4203, 4162, 4203, 4204, 4162, 4204, 4153, 4204, 2550, 4153, 4203, 4205, 4204, 4205, 2550, 4204, 4201, 4206, 4203, 4203, 4206, 4205, 2550, 4205, 4207, 2545, 2550, 4207, 4205, 4208, 4207, 4207, 4208, 2545, 4206, 4208, 4205, 4208, 2547, 2545, 4206, 4201, 4209, 4202, 4209, 4201, 4208, 4206, 4210, 4202, 4211, 4209, 4210, 4212, 4208, 2547, 4208, 4212, 4206, 4213, 4210, 4213, 4212, 4210, 4209, 4214, 4206, 4214, 4213, 4206, 4209, 4215, 4214, 4215, 4209, 4211, 4214, 4216, 4213, 4216, 4214, 4215, 4212, 4213, 4217, 4216, 4217, 4213, 4212, 4218, 2547, 4212, 4217, 4218, 4218, 4219, 2547, 2546, 2547, 4219, 4219, 4218, 4220, 4219, 4221, 2546, 4222, 4220, 4218, 4218, 4217, 4222, 4219, 4220, 4223, 4223, 4221, 4219, 4224, 4223, 4220, 4222, 4224, 4220, 4223, 4225, 4221, 4224, 1441, 4223, 4223, 1441, 4225, 4224, 1438, 1441, 4225, 1441, 1444, 4226, 1438, 4224, 4226, 4224, 4222, 4226, 1436, 1438, 1436, 4226, 4222, 4225, 1444, 4227, 4227, 4221, 4225, 4228, 1436, 4222, 4228, 1432, 1436, 4221, 4227, 4229, 4221, 4229, 2546, 2546, 4229, 2540, 4227, 1444, 4230, 4230, 1444, 1449, 4229, 4227, 4231, 4227, 4230, 4231, 4229, 4232, 2540, 4229, 4231, 4232, 2540, 4232, 2539, 4231, 4233, 4232, 2539, 4232, 4233, 4230, 4234, 4231, 4230, 1449, 4234, 4231, 4235, 4233, 2539, 4233, 4235, 4231, 4234, 4235, 2539, 4235, 2422, 4235, 4234, 4236, 4235, 4236, 2422, 4234, 1449, 4236, 4236, 4237, 2422, 2422, 4237, 2416, 4237, 4238, 2416, 4236, 4238, 4237, 2416, 4238, 2414, 4238, 4236, 2414, 1449, 4239, 4236, 4236, 4239, 2414, 1448, 4239, 1449, 1451, 4239, 1448, 2414, 4239, 1451, 2414, 1451, 1488, 4240, 1488, 1451, 1451, 1446, 4240, 1488, 4240, 1453, 1446, 1453, 4240, 4222, 4217, 4241, 4222, 4241, 4228, 4241, 4217, 4242, 4241, 4242, 4228, 4243, 4242, 4217, 4216, 4243, 4217, 4244, 4228, 4242, 4243, 4216, 4245, 4216, 4215, 4245, 4243, 4246, 4242, 4246, 4244, 4242, 4243, 4245, 4246, 4244, 4247, 4228, 4247, 1432, 4228, 4248, 4247, 4244, 4244, 4246, 4248, 4247, 4249, 1432, 1432, 4249, 1431, 4250, 4249, 4247, 4250, 1431, 4249, 4248, 4250, 4247, 4251, 1431, 4250, 4251, 1429, 1431, 4252, 4250, 4248, 4250, 4252, 4251, 4253, 4248, 4246, 4252, 4248, 4253, 4254, 4253, 4246, 4252, 4253, 4255, 4255, 4253, 4254, 4256, 4254, 4246, 4245, 4256, 4246, 4252, 4255, 4257, 4258, 4256, 4245, 4252, 4257, 4259, 4259, 4251, 4252, 4260, 4257, 4255, 4260, 4259, 4257, 4251, 4259, 4261, 4251, 4261, 4262, 4251, 4262, 1429, 4259, 4263, 4261, 4263, 4262, 4261, 4264, 4263, 4259, 4264, 4259, 4260, 4262, 4263, 4265, 4264, 4265, 4263, 4262, 4266, 1429, 4266, 1366, 1429, 1366, 4266, 1360, 4267, 4266, 4262, 1360, 4266, 4267, 4265, 4267, 4262, 1360, 4267, 1351, 4268, 1351, 4267, 4267, 4265, 4268, 1349, 1351, 4268, 4268, 1352, 1349, 4265, 4264, 4269, 4269, 4264, 4260, 4265, 4270, 4268, 4269, 4270, 4265, 1352, 4268, 4271, 4270, 4271, 4268, 1352, 4271, 1346, 4272, 4270, 4269, 4271, 4270, 4273, 4272, 4273, 4270, 4274, 1346, 4271, 4273, 4274, 4271, 4269, 4275, 4272, 4275, 4269, 4260, 4272, 4276, 4273, 4277, 4272, 4275, 4272, 4277, 4276, 4278, 4275, 4260, 4278, 4277, 4275, 4279, 4278, 4260, 4260, 4255, 4279, 4278, 4280, 4277, 4277, 4280, 4276, 4281, 4280, 4278, 4281, 4278, 4279, 4281, 4282, 4280, 4279, 4255, 4283, 4255, 4254, 4283, 1236, 4281, 4279, 1236, 4282, 4281, 4279, 4283, 4284, 4279, 4284, 1236, 4285, 4284, 4283, 4284, 4285, 1236, 4283, 4254, 4286, 4285, 4283, 4286, 4254, 4256, 4286, 1236, 4285, 1232, 4282, 1236, 1234, 4287, 1232, 4285, 4287, 4285, 4286, 1232, 4287, 1231, 4286, 4256, 4258, 4288, 1231, 4287, 4189, 1231, 4288, 4289, 4287, 4286, 4289, 4288, 4287, 4189, 4288, 4194, 4289, 4286, 4290, 4290, 4286, 4258, 4291, 4288, 4289, 4290, 4291, 4289, 4291, 4194, 4288, 4291, 4290, 4258, 4194, 4291, 4292, 4292, 4291, 4258, 4194, 4292, 4293, 4195, 4194, 4293, 4195, 4293, 4202, 4294, 4292, 4258, 4294, 4293, 4292, 4293, 4294, 4202, 4294, 4258, 4245, 4202, 4294, 4211, 4294, 4245, 4215, 4294, 4215, 4211, 4295, 4282, 1234, 4295, 1234, 1230, 4282, 4295, 4296, 4296, 4280, 4282, 4296, 4276, 4280, 4295, 1230, 4297, 1238, 4297, 1230, 4297, 4298, 4295, 4298, 4297, 1238, 4299, 4296, 4295, 4298, 4299, 4295, 4276, 4296, 4300, 4296, 4299, 4300, 4298, 1238, 4301, 4301, 1238, 1240, 4302, 4299, 4298, 4303, 4301, 1240, 1244, 4303, 1240, 4301, 4304, 4298, 4301, 4303, 4304, 4298, 4304, 4302, 1246, 4303, 1244, 4305, 4304, 4303, 4305, 4303, 1246, 4305, 4302, 4304, 4305, 1246, 4306, 4299, 4302, 4307, 4307, 4300, 4299, 4302, 4305, 4308, 4309, 4300, 4307, 4305, 4306, 4310, 4308, 4305, 4310, 4309, 4311, 4300, 4300, 4311, 4276, 4276, 4311, 4273, 4311, 4274, 4273, 4311, 4309, 4312, 4312, 4309, 4307, 4313, 4274, 4311, 4313, 1346, 4274, 4314, 4311, 4312, 4313, 4311, 4314, 4315, 1346, 4313, 4315, 4313, 4314, 4315, 1333, 1346, 1333, 4315, 1331, 4312, 4316, 4314, 4312, 4307, 4316, 4317, 4315, 4314, 4314, 4316, 4317, 1331, 4315, 4317, 4316, 4307, 4318, 4316, 4318, 4317, 4307, 4302, 4318, 4318, 4302, 4308, 1331, 4317, 4319, 4319, 1328, 1331, 1327, 1328, 4319, 1327, 4319, 4317, 4317, 4318, 1327, 1327, 4318, 4320, 4308, 4320, 4318, 1327, 4320, 1294, 4320, 4321, 1294, 4321, 1291, 1294, 4308, 4322, 4320, 4320, 4322, 4321, 4308, 4323, 4322, 4308, 4310, 4323, 4322, 4324, 4321, 4324, 4322, 4323, 1291, 4321, 4324, 4325, 4323, 4310, 4325, 4324, 4323, 4326, 1291, 4324, 4325, 4326, 4324, 1272, 1291, 4326, 4327, 1272, 4326, 4325, 4327, 4326, 4327, 1268, 1272, 1267, 1268, 4327, 4327, 4325, 4328, 1267, 4327, 4328, 4325, 4310, 4329, 4329, 4328, 4325, 4306, 4329, 4310, 4329, 4306, 1246, 4330, 1267, 4328, 4330, 4328, 4329, 1259, 1267, 4330, 1259, 4330, 1253, 4331, 4329, 1246, 4331, 4330, 4329, 4331, 1253, 4330, 4331, 1246, 1242, 1248, 1253, 4331, 1248, 4331, 1242, 4332, 4333, 4334, 4333, 4332, 4335, 4333, 4335, 4336, 4332, 4337, 4336, 4332, 4338, 4335, 4338, 4332, 4336, 4335, 4339, 4336, 4338, 4336, 4340, 4336, 4339, 4340, 4338, 4341, 4335, 4342, 4339, 4335, 4341, 4342, 4335, 4343, 4340, 4339, 4342, 4341, 4344, 4343, 4339, 4345, 4342, 4345, 4339, 4346, 4344, 4341, 4344, 4347, 4342, 4347, 4344, 4346, 4341, 4348, 4346, 4348, 4341, 4338, 4349, 4346, 4348, 4349, 4350, 4346, 4350, 4347, 4346, 4348, 4351, 4349, 4350, 4349, 4352, 4351, 4352, 4349, 4350, 4353, 4347, 4350, 4352, 4354, 4353, 4350, 4354, 4351, 4348, 4355, 4348, 4338, 4355, 4354, 4356, 4353, 4355, 4338, 4357, 4353, 4356, 4358, 4358, 4347, 4353, 4354, 4359, 4356, 4358, 4356, 3470, 4359, 3470, 4356, 3472, 3470, 4359, 4358, 3470, 3388, 3475, 3472, 4359, 3388, 4360, 4358, 3388, 3382, 4360, 3382, 3380, 4360, 4361, 3475, 4359, 4354, 4361, 4359, 4352, 4361, 4354, 3475, 4361, 3480, 4362, 4361, 4352, 4362, 3480, 4361, 4351, 4362, 4352, 3480, 4362, 4363, 4363, 3483, 3480, 4364, 4362, 4351, 4363, 4362, 4364, 3483, 4363, 4365, 3486, 3483, 4365, 4363, 4364, 4366, 4366, 4365, 4363, 4367, 4364, 4351, 3486, 4365, 4368, 3486, 4368, 3488, 4369, 4367, 4351, 4369, 4351, 4355, 4364, 4367, 4370, 4364, 4370, 4366, 4371, 4367, 4369, 4371, 4370, 4367, 4372, 4369, 4355, 4357, 4372, 4355, 4371, 4369, 4373, 4369, 4372, 4373, 4372, 4357, 4374, 4372, 4374, 4373, 4375, 4374, 4357, 4375, 4357, 4338, 4373, 4374, 4376, 4338, 4377, 4375, 4338, 4340, 4377, 4377, 4340, 4343, 4374, 4375, 4378, 4375, 4377, 4379, 4374, 4378, 4380, 4374, 4380, 4376, 4381, 4378, 4375, 4375, 4379, 4381, 4380, 4378, 4382, 4382, 4378, 4381, 4383, 4380, 4382, 4381, 4384, 4382, 4384, 4383, 4382, 4385, 4380, 4383, 4383, 4384, 4385, 4380, 4386, 4376, 4380, 4385, 4386, 4387, 4376, 4386, 4373, 4376, 4387, 4385, 4388, 4386, 4387, 4389, 4373, 4373, 4389, 4390, 4373, 4390, 4371, 4389, 4387, 4391, 4390, 4389, 4391, 4391, 4387, 4392, 4391, 4392, 4390, 4393, 4371, 4390, 4370, 4371, 4393, 4394, 4390, 4392, 4390, 4394, 4393, 4387, 4395, 4392, 4394, 4396, 4393, 4387, 4397, 4395, 4397, 4387, 4386, 4398, 4394, 4392, 4392, 4395, 4398, 4398, 4396, 4394, 4399, 4395, 4397, 4395, 4399, 4398, 4400, 4397, 4386, 4397, 4400, 4399, 4386, 4388, 4400, 4401, 4393, 4396, 4393, 4401, 4370, 4396, 4402, 4401, 4396, 4398, 4402, 4370, 4401, 4403, 4370, 4403, 4404, 4404, 4366, 4370, 4403, 4401, 4405, 4404, 4403, 4405, 4401, 4402, 4405, 4366, 4404, 4406, 4406, 4365, 4366, 4406, 4404, 4407, 4405, 4407, 4404, 4406, 4408, 4365, 4406, 4407, 4408, 4365, 4408, 4368, 4405, 4409, 4407, 4407, 4410, 4408, 4405, 4411, 4409, 4405, 4402, 4411, 4407, 4409, 4412, 4407, 4412, 4410, 4411, 4413, 4409, 4410, 4414, 4408, 4368, 4408, 4414, 4410, 4412, 4415, 4414, 4410, 4415, 4416, 4412, 4409, 4409, 4413, 4416, 4415, 4412, 4417, 4414, 4415, 4417, 4416, 4418, 4412, 4412, 4418, 4417, 4419, 4416, 4413, 4418, 4416, 4419, 4411, 4420, 4413, 4402, 4420, 4411, 4419, 4413, 4421, 4421, 4413, 4420, 4402, 4422, 4420, 4402, 4398, 4422, 4420, 4423, 4421, 4420, 4424, 4423, 4420, 4422, 4424, 4423, 4425, 4421, 4423, 4424, 4425, 4422, 4426, 4424, 4424, 4426, 4425, 4398, 4427, 4422, 4426, 4422, 4427, 4428, 4425, 4426, 4426, 4427, 4428, 4421, 4425, 4429, 4428, 4429, 4425, 4398, 4430, 4427, 4398, 4399, 4430, 4427, 4431, 4428, 4428, 4431, 4429, 4427, 4430, 4432, 4431, 4427, 4432, 4399, 4433, 4430, 4432, 4430, 4433, 4431, 4432, 4434, 4432, 4433, 4434, 4399, 4435, 4433, 4399, 4400, 4435, 4433, 4436, 4434, 4433, 4435, 4436, 4431, 4434, 4437, 4400, 4438, 4435, 4388, 4438, 4400, 4434, 4439, 4437, 4434, 4436, 4439, 4431, 4437, 4440, 4431, 4440, 4429, 4437, 4439, 4441, 4437, 4442, 4440, 4441, 4442, 4437, 4441, 4439, 4443, 4439, 4436, 4443, 4441, 4444, 4442, 4441, 4443, 4444, 4440, 4442, 4445, 4436, 4446, 4443, 4445, 4442, 4447, 4448, 4446, 4436, 4449, 4447, 4442, 4444, 4449, 4442, 4436, 4450, 4448, 4435, 4450, 4436, 4450, 4451, 4448, 4448, 4451, 4446, 4435, 4452, 4450, 4451, 4450, 4452, 4438, 4452, 4435, 4451, 4453, 4446, 4452, 4438, 4454, 4455, 4446, 4453, 4446, 4455, 4456, 4443, 4446, 4456, 4456, 4444, 4443, 4457, 4455, 4453, 4455, 4457, 4456, 4458, 4453, 4451, 4453, 4458, 4457, 4451, 4459, 4458, 4452, 4459, 4451, 4458, 4460, 4457, 4459, 4461, 4458, 4458, 4461, 4460, 4452, 4462, 4459, 4459, 4463, 4461, 4459, 4462, 4463, 4463, 4464, 4461, 4462, 4452, 4465, 4454, 4465, 4452, 4463, 4466, 4464, 4466, 4463, 4462, 4464, 4467, 4461, 4461, 4467, 4460, 4466, 4468, 4464, 4468, 4467, 4464, 4469, 4466, 4462, 4469, 4468, 4466, 4470, 4469, 4462, 4469, 4471, 4468, 4472, 4470, 4462, 4465, 4472, 4462, 4470, 4473, 4469, 4469, 4473, 4471, 4470, 4472, 4474, 4470, 4474, 4473, 4475, 4472, 4465, 4474, 4472, 4476, 4475, 4476, 4472, 4476, 4477, 4474, 4473, 4474, 4477, 4478, 4475, 4465, 4465, 4454, 4478, 4454, 4438, 4478, 4479, 4476, 4475, 4480, 4478, 4438, 4438, 4388, 4480, 4388, 4481, 4480, 4480, 4481, 4478, 4481, 4388, 4385, 4475, 4478, 4482, 4482, 4479, 4475, 4481, 4385, 4483, 4385, 4384, 4483, 4481, 4484, 4478, 4484, 4485, 4478, 4485, 4482, 4478, 4486, 4484, 4481, 4484, 4486, 4485, 4483, 4486, 4481, 4485, 4486, 4482, 4487, 4483, 4384, 4487, 4486, 4483, 4488, 4482, 4486, 4487, 4488, 4486, 4479, 4482, 4488, 4384, 4489, 4487, 4381, 4489, 4384, 4490, 4488, 4487, 4489, 4490, 4487, 4381, 4491, 4489, 4379, 4491, 4381, 4490, 4489, 4492, 4493, 4489, 4491, 4492, 4489, 4493, 4494, 4490, 4492, 4494, 4488, 4490, 4492, 4495, 4494, 4495, 4492, 4493, 4488, 4494, 4496, 4495, 4496, 4494, 4488, 4496, 4497, 4488, 4497, 4479, 4497, 4496, 4498, 4497, 4498, 4479, 4495, 4499, 4496, 4498, 4500, 4479, 4476, 4479, 4500, 4476, 4500, 4477, 4498, 4496, 4501, 4499, 4501, 4496, 4502, 4500, 4498, 4501, 4502, 4498, 4502, 4503, 4500, 4499, 4504, 4501, 4502, 4505, 4503, 4501, 4505, 4502, 4506, 4504, 4499, 4499, 4495, 4506, 4504, 4507, 4501, 4506, 4507, 4504, 4506, 4495, 4508, 4493, 4508, 4495, 4506, 4509, 4507, 4509, 4506, 4508, 4507, 4510, 4501, 4507, 4509, 4511, 4507, 4511, 4510, 4510, 4512, 4501, 4501, 4512, 4505, 4511, 4513, 4510, 4510, 4514, 4512, 4513, 4514, 4510, 4515, 4513, 4511, 4515, 4514, 4513, 4514, 4516, 4512, 4516, 4505, 4512, 4517, 4515, 4511, 4511, 4509, 4517, 4514, 4518, 4516, 4515, 4519, 4514, 4519, 4518, 4514, 4518, 4520, 4516, 4516, 4520, 4521, 4516, 4521, 4505, 4518, 4522, 4520, 4520, 4523, 4521, 4522, 4523, 4520, 4505, 4521, 4524, 4525, 4521, 4523, 4525, 4524, 4521, 4526, 4505, 4524, 4524, 4525, 4526, 4503, 4505, 4526, 4526, 4527, 4503, 4503, 4527, 4500, 4527, 4526, 4528, 4526, 4525, 4528, 4500, 4527, 4529, 4529, 4477, 4500, 4527, 4528, 4530, 4527, 4530, 4529, 4528, 4525, 4530, 4477, 4529, 4531, 4477, 4531, 4473, 4529, 4532, 4531, 4529, 4530, 4532, 4531, 4533, 4473, 4531, 4532, 4533, 4533, 4534, 4473, 4534, 4533, 4532, 4532, 4530, 4534, 4471, 4473, 4534, 4534, 4530, 4535, 4534, 4536, 4471, 4534, 4535, 4536, 4471, 4536, 4537, 4530, 4538, 4535, 4471, 4537, 4539, 4530, 4540, 4538, 4525, 4540, 4530, 4536, 4541, 4537, 4539, 4537, 4541, 4542, 4540, 4525, 4523, 4542, 4525, 4542, 4523, 4522, 4540, 4543, 4538, 4538, 4543, 4535, 4540, 4542, 4544, 4544, 4543, 4540, 4536, 4535, 4545, 4536, 4545, 4541, 4546, 4535, 4543, 4546, 4545, 4535, 4543, 4547, 4546, 4546, 4548, 4545, 4548, 4546, 4547, 4543, 4549, 4547, 4549, 4548, 4547, 4544, 4549, 4543, 4548, 4550, 4545, 4551, 4549, 4544, 4551, 4544, 4542, 4549, 4552, 4548, 4553, 4551, 4542, 4552, 4549, 4554, 4555, 4553, 4542, 4542, 4522, 4555, 4554, 4549, 4556, 4552, 4554, 4556, 4549, 4551, 4556, 4557, 4548, 4552, 4548, 4557, 4550, 4552, 4556, 4558, 4552, 4558, 4557, 4559, 4556, 4551, 4558, 4556, 4560, 4561, 4559, 4551, 4553, 4561, 4551, 4559, 4562, 4556, 4556, 4562, 4560, 4563, 4561, 4553, 4553, 4555, 4563, 4564, 4559, 4561, 4562, 4559, 4564, 4563, 4565, 4561, 4561, 4565, 4564, 4555, 4566, 4563, 4563, 4566, 4565, 4555, 4567, 4566, 4555, 4522, 4567, 4565, 4566, 4568, 4568, 4564, 4565, 4569, 4567, 4522, 4518, 4569, 4522, 4569, 4518, 4519, 4570, 4567, 4569, 4569, 4519, 4571, 4571, 4570, 4569, 4570, 4572, 4567, 4572, 4566, 4567, 4519, 4573, 4571, 4515, 4573, 4519, 4572, 4574, 4566, 4573, 4515, 4575, 4566, 4574, 4576, 4566, 4576, 4568, 4515, 4577, 4575, 4515, 4517, 4577, 4578, 4568, 4576, 4568, 4578, 4564, 4577, 4517, 4579, 4579, 4575, 4577, 4576, 4580, 4578, 4581, 4580, 4576, 4574, 4581, 4576, 4578, 4580, 4582, 4582, 4580, 4581, 4583, 4581, 4574, 4572, 4583, 4574, 4584, 4582, 4581, 4583, 4584, 4581, 4582, 4585, 4578, 4584, 4586, 4582, 4586, 4585, 4582, 4578, 4585, 4587, 4578, 4587, 4564, 4585, 4586, 4588, 4585, 4588, 4587, 4589, 4586, 4584, 4588, 4586, 4589, 4589, 4584, 4590, 4584, 4583, 4590, 4591, 4588, 4589, 4589, 4590, 4592, 4589, 4592, 4591, 4583, 4593, 4590, 4594, 4592, 4590, 4593, 4594, 4590, 4583, 4595, 4593, 4596, 4595, 4583, 4595, 4597, 4593, 4593, 4597, 4594, 4597, 4595, 4598, 4599, 4597, 4598, 4600, 4596, 4583, 4583, 4572, 4600, 4596, 4600, 4601, 4570, 4600, 4572, 4602, 4600, 4570, 4602, 4601, 4600, 4571, 4602, 4570, 4603, 4601, 4602, 4602, 4571, 4603, 4604, 4601, 4603, 4605, 4603, 4571, 4571, 4573, 4605, 4604, 4603, 4606, 4605, 4606, 4603, 4573, 4606, 4605, 4604, 4606, 4607, 4573, 4575, 4606, 4607, 4606, 4575, 4608, 4607, 4575, 4607, 4608, 4609, 4575, 4579, 4608, 4610, 4609, 4608, 4610, 4608, 4579, 4610, 4611, 4609, 4611, 4610, 4612, 4579, 4612, 4610, 4612, 4613, 4611, 4614, 4612, 4579, 4614, 4579, 4517, 4612, 4615, 4613, 4615, 4616, 4613, 4617, 4614, 4517, 4517, 4509, 4617, 4616, 4615, 4618, 4612, 4618, 4615, 4612, 4614, 4619, 4612, 4619, 4618, 4617, 4619, 4614, 4618, 4620, 4616, 4616, 4620, 4621, 4622, 4621, 4620, 4618, 4619, 4623, 4623, 4620, 4618, 4624, 4623, 4619, 4623, 4624, 4620, 4617, 4625, 4619, 4626, 4624, 4619, 4626, 4619, 4625, 4627, 4625, 4617, 4627, 4626, 4625, 4627, 4617, 4509, 4508, 4627, 4509, 4627, 4508, 4628, 4508, 4493, 4628, 4629, 4626, 4627, 4627, 4628, 4629, 4493, 4630, 4628, 4493, 4491, 4630, 4631, 4628, 4630, 4628, 4631, 4629, 4491, 4632, 4630, 4631, 4630, 4632, 4491, 4379, 4632, 4379, 4633, 4632, 4633, 4379, 4377, 4634, 4631, 4632, 4377, 4635, 4633, 4343, 4635, 4377, 4632, 4633, 4636, 4633, 4635, 4636, 4632, 4636, 4634, 4635, 4343, 4637, 4636, 4635, 4638, 4635, 4637, 4638, 4634, 4636, 4639, 4636, 4638, 4639, 4638, 4634, 4639, 4343, 4640, 4637, 4345, 4640, 4343, 4641, 4638, 4637, 4641, 4637, 4640, 4638, 4642, 4634, 4641, 4642, 4638, 4634, 4643, 4631, 4629, 4631, 4643, 4644, 4634, 4642, 4644, 4643, 4634, 4643, 4645, 4629, 4644, 4645, 4643, 4629, 4645, 4646, 4644, 4647, 4645, 4645, 4647, 4646, 4648, 4644, 4642, 4647, 4644, 4648, 4641, 4648, 4642, 4646, 4647, 4649, 4629, 4646, 4650, 4646, 4649, 4650, 4626, 4629, 4650, 4650, 4624, 4626, 4624, 4650, 4651, 4651, 4650, 4649, 4624, 4651, 4620, 4647, 4652, 4649, 4651, 4649, 4652, 4648, 4652, 4647, 4620, 4651, 4653, 4652, 4653, 4651, 4620, 4653, 4622, 4653, 4652, 4654, 4648, 4654, 4652, 4655, 4622, 4653, 4654, 4655, 4653, 4622, 4655, 4656, 4657, 4656, 4655, 4657, 4655, 4658, 4659, 4657, 4658, 4660, 4655, 4654, 4655, 4660, 4658, 4659, 4658, 4661, 4660, 4661, 4658, 4661, 4662, 4659, 4654, 4663, 4660, 4663, 4654, 4648, 4664, 4662, 4661, 4664, 4665, 4662, 2082, 4665, 4664, 4661, 4660, 4666, 4666, 4660, 4663, 4667, 2082, 4664, 2084, 2082, 4667, 4668, 4664, 4661, 4667, 4664, 4668, 4661, 4666, 4668, 4668, 4669, 4667, 4667, 4669, 4670, 4670, 2084, 4667, 4668, 4671, 4669, 4671, 4670, 4669, 4671, 4668, 4672, 4672, 4668, 4666, 4673, 4671, 4672, 4672, 4666, 4673, 4673, 4670, 4671, 4674, 4666, 4663, 4675, 4673, 4666, 4666, 4674, 4675, 4663, 4676, 4674, 4676, 4675, 4674, 4676, 4663, 4648, 4676, 4648, 4641, 4675, 4677, 4673, 4677, 4670, 4673, 4678, 4676, 4641, 4678, 4641, 4640, 4679, 4675, 4676, 4678, 4679, 4676, 4678, 4640, 4680, 4678, 4680, 4679, 4680, 4640, 4345, 4679, 4681, 4675, 4677, 4675, 4681, 4682, 4679, 4680, 4679, 4682, 4681, 4683, 4680, 4345, 4682, 4680, 4683, 4345, 4342, 4683, 4684, 4682, 4683, 4685, 4683, 4342, 4683, 4685, 4684, 4685, 4342, 4686, 4342, 4347, 4686, 4687, 4684, 4685, 4685, 4686, 4687, 4688, 4682, 4684, 4688, 4681, 4682, 4684, 4687, 4689, 4687, 4686, 4689, 4688, 4684, 4690, 4690, 4684, 4689, 4686, 4347, 4691, 4358, 4691, 4347, 4360, 4691, 4358, 4686, 4691, 4692, 4691, 4360, 4692, 4689, 4686, 4692, 4693, 4692, 4360, 4360, 3380, 4693, 3380, 3378, 4693, 4694, 4693, 3378, 4693, 4694, 4692, 3377, 4694, 3378, 4694, 4695, 4692, 4694, 3377, 4695, 4695, 4689, 4692, 4695, 3377, 4696, 4695, 4697, 4689, 4697, 4695, 4696, 4690, 4689, 4697, 4698, 4696, 3377, 3374, 4698, 3377, 4698, 3374, 4699, 4699, 3374, 2100, 4696, 4698, 4700, 4698, 4699, 4700, 4700, 4699, 2100, 4696, 4700, 4697, 4700, 2100, 4701, 2100, 2093, 4701, 4701, 2093, 2092, 4702, 4700, 4701, 4702, 4701, 2092, 4697, 4700, 4703, 4700, 4702, 4703, 4704, 4702, 2092, 4704, 4703, 4702, 4705, 4704, 2092, 2092, 2091, 4705, 2091, 2085, 4705, 4704, 4705, 4706, 4703, 4704, 4706, 4705, 2085, 4707, 4705, 4707, 4706, 4703, 4708, 4697, 4690, 4697, 4708, 4708, 4703, 4709, 4708, 4709, 4690, 4709, 4703, 4706, 4690, 4709, 4688, 4706, 4688, 4709, 4688, 4706, 4707, 4688, 4707, 4681, 4707, 4710, 4681, 4711, 4681, 4710, 4710, 4707, 4711, 4711, 4677, 4681, 4677, 4711, 4670, 4711, 4712, 4670, 4712, 2084, 4670, 4711, 4707, 4713, 4712, 4711, 4713, 4712, 4713, 2084, 4707, 2085, 4713, 4713, 2080, 2084, 4713, 2085, 2080, 4714, 4715, 4716, 4717, 4716, 4715, 4718, 4716, 4717, 4719, 4716, 4718, 4715, 4720, 4717, 4721, 4720, 4715, 4722, 4720, 4721, 4717, 4723, 4718, 4717, 4720, 4723, 4724, 4719, 4718, 4725, 4719, 4724, 4726, 4718, 4723, 4718, 4726, 4724, 4725, 4724, 4727, 4726, 4727, 4724, 4725, 4727, 4728, 4726, 4723, 4729, 4720, 4729, 4723, 4720, 4730, 4729, 4722, 4730, 4720, 4726, 4729, 4731, 4730, 4731, 4729, 4732, 4730, 4722, 4733, 4726, 4731, 4726, 4733, 4727, 4732, 4734, 4730, 4731, 4730, 4734, 4732, 4722, 4735, 4734, 4732, 4735, 4722, 4736, 4735, 4731, 4734, 4737, 4735, 4736, 4738, 4736, 4739, 4738, 4735, 4740, 4734, 4738, 4741, 4735, 4741, 4740, 4735, 4740, 4742, 4734, 4734, 4742, 4737, 4741, 4743, 4740, 4740, 4743, 4742, 4738, 4744, 4741, 4743, 4741, 4744, 4743, 4745, 4742, 4745, 4737, 4742, 4743, 4746, 4745, 4737, 4745, 4746, 4744, 4747, 4743, 4747, 4746, 4743, 4744, 4738, 4748, 4746, 4747, 4749, 4750, 4748, 4738, 4750, 4738, 4739, 4744, 4748, 4751, 4750, 4751, 4748, 4750, 4739, 4752, 4753, 4752, 4739, 4752, 4754, 4750, 4753, 4754, 4752, 4751, 4750, 4754, 4755, 4754, 4753, 4751, 4756, 4744, 4755, 4757, 4754, 4751, 4758, 4756, 4754, 4758, 4751, 4756, 4759, 4744, 4747, 4744, 4759, 4760, 4754, 4757, 4758, 4754, 4760, 4761, 4757, 4755, 4761, 4760, 4757, 4755, 4762, 4761, 4762, 4755, 4763, 4764, 4762, 4763, 4765, 4760, 4761, 4762, 4765, 4761, 4758, 4760, 4766, 4760, 4765, 4766, 4758, 4767, 4756, 4766, 4767, 4758, 4756, 4767, 4759, 4766, 4765, 4768, 4759, 4767, 4769, 4766, 4768, 4770, 4769, 4771, 4759, 4772, 4766, 4770, 4772, 4773, 4766, 4773, 4767, 4766, 4770, 4773, 4772, 4769, 4767, 4774, 4773, 4774, 4767, 4775, 4770, 4768, 4775, 4768, 4765, 4770, 4776, 4773, 4775, 4765, 4777, 4765, 4778, 4777, 4778, 4775, 4777, 4778, 4765, 4762, 4775, 4779, 4770, 4779, 4776, 4770, 4780, 4775, 4778, 4780, 4779, 4775, 4781, 4778, 4762, 4782, 4780, 4778, 4781, 4782, 4778, 4783, 4781, 4762, 4781, 4783, 4782, 4764, 4783, 4762, 4784, 4780, 4782, 4784, 4779, 4780, 4764, 4785, 4783, 4785, 4764, 4786, 4785, 4786, 4787, 4788, 4782, 4783, 4785, 4788, 4783, 4789, 4782, 4788, 4790, 4785, 4787, 4787, 4791, 4790, 4792, 4788, 4785, 4792, 4789, 4788, 4785, 4790, 4792, 4789, 4793, 4782, 4789, 4792, 4793, 4784, 4782, 4793, 4794, 4792, 4790, 4792, 4795, 4793, 4794, 4795, 4792, 4794, 4790, 4796, 4796, 4795, 4794, 4796, 4790, 4791, 4793, 4797, 4784, 4793, 4795, 4797, 4798, 4796, 4791, 4799, 4798, 4791, 4800, 4798, 4799, 4801, 4795, 4796, 4801, 4796, 4798, 4802, 4798, 4800, 4802, 4800, 4803, 4804, 4801, 4798, 4804, 4798, 4802, 4803, 4805, 4802, 4805, 4804, 4802, 4803, 4806, 4805, 4804, 4805, 4806, 4806, 4803, 4807, 4804, 4808, 4801, 4806, 4809, 4804, 4804, 4809, 4808, 4807, 4810, 4806, 4809, 4806, 4810, 4807, 4811, 4810, 4812, 4811, 4807, 4810, 4813, 4809, 4812, 4814, 4811, 4814, 4812, 4815, 4811, 4816, 4810, 4814, 4816, 4811, 4816, 4813, 4810, 4815, 4817, 4814, 4817, 4815, 4818, 4816, 4814, 4819, 4816, 4819, 4813, 4819, 4814, 4817, 4813, 4820, 4809, 4819, 4820, 4813, 4820, 4821, 4809, 4808, 4809, 4821, 4822, 4819, 4817, 4823, 4808, 4821, 4824, 4822, 4817, 4824, 4817, 4818, 4808, 4823, 4825, 4801, 4808, 4825, 4801, 4825, 4795, 4825, 4826, 4795, 4826, 4825, 4823, 4797, 4795, 4826, 4827, 4824, 4818, 4818, 4828, 4827, 4827, 4829, 4824, 4828, 4829, 4827, 4829, 4830, 4824, 4830, 4822, 4824, 4828, 4831, 4829, 4832, 4830, 4829, 4832, 4829, 4831, 4830, 4833, 4822, 4832, 4833, 4830, 4834, 4831, 4828, 4835, 4834, 4828, 4836, 4831, 4834, 4832, 4831, 4836, 4837, 4834, 4835, 4836, 4834, 4837, 4837, 4835, 4838, 4839, 4832, 4836, 4836, 4837, 4840, 4840, 4839, 4836, 4837, 4838, 4841, 4841, 4840, 4837, 4841, 4838, 4842, 4840, 4843, 4839, 4832, 4839, 4843, 4841, 4843, 4840, 4844, 4832, 4843, 4844, 4833, 4832, 4842, 4845, 4841, 4846, 4845, 4842, 4841, 4845, 4847, 4845, 4846, 4848, 4847, 4849, 4841, 4849, 4843, 4841, 4850, 4847, 4845, 4850, 4845, 4848, 4851, 4849, 4847, 4850, 4851, 4847, 4849, 4852, 4843, 4850, 4853, 4851, 4851, 4854, 4849, 4852, 4849, 4854, 4853, 4855, 4851, 4854, 4851, 4855, 4850, 4856, 4853, 4856, 4850, 4848, 4853, 4857, 4855, 4858, 4853, 4856, 4858, 4857, 4853, 4848, 4859, 4856, 4859, 4858, 4856, 4860, 4859, 4848, 4859, 4861, 4858, 4861, 4859, 4860, 4848, 4862, 4860, 4846, 4862, 4848, 4863, 4862, 4846, 4864, 4860, 4862, 4864, 4862, 4863, 4860, 4864, 4861, 4864, 4863, 4865, 4865, 4866, 4864, 4867, 4866, 4865, 4868, 4861, 4864, 4867, 4869, 4866, 4869, 4867, 4870, 4870, 4871, 4869, 4872, 4869, 4871, 4864, 4866, 4873, 4866, 4869, 4873, 4873, 4868, 4864, 4873, 4869, 4872, 4868, 4874, 4861, 4873, 4875, 4868, 4875, 4874, 4868, 4874, 4876, 4861, 4874, 4875, 4876, 4876, 4858, 4861, 4873, 4877, 4875, 4858, 4876, 4878, 4858, 4878, 4857, 4879, 4877, 4873, 4872, 4879, 4873, 4877, 4880, 4875, 4879, 4880, 4877, 4880, 4876, 4875, 4872, 4881, 4879, 4872, 4882, 4881, 4882, 4883, 4881, 4881, 4884, 4879, 4884, 4881, 4883, 4879, 4884, 4880, 4885, 4884, 4883, 4883, 4886, 4885, 4884, 4885, 4887, 4884, 4887, 4880, 4886, 4888, 4885, 4885, 4888, 4887, 4886, 4889, 4888, 4889, 4890, 4888, 4880, 4887, 4891, 4890, 4892, 4888, 4887, 4888, 4893, 4890, 4894, 4892, 4894, 4890, 4895, 4888, 4892, 4896, 4888, 4896, 4893, 4892, 4894, 4897, 4896, 4892, 4897, 4887, 4893, 4898, 4898, 4891, 4887, 4893, 4896, 4899, 4899, 4898, 4893, 4896, 4897, 4899, 4899, 4891, 4898, 4894, 4900, 4897, 4895, 4900, 4894, 4899, 4897, 4901, 4897, 4900, 4902, 4901, 4897, 4902, 4899, 4901, 4903, 4891, 4899, 4903, 4901, 4902, 4904, 4903, 4901, 4905, 4901, 4904, 4905, 4903, 4906, 4891, 4903, 4905, 4906, 4906, 4907, 4891, 4906, 4905, 4908, 4907, 4906, 4908, 4909, 4891, 4907, 4880, 4891, 4909, 4880, 4909, 4876, 4907, 4908, 4910, 4907, 4910, 4909, 4909, 4911, 4876, 4878, 4876, 4911, 4912, 4911, 4909, 4909, 4910, 4912, 4911, 4913, 4878, 4913, 4911, 4912, 4913, 4914, 4878, 4914, 4857, 4878, 4912, 4915, 4913, 4857, 4914, 4916, 4857, 4916, 4855, 4854, 4855, 4916, 4913, 4917, 4914, 4914, 4918, 4916, 4914, 4917, 4918, 4919, 4917, 4913, 4919, 4913, 4915, 4918, 4917, 4920, 4918, 4920, 4916, 4917, 4919, 4920, 4916, 4921, 4854, 4916, 4922, 4921, 4922, 4916, 4920, 4854, 4921, 4923, 4921, 4922, 4923, 4923, 4924, 4854, 4854, 4924, 4852, 4924, 4923, 4852, 4923, 4922, 4925, 4923, 4925, 4852, 4922, 4920, 4926, 4852, 4925, 4927, 4926, 4920, 4928, 4919, 4928, 4920, 4927, 4929, 4852, 4929, 4843, 4852, 4843, 4929, 4844, 4927, 4930, 4929, 4930, 4927, 4925, 4929, 4931, 4844, 4929, 4930, 4931, 4844, 4931, 4932, 4844, 4932, 4833, 4930, 4933, 4931, 4930, 4925, 4934, 4930, 4934, 4933, 4934, 4925, 4922, 4931, 4933, 4935, 4933, 4934, 4935, 4932, 4931, 4936, 4931, 4935, 4936, 4922, 4937, 4934, 4937, 4922, 4926, 4938, 4936, 4935, 4926, 4939, 4937, 4939, 4926, 4928, 4937, 4940, 4934, 4937, 4939, 4940, 4941, 4935, 4934, 4940, 4941, 4934, 4938, 4935, 4941, 4942, 4932, 4936, 4936, 4938, 4942, 4833, 4932, 4942, 4941, 4943, 4938, 4942, 4938, 4943, 4833, 4942, 4944, 4833, 4944, 4822, 4819, 4822, 4944, 4944, 4945, 4819, 4944, 4942, 4945, 4819, 4945, 4820, 4942, 4946, 4945, 4947, 4946, 4942, 4942, 4943, 4947, 4945, 4946, 4948, 4946, 4947, 4948, 4949, 4945, 4948, 4945, 4949, 4820, 4948, 4947, 4950, 4948, 4950, 4949, 4820, 4949, 4951, 4949, 4950, 4952, 4951, 4949, 4952, 4820, 4951, 4953, 4953, 4821, 4820, 4821, 4953, 4954, 4953, 4951, 4954, 4821, 4954, 4823, 4951, 4952, 4955, 4951, 4955, 4954, 4952, 4950, 4956, 4950, 4947, 4956, 4955, 4952, 4957, 4956, 4957, 4952, 4956, 4947, 4958, 4959, 4958, 4947, 4958, 4959, 4956, 4947, 4943, 4959, 4960, 4957, 4956, 4959, 4960, 4956, 4959, 4943, 4961, 4961, 4943, 4962, 4959, 4961, 4962, 4962, 4943, 4941, 4959, 4962, 4963, 4962, 4941, 4963, 4959, 4964, 4960, 4963, 4964, 4959, 4941, 4965, 4963, 4940, 4965, 4941, 4963, 4965, 4966, 4966, 4964, 4963, 4940, 4967, 4965, 4967, 4966, 4965, 4968, 4967, 4940, 4968, 4940, 4939, 4966, 4967, 4969, 4968, 4970, 4967, 4970, 4969, 4967, 4968, 4939, 4971, 4971, 4970, 4968, 4969, 4972, 4966, 4939, 4973, 4971, 4928, 4973, 4939, 4972, 4974, 4966, 4966, 4974, 4964, 4969, 4975, 4972, 4970, 4975, 4969, 4972, 4976, 4974, 4970, 4977, 4975, 4978, 4974, 4976, 4974, 4978, 4964, 4970, 4979, 4977, 4979, 4970, 4971, 4979, 4980, 4977, 4975, 4977, 4980, 4981, 4979, 4971, 4979, 4982, 4980, 4979, 4981, 4982, 4983, 4980, 4982, 4981, 4983, 4982, 4980, 4984, 4975, 4981, 4971, 4985, 4986, 4975, 4984, 4971, 4987, 4985, 4971, 4973, 4987, 4973, 4985, 4987, 4986, 4988, 4975, 4975, 4988, 4972, 4976, 4972, 4988, 4989, 4985, 4973, 4928, 4989, 4973, 4985, 4990, 4981, 4990, 4983, 4981, 4991, 4990, 4985, 4989, 4991, 4985, 4992, 4983, 4990, 4991, 4992, 4990, 4993, 4989, 4928, 4928, 4919, 4993, 4991, 4994, 4992, 4995, 4993, 4919, 4995, 4996, 4993, 4995, 4919, 4996, 4993, 4996, 4989, 4997, 4991, 4989, 4997, 4994, 4991, 4996, 4998, 4989, 4997, 4989, 4998, 4999, 4996, 4919, 4915, 4999, 4919, 4998, 4996, 5000, 4915, 5001, 4999, 4915, 4912, 5001, 4999, 5002, 4996, 5002, 5000, 4996, 5003, 4999, 5001, 4912, 5003, 5001, 5003, 5002, 4999, 4912, 4910, 5003, 5004, 5000, 5002, 5003, 5004, 5002, 4910, 5005, 5003, 5005, 5004, 5003, 4908, 5005, 4910, 4908, 5006, 5005, 5004, 5005, 5006, 4905, 5006, 4908, 5000, 5007, 4998, 5000, 5004, 5007, 4998, 5007, 4997, 4905, 5008, 5006, 4904, 5008, 4905, 5006, 5009, 5004, 5008, 5009, 5006, 5004, 5010, 5007, 5009, 5011, 5004, 5004, 5011, 5010, 5008, 5012, 5009, 5011, 5009, 5012, 5008, 4904, 5013, 5013, 5012, 5008, 5012, 5014, 5011, 5013, 5015, 5012, 5015, 5014, 5012, 5016, 5013, 4904, 5013, 5016, 5015, 5014, 5017, 5011, 5017, 5010, 5011, 5015, 5018, 5014, 5014, 5018, 5017, 5010, 5019, 5007, 5007, 5019, 4997, 5010, 5020, 5019, 5010, 5017, 5020, 5019, 5021, 4997, 4997, 5021, 4994, 5019, 5022, 5021, 5020, 5022, 5019, 5021, 5022, 4994, 5020, 5017, 5023, 5022, 5020, 5023, 5017, 5018, 5024, 5017, 5025, 5023, 5017, 5024, 5025, 5023, 5026, 5022, 5027, 5024, 5018, 5027, 5018, 5015, 5026, 5028, 5022, 5028, 4994, 5022, 5023, 5029, 5026, 5025, 5029, 5023, 5028, 5026, 5030, 5029, 5030, 5026, 5031, 4994, 5028, 5028, 5030, 5031, 5025, 5024, 5032, 5029, 5025, 5032, 5027, 5032, 5024, 5029, 5033, 5030, 5032, 5027, 5034, 5033, 5035, 5030, 5030, 5035, 5031, 5029, 5036, 5033, 5035, 5033, 5036, 5037, 5036, 5029, 5032, 5037, 5029, 5037, 5038, 5036, 5039, 5035, 5036, 5038, 5039, 5036, 5040, 5038, 5037, 5032, 5040, 5037, 5040, 5039, 5038, 5041, 5035, 5039, 5031, 5035, 5041, 5040, 5042, 5039, 5039, 5043, 5041, 5042, 5044, 5039, 5044, 5043, 5039, 5042, 5040, 5045, 5045, 5044, 5042, 5041, 5043, 5046, 5041, 5046, 5031, 5047, 5043, 5044, 5043, 5047, 5046, 5044, 5045, 5048, 5044, 5049, 5047, 5044, 5048, 5049, 5049, 5050, 5047, 5048, 5051, 5049, 5051, 5050, 5049, 5052, 5047, 5050, 5046, 5047, 5052, 5050, 5053, 5052, 5054, 5050, 5051, 5050, 5054, 5053, 5052, 5053, 5055, 5056, 5046, 5052, 5052, 5055, 5056, 5057, 5046, 5056, 5053, 5058, 5055, 5053, 5054, 5058, 5046, 5057, 5059, 5031, 5046, 5059, 5057, 5056, 5060, 5059, 5057, 5060, 5060, 5056, 5061, 5059, 5060, 5061, 5031, 5059, 5062, 5031, 5062, 4994, 4994, 5062, 4992, 4992, 5062, 4983, 5062, 5059, 5063, 5062, 5063, 4983, 5059, 5061, 5063, 4983, 5063, 5064, 5063, 5061, 5064, 4983, 5064, 4980, 5065, 5064, 5061, 5064, 5066, 4980, 5064, 5065, 5066, 4980, 5066, 4984, 5067, 5065, 5061, 5065, 5067, 5066, 5056, 5068, 5061, 5061, 5068, 5067, 5056, 5055, 5068, 5069, 4984, 5066, 4984, 5069, 4986, 5067, 5070, 5066, 5069, 5066, 5070, 4986, 5069, 5071, 4988, 4986, 5071, 5072, 5071, 5069, 5069, 5070, 5072, 4988, 5071, 5073, 5073, 5071, 5072, 5074, 4988, 5073, 4988, 5074, 4976, 5073, 5072, 5075, 5075, 5074, 5073, 5070, 5076, 5072, 5077, 5070, 5067, 5070, 5077, 5076, 5068, 5077, 5067, 5076, 5078, 5072, 5079, 5077, 5068, 5068, 5055, 5079, 5076, 5080, 5078, 5076, 5077, 5080, 5072, 5078, 5081, 5078, 5080, 5081, 5075, 5072, 5081, 5080, 5077, 5082, 5081, 5083, 5075, 5084, 5081, 5080, 5084, 5083, 5081, 5085, 5080, 5082, 5080, 5085, 5084, 5077, 5086, 5082, 5086, 5077, 5079, 5087, 5085, 5082, 5086, 5087, 5082, 5079, 5088, 5086, 5087, 5086, 5089, 5086, 5088, 5089, 5079, 5090, 5088, 5055, 5090, 5079, 5055, 5058, 5090, 5090, 5091, 5088, 5089, 5088, 5091, 5058, 5092, 5090, 5090, 5092, 5091, 5058, 5093, 5092, 5092, 5093, 5091, 5094, 5093, 5058, 5058, 5054, 5094, 5094, 5095, 5093, 5095, 5094, 5054, 5093, 5096, 5091, 5097, 5095, 5054, 5093, 5098, 5096, 5099, 5093, 5095, 5093, 5099, 5098, 5091, 5096, 5100, 5100, 5096, 5098, 5099, 5095, 5101, 5097, 5101, 5095, 5098, 5099, 5102, 5099, 5101, 5102, 5102, 5100, 5098, 5103, 5097, 5054, 5051, 5103, 5054, 5104, 5097, 5103, 5051, 5105, 5103, 5105, 5104, 5103, 5106, 5105, 5051, 5106, 5051, 5048, 5104, 5107, 5097, 5101, 5097, 5107, 5108, 5104, 5105, 5108, 5105, 5106, 5107, 5104, 5109, 5104, 5108, 5109, 5110, 5101, 5107, 5110, 5107, 5109, 5111, 5106, 5048, 5048, 5045, 5111, 5106, 5112, 5108, 5106, 5111, 5112, 5045, 5113, 5111, 5040, 5113, 5045, 5114, 5112, 5111, 5115, 5113, 5040, 5032, 5115, 5040, 5116, 5111, 5113, 5115, 5116, 5113, 5114, 5111, 5117, 5117, 5111, 5116, 5115, 5032, 5118, 5118, 5032, 5034, 5119, 5114, 5117, 5116, 5119, 5117, 5034, 5120, 5118, 5120, 5034, 5027, 5015, 5120, 5027, 5120, 5121, 5118, 5015, 5122, 5120, 5122, 5121, 5120, 5123, 5122, 5015, 5123, 5015, 5016, 5121, 5124, 5118, 5124, 5115, 5118, 5125, 5122, 5123, 5115, 5124, 5126, 5126, 5116, 5115, 5125, 5123, 5127, 5127, 5123, 5016, 5128, 5122, 5125, 5127, 5128, 5125, 5128, 5129, 5122, 5121, 5122, 5129, 5130, 5128, 5127, 5128, 5130, 5129, 5129, 5131, 5121, 5131, 5124, 5121, 5129, 5124, 5131, 5132, 5124, 5129, 5132, 5129, 5130, 5133, 5124, 5132, 5133, 5126, 5124, 5134, 5133, 5132, 5133, 5134, 5126, 5130, 5135, 5132, 5134, 5132, 5135, 5136, 5126, 5134, 5126, 5136, 5116, 5135, 5137, 5134, 5136, 5138, 5116, 5138, 5119, 5116, 5134, 5139, 5136, 5137, 5139, 5134, 5140, 5138, 5136, 5140, 5136, 5139, 5141, 5139, 5137, 5139, 5141, 5140, 5138, 5142, 5119, 5140, 5143, 5138, 5142, 5138, 5143, 5140, 5141, 5144, 5144, 5143, 5140, 5145, 5141, 5137, 5145, 5144, 5141, 5146, 5142, 5143, 5146, 5119, 5142, 5144, 5147, 5143, 5143, 5147, 5146, 5148, 5119, 5146, 5119, 5148, 5114, 5148, 5149, 5114, 5114, 5149, 5112, 5108, 5112, 5149, 5146, 5150, 5148, 5150, 5149, 5148, 5149, 5151, 5108, 5151, 5149, 5152, 5150, 5152, 5149, 5151, 5153, 5108, 5152, 5153, 5151, 5108, 5153, 5109, 5154, 5152, 5150, 5155, 5152, 5154, 5153, 5152, 5155, 5156, 5154, 5150, 5155, 5154, 5156, 5150, 5146, 5157, 5156, 5150, 5157, 5157, 5146, 5158, 5147, 5158, 5146, 5159, 5156, 5157, 5158, 5159, 5157, 5159, 5160, 5156, 5160, 5155, 5156, 5159, 5161, 5160, 5161, 5155, 5160, 5159, 5162, 5161, 5163, 5155, 5161, 5163, 5161, 5162, 5159, 5158, 5164, 5162, 5159, 5164, 5155, 5163, 5165, 5162, 5166, 5163, 5155, 5165, 5167, 5155, 5167, 5153, 5163, 5168, 5165, 5163, 5166, 5168, 5165, 5168, 5169, 5165, 5169, 5167, 5170, 5168, 5166, 5171, 5169, 5168, 5168, 5170, 5171, 5166, 5162, 5172, 5172, 5170, 5166, 5173, 5172, 5162, 5173, 5162, 5164, 5173, 5174, 5172, 5174, 5175, 5172, 5175, 5170, 5172, 5174, 5173, 5176, 5174, 5177, 5175, 5176, 5177, 5174, 5173, 5164, 5178, 5176, 5173, 5178, 5179, 5178, 5164, 5177, 5176, 5180, 5179, 5164, 5181, 5158, 5181, 5164, 5181, 5158, 5182, 5182, 5179, 5181, 5158, 5147, 5182, 5182, 5183, 5179, 5183, 5182, 5147, 5179, 5184, 5178, 5179, 5185, 5184, 5179, 5183, 5185, 5184, 5186, 5178, 5184, 5185, 5186, 5176, 5178, 5186, 5187, 5186, 5185, 5187, 5188, 5186, 5188, 5176, 5186, 5189, 5187, 5185, 5183, 5189, 5185, 5176, 5188, 5190, 5190, 5180, 5176, 5191, 5189, 5183, 5177, 5180, 5190, 5183, 5192, 5191, 5192, 5183, 5147, 5193, 5191, 5192, 5192, 5147, 5194, 5147, 5144, 5194, 5193, 5192, 5195, 5192, 5194, 5195, 5195, 5194, 5144, 5193, 5195, 5196, 5195, 5144, 5145, 5196, 5195, 5145, 5196, 5145, 5197, 5198, 5196, 5197, 5197, 5145, 5199, 5199, 5145, 5137, 5199, 5137, 5135, 5198, 5197, 5200, 5200, 5197, 5199, 5198, 5200, 5201, 5202, 5199, 5135, 5199, 5202, 5200, 5130, 5202, 5135, 5201, 5200, 5203, 5200, 5202, 5203, 5203, 5204, 5201, 5203, 5205, 5204, 5206, 5202, 5130, 5203, 5202, 5206, 5206, 5130, 5127, 5205, 5203, 5207, 5207, 5203, 5206, 5207, 5208, 5205, 5207, 5206, 5208, 5209, 5205, 5208, 5127, 5210, 5206, 5208, 5206, 5210, 5210, 5127, 5016, 5209, 5208, 5211, 5210, 5211, 5208, 5209, 5211, 5212, 5213, 5210, 5016, 5211, 5210, 5213, 5213, 5016, 5214, 5214, 5016, 4904, 5214, 4904, 4902, 4900, 5214, 4902, 5213, 5214, 4900, 5211, 5213, 5215, 5215, 5213, 4900, 5212, 5211, 5215, 5215, 4900, 4895, 5216, 5212, 5215, 5216, 5215, 4895, 4895, 5212, 5216, 4468, 4471, 5217, 4471, 4539, 5217, 4468, 5217, 4467, 5217, 4539, 5218, 5217, 5219, 4467, 5217, 5218, 5219, 4539, 5220, 5218, 4539, 4541, 5220, 5219, 5218, 5221, 4541, 5222, 5220, 5219, 5221, 5223, 4467, 5219, 5223, 4541, 5224, 5222, 4545, 5224, 4541, 5224, 4545, 4550, 5224, 5225, 5222, 5222, 5225, 5220, 4550, 5226, 5224, 4550, 5227, 5226, 4550, 4557, 5227, 5226, 5228, 5224, 5224, 5228, 5225, 5229, 5226, 5227, 5226, 5229, 5228, 5227, 4557, 5229, 5228, 5230, 5225, 5229, 4557, 5231, 5229, 5232, 5228, 5229, 5231, 5232, 5228, 5232, 5230, 5231, 4557, 5233, 5231, 5234, 5232, 5231, 5233, 5234, 5235, 5233, 4557, 4558, 5235, 4557, 4560, 5235, 4558, 5235, 5236, 5233, 5235, 4560, 5236, 5233, 5237, 5234, 5236, 5238, 5233, 5237, 5233, 5238, 5236, 4560, 5239, 5239, 5238, 5236, 5234, 5237, 5240, 5234, 5240, 5232, 5238, 5241, 5237, 5237, 5241, 5240, 5239, 5242, 5238, 5243, 5239, 4560, 4560, 4562, 5243, 5239, 5244, 5242, 5239, 5243, 5244, 5245, 5243, 4562, 4564, 5245, 4562, 5246, 5244, 5243, 5247, 5245, 4564, 5245, 5247, 5243, 5247, 5246, 5243, 5244, 5246, 5247, 4564, 4587, 5247, 4587, 5248, 5247, 4588, 5248, 4587, 5247, 5248, 5249, 5247, 5249, 5250, 5248, 5250, 5249, 5250, 5244, 5247, 5248, 4588, 5251, 5251, 5250, 5248, 5250, 5252, 5244, 5253, 5244, 5252, 5250, 5253, 5252, 5242, 5244, 5253, 5250, 5254, 5253, 5250, 5251, 5254, 5242, 5253, 5255, 5256, 5253, 5254, 5255, 5253, 5256, 5251, 5257, 5254, 5256, 5254, 5257, 5255, 5258, 5242, 5242, 5258, 5238, 5238, 5258, 5241, 5258, 5255, 5259, 5255, 5260, 5259, 5260, 5255, 5256, 5259, 5261, 5258, 5260, 5261, 5259, 5258, 5262, 5241, 5262, 5258, 5261, 5241, 5262, 5263, 5264, 5262, 5261, 5263, 5262, 5264, 5241, 5263, 5265, 5265, 5240, 5241, 5261, 5266, 5264, 5240, 5265, 5267, 5261, 5268, 5266, 5260, 5268, 5261, 5269, 5240, 5267, 5240, 5269, 5232, 5265, 5270, 5267, 5270, 5269, 5267, 5232, 5269, 5271, 5269, 5270, 5271, 5232, 5271, 5272, 5272, 5271, 5270, 5232, 5272, 5230, 5265, 5273, 5270, 5265, 5263, 5273, 5272, 5270, 5274, 5270, 5273, 5274, 5230, 5272, 5275, 5273, 5263, 5276, 5277, 5230, 5275, 5225, 5230, 5277, 5276, 5263, 5278, 5264, 5278, 5263, 5225, 5277, 5279, 5225, 5279, 5220, 5264, 5280, 5278, 5220, 5279, 5281, 5281, 5279, 5277, 5282, 5280, 5264, 5266, 5282, 5264, 5266, 5268, 5282, 5220, 5281, 5283, 5218, 5220, 5283, 5218, 5283, 5221, 5281, 5284, 5283, 5221, 5283, 5284, 5281, 5277, 5284, 5285, 5280, 5282, 5278, 5280, 5285, 5282, 5286, 5285, 5268, 5286, 5282, 5287, 5278, 5285, 5278, 5287, 5276, 5273, 5276, 5287, 5286, 5288, 5285, 5285, 5289, 5287, 5285, 5288, 5289, 5287, 5289, 5290, 5289, 5288, 5290, 5291, 5273, 5287, 5292, 5288, 5286, 5273, 5291, 5293, 5293, 5274, 5273, 5287, 5294, 5291, 5293, 5291, 5295, 5291, 5294, 5295, 5296, 5274, 5293, 5297, 5293, 5295, 5296, 5293, 5297, 5296, 5298, 5274, 5272, 5274, 5298, 5299, 5296, 5297, 5298, 5296, 5299, 5272, 5298, 5300, 5275, 5272, 5300, 5298, 5299, 5301, 5298, 5301, 5300, 5300, 5302, 5275, 5275, 5302, 5277, 5302, 5300, 5303, 5303, 5277, 5302, 5301, 5303, 5300, 5277, 5303, 5284, 5304, 5301, 5299, 5284, 5303, 5305, 5299, 5306, 5304, 5306, 5299, 5297, 5303, 5307, 5305, 5307, 5303, 5301, 5305, 5307, 5308, 5308, 5284, 5305, 5307, 5301, 5309, 5308, 5307, 5309, 5301, 5304, 5310, 5301, 5310, 5309, 5304, 5311, 5310, 5304, 5306, 5311, 5310, 5311, 5312, 5309, 5310, 5312, 5306, 5313, 5311, 5312, 5311, 5313, 5306, 5297, 5314, 5313, 5306, 5314, 5297, 5295, 5314, 5295, 5294, 5314, 5312, 5313, 5315, 5314, 5294, 5316, 5313, 5317, 5315, 5317, 5313, 5314, 5294, 5318, 5316, 5287, 5318, 5294, 5290, 5318, 5287, 5314, 5316, 5319, 5320, 5316, 5318, 5319, 5316, 5320, 5290, 5321, 5318, 5314, 5319, 5322, 5323, 5321, 5290, 5290, 5288, 5323, 5321, 5324, 5318, 5318, 5324, 5320, 5325, 5319, 5320, 5324, 5325, 5320, 5322, 5319, 5325, 5321, 5326, 5324, 5321, 5323, 5326, 5327, 5314, 5322, 5314, 5327, 5317, 5327, 5322, 5328, 5317, 5327, 5329, 5328, 5329, 5327, 5330, 5317, 5329, 5330, 5315, 5317, 5329, 5328, 5331, 5331, 5330, 5329, 5315, 5330, 5332, 5330, 5331, 5332, 5332, 5333, 5315, 5333, 5312, 5315, 5309, 5312, 5333, 5332, 5331, 5334, 5333, 5332, 5334, 5328, 5335, 5331, 5328, 5322, 5336, 5328, 5336, 5335, 5322, 5325, 5336, 5331, 5335, 5337, 5336, 5325, 5338, 5331, 5337, 5339, 5339, 5334, 5331, 5340, 5338, 5325, 5324, 5340, 5325, 5324, 5341, 5340, 5324, 5326, 5341, 5340, 5342, 5338, 5343, 5341, 5326, 5341, 5344, 5340, 5344, 5341, 5343, 5342, 5340, 5344, 5326, 5345, 5343, 5323, 5345, 5326, 5345, 5323, 5346, 5347, 5343, 5345, 5347, 5345, 5346, 5348, 5346, 5323, 5348, 5347, 5346, 5323, 5288, 5348, 5288, 5292, 5348, 5343, 5347, 5349, 5350, 5348, 5292, 5343, 5349, 5351, 5351, 5344, 5343, 5292, 5352, 5350, 5286, 5352, 5292, 5268, 5352, 5286, 5353, 5348, 5350, 5268, 5354, 5352, 5354, 5268, 5260, 5355, 5348, 5353, 5347, 5348, 5355, 5260, 5356, 5354, 5256, 5356, 5260, 5347, 5355, 5357, 5357, 5349, 5347, 5358, 5356, 5256, 5257, 5358, 5256, 5356, 5359, 5354, 5352, 5354, 5359, 5358, 5360, 5356, 5257, 5361, 5358, 5358, 5361, 5360, 5360, 5362, 5356, 5356, 5362, 5359, 5362, 5360, 5363, 5360, 5361, 5363, 5364, 5359, 5362, 5362, 5363, 5364, 5257, 5365, 5361, 5251, 5365, 5257, 5361, 5365, 5366, 5366, 5365, 5251, 5367, 5363, 5361, 5368, 5366, 5251, 4588, 5368, 5251, 5366, 5369, 5361, 5367, 5361, 5369, 5368, 4588, 5370, 4591, 5370, 4588, 5368, 5370, 4591, 5368, 5371, 5366, 4591, 5371, 5368, 5366, 5371, 5369, 5371, 4591, 4592, 5372, 5367, 5369, 5371, 4592, 5373, 4594, 5373, 4592, 5369, 5371, 5374, 5369, 5374, 5372, 5375, 5373, 4594, 5376, 5375, 4594, 4597, 5376, 4594, 5376, 5377, 5375, 5377, 5376, 4597, 5377, 5373, 5375, 4597, 5378, 5377, 4599, 5378, 4597, 4599, 5379, 5378, 5378, 5379, 5380, 5378, 5380, 5377, 5379, 5381, 5380, 5373, 5377, 5382, 5377, 5380, 5382, 5371, 5373, 5382, 5381, 5383, 5380, 5383, 5382, 5380, 5383, 5381, 5384, 5385, 5383, 5384, 5382, 5386, 5371, 5386, 5374, 5371, 5386, 5382, 5387, 5374, 5386, 5388, 5387, 5388, 5386, 5389, 5387, 5382, 5388, 5387, 5389, 5389, 5382, 5383, 5374, 5388, 5390, 5372, 5374, 5390, 5389, 5391, 5388, 5391, 5390, 5388, 5385, 5392, 5383, 5389, 5383, 5392, 5385, 5393, 5392, 5393, 5394, 5392, 5392, 5394, 5395, 5395, 5396, 5392, 5392, 5396, 5397, 5398, 5392, 5397, 5398, 5399, 5392, 5389, 5392, 5399, 5398, 5400, 5399, 5389, 5399, 5401, 5401, 5391, 5389, 5402, 5399, 5400, 5399, 5402, 5401, 5401, 5403, 5391, 5401, 5402, 5403, 5391, 5403, 5390, 5400, 5404, 5402, 5400, 5405, 5404, 5404, 5406, 5402, 5404, 5405, 5406, 5402, 5406, 5403, 5407, 5406, 5405, 5406, 5407, 5403, 5408, 5403, 5407, 5409, 5390, 5403, 5409, 5403, 5408, 5410, 5408, 5407, 5407, 5411, 5410, 5408, 5410, 5412, 5411, 5413, 5410, 5410, 5413, 5412, 5411, 5414, 5413, 5412, 5415, 5408, 5415, 5409, 5408, 5416, 5412, 5413, 5416, 5415, 5412, 5417, 5413, 5414, 5417, 5414, 5418, 5413, 5419, 5416, 5413, 5417, 5419, 5415, 5416, 5420, 5418, 5421, 5417, 5420, 5422, 5415, 5415, 5422, 5409, 5421, 5418, 5423, 5418, 5424, 5423, 5425, 5417, 5421, 5417, 5425, 5419, 5426, 5423, 5424, 5427, 5426, 5424, 5426, 5427, 5428, 5423, 5426, 5429, 5428, 5429, 5426, 5421, 5423, 5429, 5428, 5430, 5429, 5421, 5429, 5431, 5425, 5421, 5431, 5429, 5430, 5431, 5428, 5432, 5430, 5433, 5425, 5431, 5431, 5430, 5433, 5433, 5419, 5425, 5432, 5434, 5430, 5432, 5435, 5434, 5436, 5434, 5435, 5433, 5430, 5437, 5438, 5434, 5436, 5439, 5438, 5436, 5430, 5434, 5440, 5440, 5437, 5430, 5441, 5434, 5438, 5441, 5440, 5434, 5438, 5439, 5442, 5438, 5442, 5441, 5440, 5443, 5437, 5441, 5443, 5440, 5444, 5442, 5439, 5439, 5445, 5444, 5445, 5446, 5444, 5441, 5442, 5447, 5448, 5443, 5441, 5447, 5448, 5441, 5443, 5449, 5437, 5448, 5449, 5443, 5450, 5447, 5442, 5444, 5450, 5442, 5451, 5448, 5447, 5447, 5450, 5451, 5452, 5448, 5451, 5450, 5444, 5453, 5452, 5454, 5448, 5449, 5448, 5454, 5444, 5455, 5453, 5444, 5446, 5455, 5450, 5453, 5456, 5456, 5453, 5455, 5451, 5450, 5457, 5452, 5451, 5457, 5450, 5456, 5457, 5446, 5458, 5455, 5446, 5459, 5458, 5460, 5458, 5459, 5461, 5455, 5458, 5461, 5456, 5455, 5462, 5458, 5460, 5463, 5461, 5458, 5463, 5458, 5462, 5463, 5464, 5461, 5464, 5456, 5461, 5463, 5462, 5465, 5464, 5463, 5465, 5466, 5462, 5460, 5466, 5465, 5462, 5467, 5466, 5460, 5464, 5465, 5468, 5468, 5456, 5464, 5469, 5466, 5467, 5467, 5470, 5469, 5465, 5466, 5471, 5472, 5469, 5470, 5472, 5470, 5473, 5474, 5466, 5469, 5466, 5474, 5471, 5475, 5465, 5471, 5474, 5475, 5471, 5475, 5468, 5465, 5474, 5469, 5476, 5476, 5469, 5472, 5477, 5475, 5474, 5477, 5474, 5476, 5478, 5468, 5475, 5477, 5479, 5475, 5478, 5475, 5480, 5479, 5480, 5475, 5478, 5481, 5468, 5480, 5481, 5478, 5482, 5479, 5477, 5479, 5482, 5480, 5483, 5468, 5481, 5483, 5456, 5468, 5483, 5484, 5456, 5483, 5481, 5484, 5485, 5456, 5484, 5457, 5456, 5485, 5486, 5485, 5484, 5457, 5485, 5487, 5487, 5485, 5486, 5488, 5486, 5484, 5481, 5488, 5484, 5487, 5489, 5457, 5489, 5452, 5457, 5489, 5454, 5452, 5486, 5490, 5487, 5489, 5487, 5491, 5491, 5487, 5490, 5486, 5488, 5492, 5492, 5490, 5486, 5488, 5493, 5492, 5493, 5490, 5492, 5493, 5488, 5494, 5488, 5481, 5494, 5494, 5495, 5493, 5494, 5481, 5495, 5490, 5493, 5496, 5481, 5497, 5495, 5498, 5490, 5496, 5491, 5490, 5498, 5481, 5499, 5497, 5481, 5480, 5499, 5499, 5480, 5482, 5500, 5497, 5499, 5499, 5501, 5500, 5482, 5501, 5499, 5502, 5497, 5500, 5502, 5500, 5501, 5503, 5495, 5497, 5502, 5503, 5497, 5504, 5501, 5482, 5504, 5502, 5501, 5503, 5505, 5495, 5505, 5493, 5495, 5506, 5502, 5504, 5506, 5507, 5502, 5507, 5503, 5502, 5507, 5506, 5504, 5508, 5505, 5503, 5503, 5507, 5509, 5508, 5503, 5509, 5493, 5505, 5510, 5496, 5493, 5510, 5505, 5508, 5511, 5510, 5512, 5496, 5508, 5513, 5511, 5508, 5509, 5513, 5514, 5496, 5512, 5496, 5514, 5498, 5512, 5515, 5514, 5514, 5516, 5498, 5515, 5516, 5514, 5515, 5512, 5517, 5357, 5516, 5515, 5357, 5515, 5349, 5515, 5517, 5349, 5357, 5355, 5516, 5518, 5349, 5517, 5517, 5512, 5518, 5518, 5351, 5349, 5512, 5510, 5518, 5518, 5344, 5351, 5518, 5510, 5519, 5520, 5344, 5518, 5518, 5519, 5520, 5521, 5519, 5510, 5520, 5519, 5521, 5521, 5510, 5505, 5520, 5522, 5344, 5523, 5521, 5505, 5511, 5523, 5505, 5521, 5524, 5520, 5522, 5520, 5524, 5344, 5522, 5525, 5522, 5524, 5525, 5344, 5525, 5342, 5526, 5524, 5521, 5525, 5524, 5526, 5523, 5526, 5521, 5527, 5342, 5525, 5526, 5527, 5525, 5527, 5528, 5342, 5526, 5528, 5527, 5528, 5529, 5342, 5529, 5338, 5342, 5529, 5336, 5338, 5528, 5526, 5530, 5336, 5529, 5531, 5335, 5336, 5531, 5532, 5529, 5528, 5528, 5530, 5532, 5335, 5531, 5533, 5533, 5337, 5335, 5534, 5531, 5529, 5535, 5533, 5531, 5535, 5531, 5534, 5337, 5533, 5536, 5536, 5533, 5535, 5534, 5529, 5537, 5529, 5532, 5537, 5535, 5534, 5538, 5534, 5537, 5538, 5535, 5538, 5539, 5535, 5539, 5536, 5540, 5538, 5537, 5538, 5540, 5539, 5541, 5540, 5537, 5541, 5537, 5532, 5540, 5541, 5542, 5542, 5541, 5532, 5539, 5540, 5543, 5544, 5543, 5540, 5540, 5542, 5544, 5539, 5543, 5545, 5544, 5545, 5543, 5546, 5544, 5542, 5545, 5544, 5546, 5546, 5542, 5547, 5545, 5548, 5539, 5546, 5547, 5549, 5550, 5545, 5546, 5546, 5549, 5550, 5547, 5542, 5551, 5547, 5551, 5549, 5550, 5552, 5545, 5548, 5545, 5552, 5542, 5553, 5551, 5553, 5542, 5532, 5554, 5553, 5532, 5554, 5532, 5555, 5554, 5555, 5553, 5532, 5530, 5555, 5556, 5551, 5553, 5553, 5555, 5556, 5555, 5530, 5557, 5530, 5526, 5557, 5557, 5526, 5523, 5555, 5557, 5558, 5559, 5557, 5523, 5559, 5558, 5557, 5511, 5559, 5523, 5560, 5555, 5558, 5558, 5559, 5560, 5555, 5560, 5556, 5559, 5511, 5513, 5559, 5561, 5560, 5561, 5559, 5513, 5562, 5556, 5560, 5560, 5561, 5562, 5563, 5561, 5513, 5563, 5513, 5564, 5564, 5513, 5509, 5565, 5561, 5563, 5563, 5564, 5565, 5562, 5561, 5565, 5509, 5566, 5564, 5566, 5565, 5564, 5509, 5507, 5566, 5507, 5567, 5566, 5567, 5507, 5504, 5566, 5568, 5565, 5566, 5567, 5569, 5566, 5569, 5568, 5504, 5570, 5567, 5570, 5569, 5567, 5571, 5570, 5504, 5572, 5569, 5570, 5570, 5571, 5572, 5573, 5571, 5504, 5572, 5571, 5573, 5574, 5573, 5504, 5504, 5482, 5574, 5574, 5482, 5575, 5575, 5482, 5477, 5575, 5477, 5476, 5575, 5576, 5574, 5476, 5576, 5575, 5573, 5574, 5576, 5576, 5476, 5577, 5573, 5576, 5578, 5576, 5577, 5578, 5579, 5577, 5476, 5472, 5579, 5476, 5580, 5578, 5577, 5579, 5472, 5581, 5581, 5472, 5473, 5577, 5579, 5582, 5579, 5581, 5582, 5582, 5580, 5577, 5473, 5583, 5581, 5582, 5581, 5584, 5581, 5583, 5584, 5580, 5582, 5585, 5585, 5582, 5584, 5586, 5583, 5473, 5473, 5587, 5586, 5588, 5584, 5583, 5586, 5588, 5583, 5589, 5585, 5584, 5580, 5585, 5589, 5588, 5590, 5584, 5590, 5589, 5584, 5588, 5586, 5591, 5590, 5588, 5591, 5586, 5587, 5592, 5591, 5586, 5592, 5592, 5587, 5593, 5591, 5592, 5594, 5593, 5595, 5592, 5594, 5592, 5595, 5595, 5593, 5596, 5597, 5591, 5594, 5597, 5590, 5591, 5594, 5595, 5598, 5598, 5597, 5594, 5595, 5596, 5599, 5598, 5595, 5599, 5600, 5599, 5596, 5601, 5597, 5598, 5602, 5599, 5600, 5603, 5598, 5599, 5599, 5602, 5603, 5604, 5601, 5598, 5604, 5598, 5603, 5605, 5597, 5601, 5605, 5601, 5604, 5602, 5606, 5603, 5603, 5606, 5604, 5602, 5600, 5607, 5600, 5608, 5607, 5608, 5609, 5607, 5602, 5610, 5606, 5602, 5607, 5610, 5606, 5611, 5604, 5611, 5606, 5610, 5612, 5607, 5609, 5610, 5607, 5612, 5612, 5609, 5613, 5614, 5613, 5609, 5615, 5612, 5613, 5615, 5613, 5614, 5616, 5610, 5612, 5615, 5614, 5617, 5618, 5617, 5614, 5612, 5615, 5619, 5612, 5619, 5616, 5617, 5620, 5615, 5619, 5615, 5620, 5618, 5621, 5617, 5621, 5618, 5622, 5620, 5617, 5623, 5617, 5621, 5623, 5624, 5619, 5620, 5624, 5620, 5623, 5625, 5621, 5622, 5619, 5624, 5626, 5616, 5619, 5626, 5625, 5627, 5621, 5627, 5623, 5621, 5625, 5622, 5628, 5628, 5622, 5629, 5629, 5630, 5628, 5627, 5625, 5631, 5631, 5625, 5628, 5628, 5630, 5632, 5632, 5630, 5633, 5634, 5631, 5628, 5634, 5627, 5631, 5632, 5635, 5628, 5635, 5634, 5628, 5632, 5633, 5636, 5636, 5635, 5632, 5636, 5633, 5637, 5638, 5634, 5635, 5635, 5639, 5638, 5635, 5636, 5639, 5640, 5634, 5638, 5639, 5640, 5638, 5641, 5627, 5634, 5639, 5642, 5640, 5643, 5627, 5641, 5643, 5623, 5627, 5641, 5634, 5644, 5643, 5645, 5623, 5624, 5623, 5645, 5643, 5641, 5646, 5646, 5641, 5644, 5645, 5643, 5647, 5645, 5647, 5624, 5646, 5647, 5643, 5626, 5624, 5647, 5646, 5644, 5648, 5644, 5634, 5649, 5648, 5644, 5649, 5649, 5634, 5640, 5646, 5648, 5650, 5650, 5647, 5646, 5651, 5649, 5640, 5642, 5651, 5640, 5648, 5649, 5652, 5651, 5652, 5649, 5648, 5653, 5650, 5653, 5648, 5652, 5651, 5642, 5654, 5652, 5651, 5654, 5642, 5655, 5654, 5652, 5654, 5655, 5653, 5652, 5656, 5657, 5652, 5655, 5657, 5656, 5652, 5658, 5653, 5656, 5658, 5650, 5653, 5657, 5659, 5656, 5658, 5656, 5660, 5659, 5660, 5656, 5650, 5658, 5661, 5660, 5662, 5658, 5661, 5658, 5662, 5660, 5663, 5662, 5661, 5662, 5663, 5660, 5659, 5664, 5664, 5663, 5660, 5661, 5665, 5650, 5665, 5647, 5650, 5665, 5626, 5647, 5626, 5665, 5666, 5665, 5667, 5666, 5667, 5665, 5661, 5666, 5668, 5626, 5667, 5668, 5666, 5668, 5669, 5626, 5626, 5669, 5616, 5670, 5667, 5661, 5616, 5669, 5671, 5668, 5671, 5669, 5661, 5672, 5670, 5663, 5672, 5661, 5673, 5667, 5670, 5670, 5672, 5673, 5667, 5674, 5668, 5667, 5673, 5674, 5674, 5675, 5668, 5675, 5671, 5668, 5676, 5675, 5674, 5671, 5675, 5676, 5676, 5674, 5677, 5671, 5676, 5678, 5674, 5679, 5677, 5674, 5673, 5679, 5676, 5677, 5680, 5680, 5678, 5676, 5677, 5679, 5681, 5677, 5681, 5680, 5678, 5682, 5671, 5678, 5680, 5682, 5671, 5683, 5616, 5682, 5683, 5671, 5610, 5616, 5683, 5683, 5611, 5610, 5682, 5684, 5683, 5684, 5611, 5683, 5685, 5682, 5680, 5685, 5680, 5681, 5682, 5686, 5684, 5684, 5686, 5611, 5682, 5685, 5686, 5686, 5604, 5611, 5605, 5604, 5686, 5687, 5686, 5685, 5605, 5686, 5687, 5687, 5685, 5688, 5688, 5685, 5681, 5689, 5605, 5687, 5688, 5681, 5690, 5691, 5605, 5689, 5605, 5691, 5597, 5590, 5597, 5691, 5692, 5689, 5687, 5688, 5692, 5687, 5689, 5693, 5691, 5693, 5689, 5692, 5691, 5694, 5590, 5691, 5693, 5694, 5694, 5589, 5590, 5693, 5695, 5694, 5589, 5694, 5696, 5694, 5695, 5696, 5696, 5697, 5589, 5695, 5697, 5696, 5698, 5695, 5693, 5698, 5697, 5695, 5692, 5698, 5693, 5699, 5589, 5697, 5699, 5580, 5589, 5700, 5699, 5697, 5701, 5580, 5699, 5699, 5700, 5701, 5700, 5697, 5702, 5702, 5697, 5698, 5700, 5703, 5701, 5700, 5702, 5703, 5580, 5701, 5704, 5580, 5704, 5578, 5578, 5704, 5573, 5705, 5704, 5701, 5704, 5706, 5573, 5705, 5706, 5704, 5706, 5572, 5573, 5707, 5705, 5701, 5703, 5707, 5701, 5705, 5708, 5706, 5707, 5708, 5705, 5709, 5572, 5706, 5706, 5708, 5710, 5706, 5710, 5709, 5711, 5572, 5709, 5711, 5569, 5572, 5569, 5711, 5712, 5712, 5711, 5709, 5712, 5568, 5569, 5710, 5713, 5709, 5709, 5713, 5712, 5708, 5714, 5710, 5707, 5714, 5708, 5713, 5710, 5715, 5715, 5710, 5714, 5716, 5713, 5715, 5714, 5717, 5715, 5715, 5717, 5716, 5718, 5714, 5707, 5717, 5714, 5718, 5719, 5713, 5716, 5719, 5712, 5713, 5716, 5717, 5720, 5719, 5721, 5712, 5712, 5721, 5568, 5722, 5719, 5716, 5716, 5720, 5722, 5723, 5719, 5722, 5723, 5722, 5720, 5724, 5721, 5719, 5725, 5723, 5720, 5717, 5725, 5720, 5726, 5719, 5723, 5724, 5719, 5726, 5727, 5723, 5725, 5723, 5727, 5726, 5728, 5725, 5717, 5728, 5717, 5718, 5729, 5727, 5725, 5718, 5730, 5728, 5731, 5727, 5729, 5731, 5726, 5727, 5732, 5730, 5718, 5732, 5718, 5707, 5730, 5733, 5728, 5733, 5725, 5728, 5734, 5732, 5707, 5734, 5707, 5703, 5730, 5732, 5735, 5736, 5734, 5703, 5736, 5703, 5702, 5732, 5734, 5737, 5737, 5735, 5732, 5738, 5734, 5736, 5737, 5734, 5738, 5736, 5739, 5738, 5739, 5737, 5738, 5740, 5736, 5702, 5740, 5739, 5736, 5740, 5702, 5741, 5702, 5698, 5741, 5742, 5741, 5698, 5741, 5742, 5740, 5742, 5698, 5692, 5743, 5739, 5740, 5743, 5737, 5739, 5744, 5742, 5692, 5688, 5744, 5692, 5745, 5740, 5742, 5744, 5745, 5742, 5746, 5744, 5688, 5745, 5744, 5746, 5690, 5746, 5688, 5747, 5740, 5745, 5746, 5747, 5745, 5743, 5740, 5747, 5748, 5746, 5690, 5748, 5747, 5746, 5748, 5690, 5749, 5681, 5749, 5690, 5679, 5749, 5681, 5748, 5750, 5747, 5751, 5749, 5679, 5751, 5679, 5673, 5752, 5748, 5749, 5751, 5752, 5749, 5748, 5752, 5750, 5751, 5673, 5753, 5751, 5753, 5752, 5754, 5747, 5750, 5747, 5754, 5743, 5755, 5750, 5752, 5750, 5755, 5754, 5743, 5754, 5756, 5737, 5743, 5756, 5757, 5754, 5755, 5756, 5754, 5757, 5758, 5755, 5752, 5758, 5757, 5755, 5759, 5737, 5756, 5759, 5735, 5737, 5758, 5752, 5760, 5760, 5752, 5753, 5759, 5761, 5735, 5762, 5760, 5753, 5761, 5759, 5763, 5759, 5756, 5763, 5761, 5764, 5735, 5764, 5730, 5735, 5733, 5730, 5764, 5764, 5761, 5765, 5765, 5761, 5763, 5766, 5733, 5764, 5767, 5764, 5765, 5766, 5764, 5767, 5767, 5765, 5768, 5767, 5768, 5766, 5769, 5765, 5763, 5768, 5770, 5766, 5769, 5771, 5765, 5768, 5765, 5771, 5772, 5769, 5763, 5763, 5756, 5773, 5772, 5763, 5773, 5757, 5773, 5756, 5769, 5772, 5774, 5771, 5769, 5774, 5773, 5757, 5775, 5758, 5775, 5757, 5773, 5776, 5772, 5773, 5775, 5776, 5772, 5776, 5777, 5774, 5772, 5777, 5776, 5775, 5778, 5778, 5777, 5776, 5779, 5775, 5758, 5760, 5779, 5758, 5760, 5762, 5779, 5778, 5775, 5780, 5781, 5779, 5762, 5782, 5780, 5775, 5782, 5775, 5779, 5783, 5781, 5762, 5783, 5762, 5753, 5784, 5779, 5781, 5784, 5781, 5783, 5784, 5782, 5779, 5753, 5785, 5783, 5785, 5753, 5673, 5673, 5672, 5785, 5786, 5783, 5785, 5786, 5785, 5672, 5784, 5783, 5787, 5786, 5672, 5788, 5672, 5663, 5788, 5789, 5783, 5786, 5789, 5787, 5783, 5663, 5790, 5788, 5786, 5788, 5790, 5663, 5791, 5790, 5791, 5663, 5664, 5789, 5786, 5792, 5792, 5787, 5789, 5793, 5792, 5786, 5787, 5792, 5793, 5794, 5786, 5790, 5793, 5786, 5794, 5795, 5790, 5791, 5790, 5795, 5794, 5791, 5664, 5795, 5796, 5793, 5794, 5796, 5787, 5793, 5795, 5797, 5794, 5796, 5794, 5797, 5795, 5664, 5798, 5798, 5664, 5659, 5795, 5799, 5797, 5798, 5799, 5795, 5659, 5800, 5798, 5657, 5800, 5659, 5798, 5800, 5801, 5800, 5657, 5801, 5799, 5798, 5802, 5798, 5801, 5803, 5798, 5803, 5802, 5657, 5804, 5801, 5801, 5805, 5803, 5804, 5657, 5806, 5806, 5657, 5655, 5801, 5804, 5807, 5805, 5801, 5807, 5806, 5808, 5804, 5809, 5803, 5805, 5803, 5809, 5802, 5810, 5806, 5655, 5810, 5808, 5806, 5810, 5655, 5642, 5804, 5808, 5811, 5811, 5807, 5804, 5810, 5812, 5808, 5808, 5812, 5811, 5807, 5813, 5805, 5813, 5807, 5811, 5813, 5809, 5805, 5811, 5814, 5813, 5809, 5813, 5815, 5816, 5814, 5811, 5817, 5813, 5814, 5814, 5816, 5817, 5813, 5817, 5818, 5818, 5815, 5813, 5817, 5819, 5818, 5816, 5819, 5817, 5815, 5818, 5820, 5820, 5818, 5819, 5809, 5815, 5821, 5822, 5821, 5815, 5822, 5815, 5820, 5823, 5809, 5821, 5821, 5822, 5823, 5823, 5802, 5809, 5802, 5823, 5824, 5825, 5802, 5824, 5802, 5825, 5799, 5823, 5826, 5824, 5824, 5826, 5825, 5825, 5827, 5799, 5827, 5828, 5799, 5828, 5797, 5799, 5829, 5827, 5825, 5828, 5827, 5829, 5830, 5797, 5828, 5829, 5830, 5828, 5830, 5796, 5797, 5829, 5825, 5831, 5831, 5825, 5826, 5830, 5829, 5832, 5796, 5830, 5832, 5829, 5831, 5833, 5833, 5832, 5829, 5831, 5826, 5834, 5834, 5826, 5835, 5835, 5826, 5823, 5831, 5834, 5836, 5835, 5836, 5834, 5837, 5833, 5831, 5831, 5836, 5837, 5835, 5823, 5838, 5823, 5822, 5838, 5839, 5836, 5835, 5838, 5839, 5835, 5822, 5840, 5838, 5839, 5838, 5841, 5841, 5838, 5840, 5822, 5842, 5840, 5820, 5842, 5822, 5841, 5840, 5843, 5843, 5840, 5842, 5844, 5839, 5841, 5843, 5842, 5845, 5845, 5842, 5820, 5841, 5843, 5846, 5841, 5846, 5844, 5847, 5843, 5845, 5846, 5843, 5848, 5843, 5847, 5848, 5846, 5849, 5844, 5849, 5846, 5848, 5847, 5845, 5850, 5845, 5851, 5850, 5845, 5820, 5851, 5850, 5852, 5847, 5852, 5848, 5847, 5851, 5853, 5850, 5853, 5852, 5850, 5854, 5851, 5820, 5853, 5851, 5854, 5854, 5820, 5855, 5855, 5853, 5854, 5820, 5856, 5855, 5857, 5853, 5855, 5820, 5858, 5856, 5858, 5820, 5819, 5855, 5856, 5859, 5857, 5855, 5859, 5856, 5858, 5860, 5860, 5859, 5856, 5861, 5858, 5819, 5861, 5860, 5858, 5861, 5819, 5862, 5861, 5862, 5860, 5816, 5862, 5819, 5859, 5860, 5863, 5860, 5862, 5863, 5864, 5859, 5863, 5816, 5865, 5862, 5864, 5866, 5859, 5866, 5857, 5859, 5867, 5865, 5816, 5811, 5867, 5816, 5867, 5811, 5812, 5868, 5865, 5867, 5812, 5868, 5867, 5868, 5869, 5865, 5865, 5869, 5862, 5870, 5868, 5812, 5871, 5869, 5868, 5868, 5870, 5871, 5870, 5812, 5872, 5810, 5872, 5812, 5872, 5873, 5870, 5872, 5810, 5873, 5870, 5874, 5871, 5873, 5874, 5870, 5869, 5871, 5875, 5874, 5875, 5871, 5869, 5876, 5862, 5869, 5875, 5876, 5877, 5862, 5876, 5862, 5877, 5863, 5876, 5875, 5878, 5879, 5863, 5877, 5864, 5863, 5879, 5877, 5876, 5880, 5880, 5876, 5878, 5879, 5877, 5881, 5881, 5877, 5880, 5864, 5879, 5882, 5866, 5864, 5882, 5883, 5879, 5881, 5879, 5883, 5882, 5880, 5884, 5881, 5883, 5881, 5885, 5885, 5881, 5884, 5886, 5882, 5883, 5887, 5883, 5885, 5888, 5882, 5886, 5866, 5882, 5888, 5886, 5883, 5889, 5883, 5887, 5889, 5888, 5886, 5889, 5887, 5885, 5890, 5890, 5885, 5884, 5889, 5887, 5891, 5892, 5887, 5890, 5891, 5887, 5892, 5893, 5889, 5891, 4771, 5893, 5891, 5892, 4771, 5891, 5894, 5889, 5893, 5888, 5889, 5894, 4759, 4771, 5892, 4759, 5892, 4747, 5892, 4749, 4747, 5892, 4746, 4749, 5895, 5893, 4771, 5895, 5894, 5893, 4771, 4769, 5895, 5896, 4746, 5892, 5890, 5896, 5892, 4774, 5895, 4769, 4746, 5896, 5897, 5897, 5896, 5890, 4737, 4746, 5897, 5897, 5890, 5898, 5898, 5890, 5884, 4737, 5897, 5899, 5897, 5898, 5899, 5898, 5884, 5900, 5900, 5899, 5898, 5884, 5901, 5900, 5900, 5901, 5899, 5902, 4737, 5899, 4731, 4737, 5902, 4731, 5902, 4733, 5903, 5902, 5899, 5903, 4733, 5902, 5903, 5899, 5904, 5901, 5904, 5899, 4733, 5903, 5905, 5905, 5906, 4733, 5903, 5906, 5905, 4733, 5906, 4727, 5907, 5903, 5904, 5907, 5906, 5903, 5904, 5901, 5908, 5904, 5908, 5907, 5909, 4727, 5906, 5909, 4728, 4727, 5909, 5906, 5910, 5907, 5910, 5906, 5909, 5911, 4728, 5911, 5912, 4728, 5909, 5910, 5913, 5913, 5911, 5909, 5912, 5911, 5914, 5915, 5912, 5914, 5916, 5911, 5913, 5916, 5914, 5911, 5913, 5910, 5916, 5914, 5917, 5915, 5914, 5916, 5917, 5915, 5917, 5918, 5910, 5919, 5916, 5907, 5919, 5910, 5918, 5917, 5920, 5918, 5920, 5921, 5907, 5922, 5919, 5923, 5921, 5920, 5921, 5923, 5924, 5907, 5925, 5922, 5925, 5907, 5908, 5901, 5925, 5908, 5926, 5919, 5922, 5925, 5926, 5922, 5926, 5916, 5919, 5927, 5925, 5901, 5925, 5927, 5926, 5927, 5901, 5928, 5884, 5928, 5901, 5884, 5880, 5928, 5880, 5878, 5928, 5928, 5878, 5929, 5928, 5929, 5927, 5929, 5878, 5875, 5929, 5875, 5874, 5927, 5929, 5930, 5930, 5929, 5874, 5930, 5926, 5927, 5930, 5874, 5931, 5930, 5931, 5926, 5931, 5874, 5932, 5926, 5931, 5932, 5933, 5932, 5874, 5873, 5933, 5874, 5932, 5934, 5926, 5916, 5926, 5934, 5933, 5873, 5935, 5873, 5810, 5935, 5916, 5934, 5936, 5932, 5936, 5934, 5917, 5916, 5936, 5917, 5936, 5920, 5932, 5933, 5937, 5933, 5935, 5937, 5938, 5936, 5932, 5937, 5938, 5932, 5939, 5920, 5936, 5939, 5936, 5938, 5939, 5938, 5937, 5939, 5923, 5920, 5939, 5924, 5923, 5935, 5940, 5937, 5937, 5940, 5939, 5939, 5941, 5924, 5637, 5924, 5941, 5939, 5942, 5941, 5637, 5941, 5942, 5939, 5943, 5942, 5637, 5942, 5943, 5939, 5940, 5943, 5637, 5943, 5636, 5636, 5943, 5940, 5944, 5636, 5940, 5944, 5940, 5935, 5639, 5636, 5944, 5810, 5944, 5935, 5642, 5639, 5944, 5642, 5944, 5810, 5945, 1695, 1690, 5945, 1690, 1691, 5945, 1709, 1695, 5946, 5945, 1691, 1689, 5946, 1691, 1709, 5945, 5947, 5945, 5946, 5947, 1713, 1709, 5947, 5948, 5946, 1689, 1689, 1639, 5948, 5949, 5947, 5946, 5949, 5946, 5948, 5949, 5950, 5947, 5948, 5950, 5949, 5947, 5951, 1713, 5947, 5950, 5951, 1639, 5952, 5948, 5948, 5953, 5950, 5953, 5948, 5952, 1639, 5954, 5952, 1639, 1633, 5954, 5952, 5954, 5955, 5953, 5952, 5955, 5956, 5954, 1633, 5954, 5956, 5955, 1632, 5956, 1633, 5956, 5957, 5955, 1632, 5958, 5956, 5958, 5957, 5956, 5955, 5957, 5959, 5957, 5958, 5959, 5955, 5959, 5960, 5960, 5959, 5958, 5958, 1632, 5961, 1632, 705, 5961, 5960, 5958, 5962, 5963, 5961, 705, 5961, 5964, 5958, 5963, 5964, 5961, 5962, 5958, 5965, 5958, 5964, 5965, 5963, 705, 5966, 688, 5966, 705, 5966, 688, 687, 687, 689, 5966, 5963, 5966, 5967, 5967, 5964, 5963, 5968, 5967, 5966, 5968, 5966, 689, 5964, 5967, 5968, 689, 5969, 5968, 5964, 5968, 5969, 5969, 689, 686, 5969, 686, 670, 5965, 5964, 5970, 5965, 5970, 5962, 5969, 5971, 5964, 5964, 5971, 5970, 5969, 670, 5972, 668, 5972, 670, 668, 666, 5972, 5973, 5971, 5969, 5972, 666, 5974, 5973, 5969, 5975, 5975, 5969, 5972, 666, 5976, 5974, 5976, 666, 662, 5972, 5977, 5975, 5978, 5977, 5972, 5975, 5977, 5978, 5972, 5974, 5978, 5975, 5978, 5979, 5973, 5975, 5979, 5978, 5974, 5980, 5974, 5976, 5980, 5981, 5978, 5980, 5979, 5978, 5981, 5980, 5976, 5982, 5981, 5980, 5982, 5983, 5976, 662, 659, 5983, 662, 5976, 5984, 5982, 5983, 5984, 5976, 659, 5985, 5983, 5985, 659, 5986, 5985, 5986, 5983, 663, 5986, 659, 5984, 5983, 5987, 5987, 5983, 5986, 5984, 5988, 5982, 5988, 5984, 5987, 663, 5989, 5986, 5987, 5986, 5990, 5990, 5986, 5989, 5990, 5991, 5987, 5991, 5990, 5989, 5992, 5987, 5991, 5988, 5987, 5992, 5993, 5991, 5989, 5993, 5992, 5991, 5989, 663, 5994, 5994, 663, 665, 5989, 5995, 5993, 5989, 5994, 5995, 5994, 665, 5996, 5994, 5996, 5995, 5997, 5996, 665, 5995, 5998, 5993, 5992, 5993, 5998, 5995, 5996, 5999, 5999, 5996, 5997, 6000, 5998, 5995, 6000, 5995, 5999, 6001, 5997, 665, 665, 650, 6001, 6001, 650, 648, 6002, 5997, 6001, 6001, 648, 6003, 6004, 5997, 6002, 6004, 5999, 5997, 6002, 6001, 6005, 6001, 6003, 6005, 6004, 6002, 6005, 6003, 648, 6006, 6005, 6003, 6006, 6006, 648, 647, 6007, 6005, 6006, 6007, 6004, 6005, 6006, 647, 6008, 6006, 6008, 6007, 6009, 6008, 647, 638, 6009, 647, 6009, 6010, 6008, 6011, 6009, 638, 638, 635, 6011, 6010, 6012, 6008, 6008, 6012, 6007, 6013, 6010, 6009, 6010, 6013, 6012, 6009, 6011, 6013, 6014, 6011, 635, 6011, 6014, 6013, 639, 6014, 635, 6012, 6013, 6015, 6016, 6014, 639, 6016, 639, 641, 6014, 6017, 6013, 6018, 6014, 6016, 6017, 6014, 6018, 6013, 6019, 6015, 6017, 6019, 6013, 6015, 6020, 6012, 6007, 6012, 6020, 6019, 6017, 6021, 6020, 6022, 6007, 6007, 6022, 6004, 6019, 6021, 6023, 6023, 6021, 6017, 6019, 6024, 6015, 6023, 6024, 6019, 6020, 6015, 6025, 6024, 6025, 6015, 6026, 6023, 6017, 6026, 6017, 6018, 6020, 6025, 6027, 6018, 6028, 6026, 6020, 6027, 6029, 6020, 6029, 6022, 6018, 6030, 6028, 6030, 6018, 6016, 6029, 6031, 6022, 6032, 6029, 6027, 6029, 6032, 6031, 6033, 6022, 6031, 6004, 6022, 6033, 5999, 6004, 6033, 6031, 6032, 6034, 6035, 5999, 6033, 6000, 5999, 6035, 6031, 6036, 6033, 6034, 6036, 6031, 6033, 6036, 6035, 6037, 6034, 6032, 6000, 6035, 6038, 6038, 5998, 6000, 6039, 6034, 6037, 6034, 6039, 6036, 6040, 6037, 6032, 6027, 6040, 6032, 6041, 6039, 6037, 6040, 6041, 6037, 6042, 6040, 6027, 6027, 6025, 6042, 6043, 6042, 6025, 6024, 6043, 6025, 6044, 6040, 6042, 6042, 6043, 6044, 6045, 6043, 6024, 6046, 6044, 6043, 6045, 6046, 6043, 6024, 6047, 6045, 6047, 6024, 6023, 6046, 6045, 6048, 6047, 6048, 6045, 6048, 6049, 6046, 6049, 6048, 6047, 6044, 6046, 6050, 6049, 6050, 6046, 6044, 6050, 6051, 6049, 6052, 6050, 6050, 6052, 6051, 6053, 6044, 6051, 6040, 6044, 6053, 6053, 6054, 6040, 6040, 6054, 6041, 6054, 6053, 6055, 6054, 6055, 6041, 6051, 6056, 6053, 6056, 6055, 6053, 6057, 6041, 6055, 6057, 6055, 6056, 6056, 6051, 6058, 6058, 6051, 6052, 6059, 6057, 6056, 6060, 6058, 6052, 6061, 6059, 6056, 6062, 6061, 6056, 6058, 6062, 6056, 6062, 6059, 6061, 6058, 6060, 6063, 6063, 6062, 6058, 6064, 6060, 6052, 6062, 6063, 6065, 6064, 6052, 6066, 6066, 6052, 6049, 6067, 6062, 6065, 6067, 6059, 6062, 6066, 6049, 6068, 6068, 6049, 6047, 6067, 6069, 6059, 6069, 6057, 6059, 6070, 6067, 6065, 6065, 6063, 6070, 6069, 6067, 6071, 6067, 6070, 6071, 6069, 6072, 6057, 6041, 6057, 6072, 6071, 6073, 6069, 6069, 6073, 6072, 6041, 6072, 6074, 6074, 6039, 6041, 6073, 6075, 6072, 6074, 6072, 6076, 6072, 6075, 6076, 6039, 6074, 6077, 6077, 6074, 6076, 6039, 6077, 6078, 6075, 6079, 6076, 6039, 6078, 6080, 6039, 6080, 6036, 6078, 6077, 6081, 6080, 6078, 6081, 6076, 6082, 6077, 6082, 6081, 6077, 6082, 6076, 6079, 6083, 6036, 6080, 6036, 6083, 6035, 6080, 6081, 6084, 6080, 6084, 6083, 6085, 6035, 6083, 6035, 6085, 6038, 6083, 6086, 6085, 6038, 6085, 6086, 6086, 6083, 6084, 6087, 6038, 6086, 5998, 6038, 6087, 6088, 5998, 6087, 6086, 6088, 6087, 6088, 5992, 5998, 6084, 6081, 6089, 6081, 6082, 6090, 6090, 6089, 6081, 6090, 6082, 6079, 6089, 6091, 6084, 6091, 6086, 6084, 6090, 6092, 6089, 6092, 6091, 6089, 6090, 6079, 6093, 6094, 6092, 6090, 6094, 6090, 6093, 6091, 6092, 6095, 6094, 6096, 6092, 6095, 6092, 6096, 6094, 6093, 6097, 6091, 6095, 6098, 6097, 6099, 6094, 6099, 6096, 6094, 6100, 6091, 6098, 6091, 6100, 6086, 6099, 1783, 6096, 6101, 6086, 6100, 6102, 1783, 6099, 6103, 6086, 6101, 6103, 6088, 6086, 6102, 1789, 1783, 6096, 1783, 1781, 6102, 6104, 1789, 6102, 6099, 6104, 6104, 6099, 6097, 6104, 1797, 1789, 1781, 6105, 6096, 6095, 6096, 6105, 6105, 1781, 6106, 6106, 6095, 6105, 6106, 1781, 1779, 6098, 6095, 6106, 1782, 6106, 1779, 6106, 6107, 6098, 6098, 6107, 6100, 6108, 6106, 1782, 6107, 6106, 6108, 6109, 6108, 1782, 6109, 1782, 1786, 6107, 6108, 6110, 6109, 6110, 6108, 6111, 6100, 6107, 6107, 6110, 6111, 6101, 6100, 6111, 6110, 6109, 6112, 6112, 6109, 1786, 6113, 6111, 6110, 6101, 6111, 6113, 6110, 6112, 6114, 6114, 6113, 6110, 6112, 1786, 6115, 6116, 6114, 6112, 6112, 6115, 6116, 6114, 6117, 6113, 6116, 6117, 6114, 6113, 6118, 6101, 6103, 6101, 6118, 6118, 6088, 6103, 6113, 6117, 6119, 6119, 6118, 6113, 6116, 6120, 6117, 6117, 6121, 6119, 6121, 6117, 6120, 6122, 6120, 6116, 6115, 6122, 6116, 6120, 6123, 6121, 6122, 6123, 6120, 6115, 6124, 6122, 6125, 6123, 6122, 6124, 6125, 6122, 6126, 6121, 6123, 6126, 6123, 6125, 6115, 6127, 6124, 6127, 6115, 1786, 1786, 1765, 6127, 1765, 1723, 6127, 6128, 6127, 1723, 6129, 6128, 1723, 6129, 6127, 6128, 6124, 6127, 6129, 6129, 1723, 1719, 6130, 6124, 6129, 1719, 6131, 6129, 1719, 1715, 6131, 1715, 1713, 6131, 6132, 6129, 6131, 1713, 6132, 6131, 6129, 6132, 6130, 5951, 6132, 1713, 6130, 6133, 6124, 6133, 6130, 6132, 6125, 6124, 6133, 6134, 6133, 6132, 6133, 6134, 6125, 5951, 6134, 6132, 6134, 6126, 6125, 6134, 5951, 6135, 5951, 5950, 6135, 6136, 6134, 6135, 6136, 6135, 5950, 6134, 6136, 6126, 6136, 5950, 5953, 5953, 6137, 6136, 6138, 6137, 5953, 6138, 6136, 6137, 5953, 5955, 6138, 6139, 6136, 6138, 6138, 5955, 6139, 6136, 6139, 6140, 6136, 6140, 6126, 6141, 6139, 5955, 5960, 6141, 5955, 6141, 6142, 6139, 6142, 6140, 6139, 6141, 5960, 6143, 6142, 6141, 6143, 6143, 5960, 5962, 6140, 6142, 6144, 6142, 6143, 6145, 6145, 6144, 6142, 6143, 5962, 6146, 6145, 6143, 6146, 6146, 5962, 6147, 5970, 6147, 5962, 5970, 6146, 6147, 6140, 6144, 6148, 6148, 6126, 6140, 6146, 5970, 6149, 5971, 6149, 5970, 6148, 6150, 6126, 6144, 6150, 6148, 6149, 5971, 6151, 5971, 5973, 6151, 6149, 6152, 6146, 6145, 6146, 6152, 5973, 6153, 6151, 6153, 5973, 5979, 6151, 6154, 6149, 6151, 6153, 6154, 6152, 6149, 6154, 6152, 6155, 6145, 6152, 6154, 6155, 6155, 6144, 6145, 6155, 6156, 6144, 6156, 6150, 6144, 6157, 6156, 6155, 6157, 6150, 6156, 6157, 6155, 6154, 6126, 6150, 6158, 6126, 6158, 6121, 6159, 6150, 6157, 6158, 6150, 6159, 6160, 6121, 6158, 6158, 6159, 6160, 6121, 6160, 6119, 6161, 6159, 6157, 6161, 6160, 6159, 6154, 6162, 6157, 6161, 6157, 6162, 6160, 6163, 6119, 6119, 6163, 6118, 6160, 6161, 6164, 6160, 6164, 6163, 6118, 6163, 6165, 6163, 6164, 6165, 6118, 6165, 6166, 6166, 6088, 6118, 5988, 6165, 6164, 6166, 6167, 6088, 5988, 5992, 6165, 5988, 6164, 5982, 6165, 5992, 6168, 6168, 6166, 6165, 6168, 5992, 6088, 6168, 6167, 6166, 6088, 6167, 6168, 5982, 6164, 6169, 6164, 6161, 6169, 5982, 6169, 5981, 6170, 6169, 6161, 5981, 6169, 6170, 6170, 6161, 6162, 6170, 6171, 5981, 5981, 6171, 5979, 6162, 6172, 6170, 6172, 6171, 6170, 6172, 5979, 6171, 6162, 6154, 6172, 6172, 6153, 5979, 6153, 6172, 6154, 6173, 6174, 6175, 6173, 6175, 6176, 6177, 6174, 6173, 6173, 6176, 6178, 6179, 6178, 6176, 6173, 6180, 6177, 6178, 6180, 6173, 6178, 6179, 6181, 6182, 6181, 6179, 6177, 6180, 6183, 6184, 6181, 6182, 6184, 6182, 6185, 6183, 6186, 6177, 6187, 6177, 6186, 6185, 6188, 6184, 6181, 6184, 6188, 6185, 6189, 6188, 6189, 6185, 6190, 6188, 6191, 6181, 6178, 6181, 6191, 6189, 6190, 6192, 6190, 6193, 6192, 6194, 6188, 6189, 6189, 6192, 6194, 6191, 6188, 6195, 6194, 6195, 6188, 6178, 6191, 6196, 6178, 6196, 6180, 6197, 6191, 6195, 6191, 6197, 6196, 6194, 6198, 6195, 6197, 6195, 6198, 6196, 6199, 6180, 6180, 6199, 6183, 6183, 6199, 6186, 6200, 6196, 6197, 6201, 6186, 6199, 6202, 6196, 6200, 6196, 6202, 6199, 6186, 6201, 6203, 6187, 6186, 6203, 6204, 6201, 6199, 6203, 6201, 6204, 6205, 6199, 6202, 6199, 6205, 6204, 6206, 6187, 6203, 6206, 6207, 6187, 6207, 6206, 6208, 6203, 6204, 6209, 6206, 6203, 6210, 6210, 6203, 6209, 6208, 6206, 6211, 6206, 6210, 6211, 6209, 6204, 6212, 6212, 6204, 6205, 6210, 6209, 6213, 6209, 6212, 6213, 6211, 6210, 6214, 6210, 6213, 6214, 6215, 6208, 6211, 6208, 6215, 6216, 6215, 6211, 6217, 6214, 6217, 6211, 6216, 6215, 6218, 6218, 6215, 6217, 6216, 6218, 6219, 6219, 6218, 6220, 6220, 6221, 6219, 6220, 6218, 6222, 6222, 6221, 6220, 6218, 6217, 6222, 6221, 6222, 6223, 6217, 6223, 6222, 6221, 6223, 6224, 6225, 6221, 6224, 6226, 6225, 6224, 6223, 6226, 6224, 6225, 6226, 43, 6227, 43, 6226, 6227, 42, 43, 76, 42, 6227, 6223, 6228, 6226, 6228, 6227, 6226, 6229, 76, 6227, 6227, 6228, 6230, 6230, 6229, 6227, 76, 6229, 6231, 6231, 6229, 6230, 6231, 79, 76, 6232, 6231, 6230, 6231, 6232, 79, 6232, 6230, 6228, 78, 79, 6232, 6228, 6223, 6233, 6233, 6232, 6228, 6234, 6233, 6223, 6217, 6234, 6223, 6232, 6233, 6235, 6233, 6234, 6235, 78, 6232, 6236, 6236, 6232, 6235, 6236, 77, 78, 6237, 6234, 6217, 6217, 6214, 6237, 6234, 6238, 6235, 6238, 6234, 6237, 6237, 6214, 6239, 6237, 6239, 6238, 6239, 6214, 6213, 6240, 6235, 6238, 6235, 6240, 6236, 6238, 6239, 6241, 6241, 6240, 6238, 6213, 6242, 6239, 6213, 6212, 6242, 6241, 6239, 6243, 6239, 6242, 6243, 6244, 6242, 6212, 6243, 6242, 6244, 6205, 6244, 6212, 6245, 6241, 6243, 6241, 6245, 6240, 6243, 6244, 6246, 6243, 6246, 6245, 6247, 6244, 6205, 6205, 6202, 6247, 6248, 6246, 6244, 6248, 6244, 6247, 6247, 6202, 6249, 6249, 6202, 6200, 6247, 6250, 6248, 6249, 6200, 6251, 6200, 6197, 6251, 6247, 6249, 6252, 6250, 6247, 6252, 6253, 6249, 6251, 6249, 6253, 6252, 6197, 6254, 6251, 6251, 6254, 6253, 6197, 6198, 6254, 6252, 6253, 6255, 6255, 6253, 6254, 6256, 6252, 6255, 6250, 6252, 6256, 6257, 6255, 6254, 6255, 6258, 6256, 6255, 6257, 6258, 6259, 6250, 6256, 6256, 6258, 6259, 6254, 6260, 6257, 6254, 6198, 6260, 6257, 6261, 6258, 6198, 6262, 6260, 6260, 6263, 6257, 6262, 6263, 6260, 6257, 6264, 6261, 6257, 6263, 6264, 6265, 6262, 6198, 6194, 6265, 6198, 6265, 6194, 6266, 6262, 6265, 6266, 6266, 6194, 6192, 6262, 6267, 6263, 6268, 6266, 6192, 6192, 6193, 6268, 6262, 6266, 6269, 6262, 6269, 6267, 6193, 6270, 6268, 6193, 6271, 6270, 6271, 6272, 6270, 6266, 6268, 6273, 6268, 6270, 6273, 6269, 6266, 6273, 6272, 6274, 6270, 6270, 6274, 6273, 6272, 6275, 6274, 6273, 6274, 6276, 6275, 6276, 6274, 6273, 6277, 6269, 6275, 6278, 6276, 6276, 6279, 6273, 6279, 6276, 6278, 6279, 6277, 6273, 6275, 6280, 6278, 6275, 6281, 6280, 6278, 6282, 6279, 6278, 6280, 6282, 6281, 6283, 6280, 6282, 6284, 6279, 6284, 6277, 6279, 6280, 6285, 6282, 6284, 6282, 6285, 6286, 6280, 6283, 6280, 6286, 6285, 6287, 6286, 6283, 6283, 6288, 6287, 6289, 6286, 6287, 6290, 6287, 6288, 6289, 6287, 6290, 6291, 6286, 6289, 6289, 6290, 6291, 6286, 6291, 6285, 6292, 6290, 6288, 6288, 6293, 6292, 6290, 6294, 6291, 6291, 6295, 6285, 6295, 6291, 6294, 6285, 6295, 6296, 6284, 6285, 6296, 6290, 6297, 6294, 6292, 6297, 6290, 6284, 6296, 6298, 6299, 6297, 6292, 6298, 6300, 6284, 6277, 6284, 6300, 6292, 6301, 6299, 6293, 6301, 6292, 6277, 6300, 6302, 6302, 6300, 6298, 6293, 6303, 6301, 6304, 6303, 6293, 6304, 6305, 6303, 6301, 6306, 6299, 6299, 6306, 6297, 6306, 6301, 6307, 6307, 6301, 6303, 6297, 6306, 6308, 6308, 6306, 6307, 6303, 6305, 6309, 6297, 6308, 6310, 6310, 6294, 6297, 6311, 6303, 6309, 6303, 6311, 6307, 6305, 6312, 6309, 6312, 6311, 6309, 6305, 6313, 6312, 6307, 6311, 6314, 6313, 6315, 6312, 6315, 6313, 6316, 6317, 6311, 6312, 6311, 6317, 6314, 6318, 6312, 6315, 6315, 6316, 6318, 6318, 6319, 6312, 6312, 6319, 6317, 6316, 6320, 6318, 6320, 6319, 6318, 6321, 6320, 6316, 6321, 6322, 6320, 6322, 6321, 6323, 6322, 6324, 6320, 6324, 6322, 6323, 6319, 6320, 6324, 6323, 6325, 6324, 6323, 6326, 6325, 6325, 6326, 6327, 6326, 6328, 6327, 6325, 6329, 6324, 6329, 6325, 6327, 6330, 6324, 6329, 6330, 6329, 6327, 6327, 6328, 6331, 6327, 6331, 6330, 6328, 6332, 6331, 6328, 1872, 6332, 6331, 6332, 1872, 1872, 1869, 6331, 1873, 6331, 1869, 6331, 6333, 6330, 6333, 6331, 1873, 6334, 6324, 6330, 6334, 6330, 6333, 6324, 6334, 6335, 6324, 6335, 6319, 6334, 6333, 6336, 6319, 6335, 6337, 6317, 6319, 6337, 6338, 6335, 6334, 6334, 6336, 6338, 6317, 6337, 6339, 6317, 6339, 6314, 6337, 6335, 6340, 6340, 6339, 6337, 6335, 6338, 6341, 6335, 6341, 6340, 6341, 6338, 6070, 6340, 6341, 6070, 6338, 6336, 6070, 6063, 6340, 6070, 6339, 6340, 6063, 6060, 6339, 6063, 6339, 6060, 6064, 6314, 6339, 6064, 6336, 6342, 6070, 6333, 6342, 6336, 6342, 6071, 6070, 6343, 6314, 6064, 6307, 6314, 6343, 6308, 6307, 6343, 6064, 6308, 6343, 6066, 6308, 6064, 6310, 6308, 6066, 6310, 6066, 6068, 6068, 6344, 6310, 6294, 6310, 6344, 6345, 6294, 6344, 6068, 6345, 6344, 6295, 6294, 6345, 6346, 6345, 6068, 6346, 6068, 6047, 6295, 6345, 6347, 6347, 6296, 6295, 6348, 6345, 6346, 6347, 6345, 6348, 6349, 6346, 6047, 6346, 6349, 6348, 6349, 6047, 6023, 6349, 6023, 6350, 6348, 6349, 6350, 6350, 6023, 6026, 6348, 6350, 6351, 6350, 6026, 6351, 6347, 6348, 6351, 6028, 6351, 6026, 6352, 6296, 6347, 6347, 6351, 6352, 6298, 6296, 6352, 6028, 6353, 6351, 6352, 6351, 6353, 6352, 6353, 6298, 6030, 6353, 6028, 6302, 6298, 6353, 6030, 6354, 6353, 6302, 6353, 6354, 6354, 6030, 6355, 6302, 6354, 6355, 6355, 6030, 6356, 6030, 6016, 6356, 6302, 6355, 6357, 6016, 6358, 6356, 6359, 6355, 6356, 6357, 6355, 6359, 6360, 6358, 6016, 6016, 641, 6360, 6361, 6356, 6358, 6359, 6356, 6361, 6362, 6360, 641, 6362, 641, 632, 6358, 6360, 6363, 6360, 6362, 6363, 6361, 6358, 6363, 6364, 6362, 632, 6362, 6364, 6363, 632, 6365, 6364, 632, 617, 6365, 617, 615, 6365, 6366, 6363, 6364, 615, 6367, 6365, 6367, 615, 613, 6365, 6368, 6364, 6365, 6367, 6368, 6368, 6366, 6364, 6363, 6369, 6361, 6363, 6366, 6369, 6370, 6361, 6369, 6359, 6361, 6370, 6371, 6369, 6366, 6370, 6264, 6359, 6264, 6357, 6359, 6261, 6264, 6370, 6263, 6357, 6264, 6372, 6261, 6370, 6372, 6370, 6369, 6258, 6261, 6372, 6373, 6357, 6263, 6373, 6302, 6357, 6263, 6267, 6373, 6277, 6302, 6373, 6269, 6373, 6267, 6269, 6277, 6373, 6372, 6374, 6258, 6259, 6258, 6374, 6375, 6372, 6369, 6374, 6372, 6375, 6371, 6375, 6369, 6259, 6374, 6376, 6376, 6374, 6375, 6375, 6371, 6377, 6376, 6375, 6377, 6378, 6259, 6376, 6378, 6250, 6259, 6376, 6377, 6379, 6379, 6378, 6376, 6380, 6250, 6378, 6248, 6250, 6380, 6379, 6381, 6378, 6382, 6248, 6380, 6380, 6378, 6382, 6382, 6378, 6381, 6248, 6382, 6246, 6379, 6383, 6381, 6383, 6379, 6377, 6381, 6383, 6384, 6384, 6382, 6381, 6377, 6385, 6383, 6383, 6385, 6384, 6386, 6377, 6371, 6385, 6377, 6386, 6386, 6371, 6366, 6366, 6368, 6386, 6368, 6387, 6386, 6387, 6368, 6367, 6388, 6385, 6386, 6387, 6388, 6386, 6384, 6385, 6389, 6388, 6387, 6390, 6384, 6389, 6391, 6384, 6391, 6382, 6388, 6392, 6385, 6389, 6385, 6392, 6388, 6390, 6393, 6388, 6393, 6392, 6390, 6387, 6394, 6367, 6394, 6387, 6395, 6393, 6390, 6390, 6394, 6395, 6396, 6392, 6393, 6396, 6393, 6395, 6396, 6397, 6392, 6395, 6397, 6396, 6389, 6392, 6397, 6394, 6398, 6395, 6367, 6399, 6394, 6398, 6394, 6399, 6399, 6367, 613, 6395, 6398, 6400, 6398, 6399, 6400, 6399, 613, 6401, 604, 6401, 613, 6400, 6399, 6402, 6402, 6399, 6401, 6400, 6403, 6395, 6395, 6403, 6397, 6402, 6404, 6400, 6403, 6400, 6405, 6404, 6405, 6400, 6406, 6404, 6402, 6401, 6406, 6402, 6407, 6405, 6404, 6407, 6404, 6406, 6401, 604, 6408, 6408, 604, 554, 554, 549, 6408, 6401, 6408, 6409, 6408, 549, 6409, 6406, 6401, 6409, 6406, 6409, 6410, 6409, 549, 6410, 6407, 6406, 6410, 6411, 6410, 549, 548, 6411, 549, 6407, 6410, 6412, 6412, 6410, 6411, 6412, 6413, 6407, 6407, 6413, 6405, 6411, 548, 6414, 548, 542, 6414, 6405, 6413, 6415, 6405, 6415, 6403, 6416, 6413, 6412, 6403, 6415, 6417, 6403, 6417, 6397, 6415, 6413, 6418, 6416, 6418, 6413, 6415, 6419, 6417, 6415, 6418, 6419, 6420, 6397, 6417, 6417, 6419, 6420, 6416, 6412, 6421, 6412, 6411, 6421, 6421, 6422, 6416, 6416, 6422, 6418, 6421, 6411, 6423, 6423, 6411, 6414, 6424, 6422, 6421, 6423, 6424, 6421, 6424, 6425, 6422, 6425, 6424, 6423, 6414, 512, 6423, 6425, 6423, 512, 512, 6414, 6426, 542, 6426, 6414, 6425, 512, 499, 6426, 542, 6427, 6427, 512, 6426, 6427, 542, 510, 510, 512, 6427, 6425, 499, 485, 6428, 6425, 485, 6428, 485, 117, 6425, 6428, 6429, 117, 6429, 6428, 6422, 6425, 6429, 6429, 117, 113, 6422, 6429, 6430, 6429, 113, 6430, 6422, 6430, 6418, 113, 110, 6430, 6431, 6430, 110, 6418, 6430, 6431, 112, 6431, 110, 6432, 6418, 6431, 6432, 6419, 6418, 6431, 112, 6433, 6432, 6431, 6433, 6419, 6432, 6420, 6433, 112, 6434, 112, 106, 6434, 6435, 6432, 6433, 6433, 6434, 6435, 106, 6436, 6434, 6436, 6435, 6434, 106, 95, 6436, 6437, 6432, 6435, 6437, 6420, 6432, 6437, 6435, 6438, 6435, 6436, 6438, 6437, 6439, 6420, 6438, 6439, 6437, 6436, 95, 6440, 83, 6440, 95, 6438, 6436, 6441, 6439, 6438, 6441, 6436, 6440, 6442, 6441, 6436, 6442, 6443, 6440, 83, 6443, 6442, 6440, 81, 6443, 83, 6444, 6441, 6442, 6443, 6444, 6442, 6439, 6441, 6445, 6441, 6444, 6445, 6443, 81, 6446, 77, 6446, 81, 6444, 6443, 6447, 6446, 6447, 6443, 6446, 77, 6448, 6236, 6448, 77, 6449, 6447, 6446, 6448, 6449, 6446, 6236, 6450, 6448, 6448, 6450, 6449, 6450, 6236, 6240, 6240, 6245, 6450, 6450, 6451, 6449, 6245, 6451, 6450, 6452, 6447, 6449, 6451, 6452, 6449, 6453, 6447, 6452, 6453, 6444, 6447, 6451, 6454, 6452, 6452, 6454, 6453, 6245, 6455, 6451, 6451, 6455, 6454, 6246, 6455, 6245, 6382, 6455, 6246, 6453, 6456, 6444, 6453, 6454, 6456, 6445, 6444, 6456, 6454, 6455, 6457, 6456, 6454, 6457, 6382, 6457, 6455, 6445, 6456, 6457, 6457, 6382, 6391, 6458, 6445, 6457, 6391, 6458, 6457, 6439, 6445, 6458, 6391, 6389, 6458, 6420, 6439, 6458, 6458, 6389, 6397, 6397, 6420, 6458, 6079, 6075, 6459, 6459, 6093, 6079, 6073, 6459, 6075, 6093, 6459, 6460, 6460, 6097, 6093, 6097, 6460, 6104, 6461, 6459, 6073, 6071, 6461, 6073, 6342, 6461, 6071, 6462, 6460, 6459, 6461, 6462, 6459, 6342, 6463, 6461, 6463, 6462, 6461, 6463, 6342, 6333, 6463, 6333, 6464, 6464, 6462, 6463, 6333, 1873, 6464, 6465, 6460, 6462, 6465, 6104, 6460, 6462, 6464, 6466, 1873, 6466, 6464, 6465, 6462, 6466, 1871, 6466, 1873, 6104, 6465, 6467, 6467, 6465, 6466, 6466, 1871, 6467, 6104, 6467, 1797, 1797, 6467, 1871, 5367, 5372, 6468, 5390, 6468, 5372, 5363, 5367, 6468, 5390, 5409, 6468, 6468, 6469, 5363, 6468, 5409, 6470, 6470, 6469, 6468, 6469, 6470, 5409, 5409, 5422, 6469, 5363, 6469, 5364, 5364, 6469, 5422, 5420, 5364, 5422, 5420, 6471, 5364, 6472, 5364, 6471, 6472, 5359, 5364, 5420, 6473, 6471, 6472, 6474, 5359, 6474, 5352, 5359, 6472, 6471, 6475, 6472, 6475, 6474, 6473, 6475, 6471, 6476, 5352, 6474, 5352, 6476, 5350, 6474, 6475, 6477, 6474, 6477, 6476, 6476, 5353, 5350, 6478, 6477, 6475, 6475, 6473, 6478, 6477, 6479, 6476, 6477, 6478, 6479, 6479, 6480, 6476, 6479, 6478, 6481, 6480, 6479, 6481, 6476, 6480, 6482, 6480, 6481, 6482, 6483, 5353, 6476, 6483, 6476, 6482, 6483, 6484, 5353, 5355, 5353, 6484, 5516, 5355, 6484, 6484, 6485, 5516, 6485, 6484, 6483, 6485, 5498, 5516, 6486, 5498, 6485, 5498, 6486, 5491, 6483, 6487, 6485, 6485, 6487, 6486, 5491, 6486, 6487, 6483, 6482, 6487, 5489, 5491, 6487, 5489, 6487, 6488, 6482, 6488, 6487, 5489, 6488, 5454, 6488, 6482, 5454, 5454, 6482, 6489, 6482, 6481, 6489, 6489, 6490, 5454, 5449, 5454, 6490, 6481, 6491, 6489, 6478, 6491, 6481, 6492, 6490, 6489, 6491, 6492, 6489, 5449, 6490, 6493, 6490, 6492, 6493, 6491, 6493, 6492, 5437, 5449, 6493, 5433, 5437, 6493, 6493, 6494, 5433, 6491, 6494, 6493, 5419, 5433, 6494, 6491, 6495, 6494, 5419, 6494, 6495, 6491, 6478, 6495, 6478, 6473, 6495, 6496, 5419, 6495, 6496, 6495, 6473, 6496, 5416, 5419, 5420, 6496, 6473, 6496, 5420, 5416, 3521, 3517, 6497, 3515, 6497, 3517, 3521, 6497, 3566, 6498, 6497, 3515, 6498, 3515, 3510, 6499, 3566, 6497, 6498, 3510, 6500, 6500, 3510, 3512, 6497, 6498, 6501, 6497, 6501, 6499, 6498, 6500, 6501, 6502, 3566, 6499, 6499, 6501, 6502, 3566, 6502, 6503, 3568, 3566, 6503, 6500, 6504, 6501, 6505, 3568, 6503, 3568, 6505, 3570, 6504, 6500, 6506, 6500, 3512, 6506, 6501, 6504, 6507, 6501, 6507, 6502, 6504, 6506, 6508, 6504, 6508, 6507, 3512, 6509, 6506, 3511, 6509, 3512, 6506, 6510, 6508, 6510, 6506, 6509, 3511, 6511, 6509, 6509, 6512, 6510, 6511, 6512, 6509, 6510, 6513, 6508, 6510, 6512, 6514, 6510, 6514, 6513, 6511, 6515, 6512, 6512, 6515, 6514, 6511, 3511, 6516, 3505, 6516, 3511, 6517, 6515, 6511, 6517, 6511, 6516, 3505, 6518, 6516, 3505, 3508, 6518, 6516, 6519, 6517, 6515, 6517, 6519, 6516, 6518, 6520, 6519, 6516, 6521, 6516, 6520, 6521, 3508, 6522, 6518, 6518, 6522, 6520, 6521, 6520, 6523, 6520, 6522, 6523, 6521, 6523, 6519, 6522, 3508, 6524, 3508, 3503, 6524, 6522, 6525, 6523, 3503, 6526, 6524, 6525, 6522, 6527, 6522, 6524, 6527, 6524, 6526, 6528, 6528, 6527, 6524, 6529, 6526, 3503, 3501, 6529, 3503, 6528, 6526, 6530, 6530, 6527, 6528, 6530, 6526, 6529, 6525, 6527, 6531, 6530, 6531, 6527, 6525, 6531, 6532, 6525, 6532, 6523, 6531, 6530, 6533, 6529, 6534, 6530, 6530, 6534, 6533, 6534, 6529, 6535, 3501, 6536, 6529, 6535, 6529, 6536, 6536, 3501, 3496, 6535, 6537, 6534, 6537, 6533, 6534, 6536, 6538, 6535, 6538, 6537, 6535, 3496, 6539, 6536, 3496, 3494, 6539, 3494, 3484, 6539, 6540, 6538, 6536, 6539, 6540, 6536, 6541, 6538, 6540, 6539, 6541, 6540, 6542, 6539, 3484, 6542, 6541, 6539, 6543, 6542, 3484, 3485, 6543, 3484, 6542, 6544, 6541, 6544, 6542, 6543, 6538, 6541, 6545, 6538, 6545, 6537, 3485, 6546, 6543, 6546, 3485, 3488, 3488, 4368, 6546, 6543, 6546, 6547, 6543, 6547, 6544, 6548, 6546, 4368, 6548, 6547, 6546, 4368, 4414, 6548, 6544, 6547, 6549, 6549, 6547, 6548, 6544, 6550, 6541, 6549, 6550, 6544, 6545, 6541, 6550, 6548, 6551, 6549, 6550, 6549, 6551, 4414, 6552, 6548, 6548, 6552, 6551, 4417, 6552, 4414, 6550, 6551, 6553, 6553, 6551, 6552, 6545, 6550, 6554, 6545, 6554, 6537, 6550, 6553, 6555, 6554, 6556, 6537, 6537, 6556, 6533, 6550, 6557, 6554, 6550, 6555, 6557, 6554, 6557, 6558, 6558, 6556, 6554, 6559, 6558, 6557, 6557, 6555, 6559, 6556, 6558, 6560, 6558, 6559, 6560, 6533, 6556, 6561, 6556, 6560, 6561, 6531, 6533, 6561, 6531, 6561, 6562, 6561, 6560, 6562, 6532, 6531, 6562, 6532, 6562, 6563, 6562, 6560, 6564, 6562, 6564, 6563, 6532, 6563, 6565, 6565, 6523, 6532, 6563, 6564, 6566, 6567, 6565, 6563, 6563, 6566, 6567, 6568, 6523, 6565, 6569, 6566, 6564, 6569, 6567, 6566, 6568, 6570, 6523, 6570, 6519, 6523, 6565, 6571, 6568, 6565, 6567, 6571, 6572, 6519, 6570, 6515, 6519, 6572, 6570, 6568, 6573, 6572, 6570, 6573, 6515, 6572, 6574, 6574, 6572, 6573, 6515, 6574, 6575, 6575, 6574, 6573, 6515, 6575, 6514, 6568, 6576, 6573, 6576, 6568, 6571, 6577, 6575, 6573, 6573, 6576, 6578, 6573, 6578, 6577, 6514, 6575, 6579, 6575, 6577, 6579, 6514, 6579, 6580, 6513, 6514, 6580, 6579, 6577, 6581, 6581, 6580, 6579, 6582, 6577, 6578, 6580, 6583, 6513, 6508, 6513, 6583, 6577, 6582, 6584, 6581, 6577, 6584, 6585, 6582, 6578, 6585, 6578, 6576, 6584, 6582, 6586, 6585, 6576, 6587, 6576, 6571, 6587, 6582, 6588, 6586, 6585, 6588, 6582, 6589, 6584, 6586, 6589, 6586, 6588, 6590, 6581, 6584, 6585, 6591, 6588, 6590, 6592, 6581, 6580, 6581, 6592, 6590, 6584, 6593, 6584, 6589, 6593, 6594, 6580, 6592, 6594, 6583, 6580, 6592, 6590, 6595, 6595, 6590, 6593, 6592, 6596, 6594, 6597, 6592, 6595, 6597, 6596, 6592, 6583, 6594, 6598, 6598, 6594, 6596, 6598, 6599, 6583, 6600, 6598, 6596, 6600, 6599, 6598, 6601, 6583, 6599, 6599, 6600, 6601, 6583, 6601, 6508, 6601, 6507, 6508, 6600, 6596, 6602, 6597, 6602, 6596, 6603, 6507, 6601, 6507, 6603, 6502, 6603, 6601, 6604, 6502, 6603, 6605, 6605, 6603, 6604, 6503, 6502, 6605, 6503, 6605, 6505, 6601, 6606, 6604, 6600, 6606, 6601, 6605, 6604, 6607, 6604, 6606, 6607, 6505, 6605, 6608, 6605, 6607, 6608, 6606, 6600, 6609, 6602, 6609, 6600, 6607, 6606, 6610, 6609, 6610, 6606, 6607, 6610, 6611, 6608, 6607, 6611, 6609, 6612, 6610, 6613, 6611, 6610, 6613, 6610, 6612, 6611, 6613, 6614, 6613, 6612, 6614, 6608, 6611, 6615, 6611, 6614, 6615, 6608, 6616, 6505, 6616, 3570, 6505, 6617, 6616, 6608, 3570, 6616, 6617, 6608, 6618, 6617, 6618, 6608, 6615, 3570, 6617, 6619, 6617, 6618, 6619, 6619, 3573, 3570, 6619, 6618, 6620, 6619, 6620, 3573, 6618, 6615, 6621, 6620, 6618, 6621, 6622, 6621, 6615, 6614, 6622, 6615, 3573, 6620, 6623, 6623, 3572, 3573, 6624, 6622, 6614, 3572, 6623, 6625, 3572, 6625, 3574, 6623, 6620, 6626, 6625, 6623, 6626, 6621, 6627, 6620, 6628, 6621, 6622, 6628, 6627, 6621, 6622, 6624, 6628, 6620, 6627, 6629, 6629, 6626, 6620, 6627, 6628, 6630, 6630, 6629, 6627, 6631, 6625, 6626, 6626, 6629, 6632, 6632, 6631, 6626, 6625, 6631, 6633, 6633, 3574, 6625, 6631, 6632, 6634, 6631, 6634, 6633, 6632, 6629, 6635, 6632, 6635, 6634, 6635, 6629, 6636, 6629, 6630, 6636, 6637, 6634, 6635, 6635, 6636, 6637, 6633, 6634, 6638, 6638, 6634, 6637, 3574, 6633, 6639, 6639, 3577, 3574, 6638, 6640, 6633, 6633, 6640, 6639, 3577, 6639, 6641, 3577, 6641, 3579, 3589, 3579, 6641, 6642, 6639, 6640, 6643, 3589, 6641, 3590, 3589, 6643, 6643, 6644, 3590, 6639, 6645, 6641, 6645, 6643, 6641, 6646, 6639, 6642, 6639, 6646, 6645, 6643, 6647, 6644, 6647, 6648, 6644, 6649, 6643, 6645, 6643, 6649, 6647, 6649, 6645, 6650, 6649, 6651, 6647, 6649, 6650, 6651, 6645, 6652, 6650, 6650, 6652, 6651, 6645, 6646, 6653, 6645, 6653, 6652, 6646, 6654, 6653, 6646, 6642, 6654, 6652, 6653, 6655, 6656, 6654, 6642, 6654, 6656, 6653, 6640, 6656, 6642, 6653, 6656, 6655, 6640, 6638, 6656, 6657, 6652, 6655, 6652, 6657, 6651, 6656, 6658, 6655, 6657, 6655, 6658, 6656, 6638, 6659, 6656, 6659, 6658, 6638, 6637, 6659, 6651, 6657, 6660, 6660, 6647, 6651, 6661, 6657, 6658, 6662, 6647, 6660, 6647, 6662, 6648, 6663, 6657, 6661, 6648, 6662, 6664, 6648, 6664, 6665, 6665, 6664, 6666, 6667, 6660, 6657, 6667, 6657, 6663, 6668, 6662, 6660, 6660, 6667, 6668, 6664, 6662, 6669, 6662, 6668, 6669, 6666, 6664, 6670, 6664, 6669, 6670, 6669, 6668, 6671, 6668, 6667, 6671, 6672, 6669, 6671, 6672, 6670, 6669, 6671, 6667, 6673, 6671, 6673, 6672, 6673, 6667, 6674, 6663, 6674, 6667, 6673, 6675, 6672, 6663, 6676, 6674, 6674, 6677, 6673, 6674, 6676, 6677, 6673, 6677, 6675, 6678, 6676, 6663, 6678, 6663, 6661, 6658, 6678, 6661, 6658, 6679, 6678, 6659, 6679, 6658, 6678, 6680, 6676, 6679, 6680, 6678, 6676, 6681, 6677, 6676, 6680, 6681, 6682, 6680, 6679, 6659, 6682, 6679, 6682, 6683, 6680, 6681, 6680, 6684, 6680, 6683, 6684, 6659, 6685, 6682, 6682, 6685, 6683, 6681, 6684, 6686, 6681, 6687, 6677, 6681, 6686, 6687, 6677, 6687, 6688, 6675, 6677, 6688, 6689, 6688, 6687, 6675, 6688, 6690, 6689, 6690, 6688, 6691, 6689, 6687, 6690, 6689, 6691, 6687, 6686, 6692, 6687, 6692, 6691, 6686, 6693, 6692, 6692, 6693, 6691, 6684, 6694, 6686, 6686, 6695, 6693, 6686, 6694, 6695, 6694, 6684, 6696, 6683, 6696, 6684, 6694, 6697, 6695, 6697, 6694, 6696, 6698, 6693, 6695, 6683, 6699, 6696, 6685, 6699, 6683, 6693, 6698, 6700, 6691, 6693, 6700, 6698, 6695, 6701, 6701, 6700, 6698, 6702, 6695, 6697, 6701, 6695, 6702, 6697, 6703, 6702, 6702, 6704, 6701, 6704, 6702, 6703, 6703, 6697, 6705, 6697, 6696, 6705, 6703, 6706, 6704, 6705, 6706, 6703, 6696, 6707, 6705, 6699, 6707, 6696, 6706, 6708, 6704, 6699, 6709, 6707, 6707, 6709, 6705, 6704, 6708, 6710, 6710, 6701, 6704, 6706, 6711, 6708, 6708, 6711, 6710, 6705, 6712, 6706, 6711, 6706, 6712, 6705, 6713, 6712, 6709, 6713, 6705, 6712, 6713, 6714, 6709, 6714, 6713, 6714, 6715, 6712, 6712, 6715, 6716, 6712, 6716, 6711, 6714, 6717, 6715, 6715, 6717, 6716, 6714, 6709, 6718, 6718, 6717, 6714, 6719, 6718, 6709, 6720, 6719, 6709, 6699, 6720, 6709, 6718, 6719, 6721, 6720, 6699, 6722, 6723, 6719, 6720, 6721, 6719, 6723, 6722, 6699, 6724, 6685, 6724, 6699, 6685, 6722, 6724, 6722, 6725, 6720, 6723, 6720, 6725, 6722, 6685, 6726, 6725, 6722, 6726, 6659, 6726, 6685, 6725, 6726, 6727, 6727, 6723, 6725, 6659, 6728, 6726, 6728, 6727, 6726, 6729, 6728, 6659, 6637, 6729, 6659, 6728, 6729, 6637, 6723, 6727, 6730, 6731, 6728, 6637, 6637, 6636, 6731, 6630, 6731, 6636, 6732, 6727, 6728, 6728, 6731, 6732, 6630, 6733, 6731, 6733, 6732, 6731, 6630, 6734, 6733, 6630, 6628, 6734, 6733, 6735, 6732, 6727, 6732, 6735, 6734, 6735, 6733, 6735, 6730, 6727, 6628, 6736, 6734, 6736, 6735, 6734, 6736, 6628, 6624, 6730, 6735, 6737, 6737, 6723, 6730, 6737, 6721, 6723, 6736, 6738, 6735, 6737, 6735, 6738, 6736, 6624, 6739, 6739, 6738, 6736, 6624, 6740, 6739, 6739, 6740, 6738, 6741, 6740, 6624, 6614, 6741, 6624, 6614, 6612, 6741, 6741, 6742, 6740, 6740, 6742, 6738, 6612, 6743, 6741, 6743, 6742, 6741, 6612, 6609, 6743, 6744, 6743, 6609, 6744, 6742, 6743, 6609, 6602, 6744, 6745, 6742, 6744, 6602, 6746, 6744, 6744, 6747, 6745, 6747, 6742, 6745, 6744, 6746, 6747, 6742, 6747, 6748, 6748, 6738, 6742, 6602, 6749, 6746, 6602, 6597, 6749, 6750, 6747, 6746, 6749, 6750, 6746, 6748, 6747, 6751, 6738, 6748, 6751, 6747, 6750, 6752, 6747, 6752, 6751, 6749, 6753, 6750, 6752, 6750, 6754, 6750, 6753, 6754, 6751, 6752, 6755, 6756, 6755, 6752, 6752, 6754, 6756, 6751, 6755, 6757, 6758, 6755, 6756, 6758, 6757, 6755, 6759, 6751, 6757, 6751, 6759, 6738, 6757, 6758, 6760, 6759, 6757, 6760, 6738, 6759, 6761, 6761, 6737, 6738, 6737, 6761, 6721, 6761, 6759, 6721, 6721, 6759, 6762, 6762, 6759, 6760, 6721, 6762, 6760, 6721, 6760, 6718, 6760, 6763, 6718, 6760, 6758, 6763, 6763, 6717, 6718, 6763, 6758, 6764, 6764, 6717, 6763, 6765, 6758, 6756, 6758, 6765, 6764, 6765, 6756, 6754, 6766, 6717, 6764, 6766, 6764, 6767, 6764, 6765, 6767, 6717, 6766, 6768, 6766, 6767, 6768, 6717, 6768, 6716, 6765, 6769, 6767, 6716, 6768, 6770, 6716, 6770, 6711, 6768, 6767, 6771, 6767, 6769, 6771, 6768, 6772, 6770, 6765, 6773, 6769, 6768, 6774, 6772, 6768, 6771, 6774, 6775, 6773, 6765, 6754, 6775, 6765, 6776, 6775, 6754, 6754, 6777, 6776, 6776, 6777, 6775, 6753, 6777, 6754, 6778, 6775, 6777, 6775, 6778, 6773, 6753, 6779, 6777, 6780, 6778, 6777, 6779, 6780, 6777, 6780, 6781, 6778, 6782, 6779, 6753, 6749, 6782, 6753, 6779, 6783, 6780, 6780, 6783, 6781, 6784, 6782, 6749, 6597, 6784, 6749, 6784, 6597, 6785, 6785, 6597, 6595, 6595, 6784, 6785, 6595, 6593, 6784, 6784, 6593, 6782, 6593, 6786, 6782, 6786, 6593, 6589, 6782, 6787, 6779, 6786, 6788, 6782, 6782, 6788, 6787, 6787, 6789, 6779, 6788, 6789, 6787, 6789, 6783, 6779, 6786, 6790, 6788, 6790, 6786, 6589, 6788, 6791, 6789, 6788, 6790, 6791, 6789, 6792, 6783, 6791, 6792, 6789, 6793, 6790, 6589, 6589, 6588, 6793, 6793, 6588, 6591, 6791, 6790, 6794, 6793, 6794, 6790, 6791, 6795, 6792, 6794, 6795, 6791, 6792, 6796, 6783, 6795, 6796, 6792, 6783, 6796, 6781, 6794, 6797, 6795, 6781, 6796, 6798, 6781, 6798, 6778, 6793, 6799, 6794, 6794, 6799, 6797, 6591, 6799, 6793, 6797, 6800, 6795, 6795, 6800, 6796, 6799, 6801, 6797, 6797, 6801, 6800, 6802, 6799, 6591, 6801, 6803, 6800, 6799, 6804, 6801, 6804, 6803, 6801, 6805, 6799, 6802, 6799, 6806, 6804, 6799, 6805, 6806, 6585, 6805, 6591, 6807, 6591, 6805, 6585, 6587, 6805, 6805, 6587, 6806, 6808, 6807, 6805, 6802, 6808, 6805, 6807, 6808, 6809, 6808, 6802, 6809, 6806, 6810, 6804, 6803, 6804, 6810, 6587, 6811, 6806, 6811, 6810, 6806, 6587, 6812, 6811, 6812, 6587, 6813, 6571, 6813, 6587, 6571, 6567, 6813, 6813, 6814, 6812, 6814, 6811, 6812, 6567, 6815, 6813, 6815, 6814, 6813, 6569, 6815, 6567, 6815, 6816, 6814, 6816, 6815, 6569, 6811, 6814, 6816, 6816, 6569, 6817, 6818, 6811, 6816, 6817, 6569, 6819, 6817, 6820, 6816, 6819, 6820, 6817, 6816, 6821, 6818, 6816, 6820, 6821, 6569, 6822, 6819, 6564, 6822, 6569, 6564, 6560, 6822, 6822, 6823, 6819, 6560, 6824, 6822, 6823, 6822, 6824, 6824, 6560, 6825, 6559, 6825, 6560, 6824, 6826, 6823, 6826, 6824, 6825, 6823, 6827, 6819, 6823, 6826, 6827, 6819, 6827, 6820, 6828, 6826, 6825, 6827, 6829, 6820, 6829, 6821, 6820, 6830, 6828, 6825, 6559, 6830, 6825, 6828, 6831, 6826, 6831, 6828, 6830, 6831, 6832, 6826, 6559, 6833, 6830, 6555, 6833, 6559, 6831, 6830, 6834, 6832, 6831, 6834, 6834, 6830, 6833, 6835, 6826, 6832, 6835, 6827, 6826, 6836, 6832, 6834, 6836, 6835, 6832, 6827, 6835, 6837, 6827, 6837, 6829, 6838, 6837, 6835, 6837, 6838, 6829, 6839, 6835, 6836, 6838, 6835, 6839, 6834, 6840, 6836, 6836, 6840, 6839, 6840, 6834, 6841, 6842, 6841, 6834, 6833, 6842, 6834, 6833, 6841, 6842, 6843, 6839, 6840, 6841, 6843, 6840, 6833, 6844, 6841, 6843, 6845, 6839, 6833, 6846, 6844, 6841, 6844, 6847, 6846, 6847, 6844, 6841, 6848, 6843, 6847, 6848, 6841, 6849, 6846, 6833, 6833, 6555, 6849, 6553, 6849, 6555, 6553, 6850, 6849, 6846, 6849, 6850, 6552, 6850, 6553, 6552, 6851, 6850, 4417, 6851, 6552, 6851, 6852, 6850, 6852, 6851, 4417, 6850, 6852, 6853, 6850, 6853, 6846, 6852, 4417, 6854, 6853, 6852, 6854, 4418, 6854, 4417, 6855, 6846, 6853, 4418, 6856, 6854, 4418, 4419, 6856, 6854, 6857, 6853, 6856, 6857, 6854, 6858, 6853, 6857, 6853, 6858, 6855, 6859, 6857, 6856, 6858, 6857, 6859, 6855, 6860, 6846, 6846, 6860, 6847, 6860, 6855, 6861, 6861, 6847, 6860, 6861, 6855, 6858, 6847, 6861, 6862, 6847, 6862, 6848, 6862, 6861, 6848, 6858, 6859, 6863, 6858, 6864, 6861, 6858, 6863, 6864, 6861, 6865, 6848, 6861, 6864, 6866, 6867, 6848, 6865, 6848, 6867, 6843, 6861, 6868, 6865, 6861, 6866, 6868, 6868, 6867, 6865, 6869, 6866, 6864, 6866, 6869, 6868, 6864, 6863, 6869, 6870, 6867, 6868, 6869, 6871, 6868, 6868, 6871, 6870, 6863, 6872, 6869, 6871, 6869, 6873, 6873, 6869, 6872, 6870, 6871, 6874, 6875, 6871, 6873, 6874, 6876, 6870, 6870, 6876, 6867, 6871, 6875, 6877, 6877, 6874, 6871, 6878, 6877, 6875, 6875, 6873, 6878, 6879, 6874, 6877, 6877, 6878, 6879, 6874, 6880, 6876, 6874, 6879, 6880, 6867, 6876, 6881, 6867, 6881, 6882, 6882, 6843, 6867, 6843, 6882, 6845, 6881, 6876, 6883, 6883, 6882, 6881, 6884, 6845, 6882, 6839, 6845, 6884, 6882, 6883, 6885, 6884, 6882, 6885, 6839, 6884, 6886, 6839, 6886, 6838, 6885, 6887, 6884, 6883, 6887, 6885, 6886, 6884, 6888, 6884, 6887, 6888, 6838, 6886, 6889, 6888, 6889, 6886, 6838, 6889, 6890, 6838, 6890, 6829, 6891, 6889, 6888, 6889, 6891, 6890, 6829, 6890, 6892, 6890, 6891, 6892, 6893, 6829, 6892, 6821, 6829, 6893, 6893, 6892, 6821, 6891, 6888, 6894, 6892, 6891, 6894, 6821, 6892, 6895, 6818, 6821, 6895, 6896, 6818, 6895, 6896, 6811, 6818, 6892, 6897, 6895, 6811, 6896, 6898, 6811, 6898, 6810, 6895, 6899, 6896, 6896, 6899, 6898, 6897, 6899, 6895, 6898, 6900, 6810, 6899, 6901, 6898, 6898, 6901, 6900, 6810, 6900, 6902, 6900, 6901, 6902, 6810, 6902, 6803, 6903, 6901, 6899, 6901, 6903, 6902, 6899, 6904, 6903, 6899, 6897, 6904, 6903, 6904, 6905, 6905, 6904, 6897, 6906, 6902, 6903, 6903, 6905, 6906, 6902, 6907, 6803, 6908, 6902, 6906, 6908, 6907, 6902, 6803, 6907, 6909, 6803, 6909, 6800, 6907, 6908, 6910, 6909, 6907, 6910, 6800, 6909, 6911, 6911, 6796, 6800, 6909, 6910, 6912, 6909, 6912, 6911, 6912, 6910, 6913, 6912, 6913, 6911, 6914, 6796, 6911, 6796, 6914, 6798, 6914, 6911, 6915, 6798, 6914, 6916, 6778, 6798, 6916, 6916, 6773, 6778, 6914, 6915, 6917, 6914, 6917, 6916, 6911, 6918, 6915, 6918, 6911, 6913, 6919, 6917, 6915, 6915, 6918, 6919, 6917, 6919, 6920, 6919, 6918, 6921, 6920, 6919, 6921, 6917, 6920, 6922, 6916, 6917, 6922, 6920, 6921, 6923, 6922, 6920, 6923, 6773, 6916, 6924, 6916, 6922, 6924, 6773, 6924, 6925, 6922, 6925, 6924, 6769, 6773, 6925, 6769, 6925, 6771, 6922, 6923, 6926, 6922, 6927, 6925, 6927, 6922, 6926, 6928, 6926, 6923, 6921, 6928, 6923, 6926, 6929, 6927, 6926, 6928, 6929, 6925, 6927, 6930, 6921, 6931, 6928, 6931, 6921, 6918, 6925, 6930, 6932, 6927, 6933, 6930, 6932, 6930, 6933, 6927, 6929, 6933, 6925, 6932, 6934, 6771, 6925, 6934, 6932, 6935, 6934, 6935, 6932, 6933, 6771, 6934, 6936, 6936, 6934, 6935, 6771, 6936, 6774, 6936, 6935, 6774, 6937, 6935, 6933, 6774, 6935, 6937, 6937, 6933, 6938, 6774, 6937, 6939, 6938, 6939, 6937, 6774, 6939, 6940, 6774, 6940, 6941, 6941, 6772, 6774, 6772, 6941, 6942, 6942, 6941, 6940, 6772, 6942, 6770, 6943, 6940, 6939, 6942, 6940, 6943, 6943, 6939, 6944, 6945, 6942, 6943, 6943, 6944, 6945, 6946, 6770, 6942, 6946, 6947, 6770, 6947, 6711, 6770, 6711, 6947, 6946, 6942, 6948, 6946, 6942, 6945, 6948, 6711, 6946, 6949, 6949, 6946, 6948, 6949, 6948, 6945, 6949, 6710, 6711, 6949, 6945, 6950, 6710, 6949, 6951, 6951, 6949, 6950, 6952, 6950, 6945, 6945, 6944, 6952, 6953, 6951, 6950, 6950, 6952, 6954, 6955, 6953, 6950, 6950, 6954, 6955, 6952, 6956, 6954, 6954, 6956, 6955, 6957, 6952, 6944, 6956, 6952, 6957, 6953, 6955, 6958, 6955, 6956, 6959, 6959, 6958, 6955, 6957, 6960, 6956, 6960, 6959, 6956, 6953, 6958, 6961, 6951, 6953, 6961, 6957, 6962, 6960, 6963, 6951, 6961, 6710, 6951, 6963, 6957, 6944, 6964, 6957, 6964, 6962, 6965, 6710, 6963, 6710, 6965, 6701, 6701, 6965, 6966, 6963, 6966, 6965, 6700, 6701, 6966, 6966, 6963, 6967, 6961, 6967, 6963, 6966, 6968, 6700, 6968, 6966, 6967, 6700, 6968, 6969, 6691, 6700, 6969, 6691, 6969, 6970, 6968, 6970, 6969, 6691, 6970, 6690, 6968, 6967, 6971, 6968, 6971, 6970, 6967, 6961, 6972, 6967, 6972, 6971, 6973, 6972, 6961, 6973, 6961, 6958, 6974, 6970, 6971, 6974, 6690, 6970, 6975, 6973, 6958, 6959, 6975, 6958, 6690, 6974, 6976, 6973, 6975, 6977, 6976, 6974, 6978, 6978, 6974, 6971, 6977, 6975, 6979, 6959, 6979, 6975, 6980, 6973, 6977, 6972, 6973, 6980, 6977, 6979, 6981, 6982, 6972, 6980, 6980, 6977, 6983, 6981, 6983, 6977, 6982, 6980, 6984, 6984, 6972, 6982, 6984, 6980, 6983, 6984, 6971, 6972, 6984, 6985, 6971, 6971, 6985, 6978, 6984, 6986, 6985, 6978, 6985, 6986, 6983, 6987, 6984, 6978, 6986, 6988, 6989, 6986, 6984, 6989, 6988, 6986, 6989, 6984, 6987, 6990, 6978, 6988, 6976, 6978, 6990, 6690, 6976, 6990, 6988, 6989, 6991, 6990, 6988, 6991, 6989, 6987, 6992, 6987, 6993, 6992, 6993, 6987, 6983, 6989, 6992, 6994, 6992, 6993, 6994, 6995, 6989, 6994, 6991, 6989, 6995, 6983, 6996, 6993, 6983, 6981, 6996, 6993, 6997, 6994, 6993, 6996, 6998, 6998, 6997, 6993, 6995, 6994, 6999, 6994, 6997, 6999, 7000, 6997, 6998, 6998, 6996, 7001, 7000, 6998, 7001, 6997, 7000, 7002, 7000, 7001, 7002, 7003, 6997, 7002, 6997, 7003, 6999, 7002, 7001, 7004, 7005, 6999, 7003, 7005, 7003, 7006, 6999, 7005, 7007, 7006, 7003, 7008, 7009, 6999, 7007, 6999, 7009, 6995, 7003, 7002, 7010, 7003, 7010, 7008, 7002, 7004, 7010, 7011, 6995, 7009, 6991, 6995, 7011, 7012, 7009, 7007, 7012, 7011, 7009, 7013, 7012, 7007, 7014, 7012, 7013, 7015, 7011, 7012, 7014, 7015, 7012, 7015, 6991, 7011, 7016, 7015, 7014, 7016, 6991, 7015, 7016, 7014, 7017, 7018, 6991, 7016, 7018, 6990, 6991, 7019, 7016, 7017, 7020, 7019, 7017, 7021, 7019, 7020, 7016, 7022, 7018, 7019, 7022, 7016, 7023, 6990, 7018, 7022, 7023, 7018, 7019, 7021, 7024, 7024, 7022, 7019, 7025, 7024, 7021, 7023, 7022, 7026, 6990, 7023, 7026, 7026, 7022, 7024, 6990, 7026, 6690, 7027, 7024, 7025, 7028, 7027, 7025, 7028, 6666, 7027, 6666, 6670, 7027, 7029, 7026, 7024, 7027, 7029, 7024, 7030, 6690, 7026, 7029, 7030, 7026, 6675, 6690, 7030, 7027, 7031, 7029, 6670, 7031, 7027, 7032, 7030, 7029, 7031, 7032, 7029, 7032, 6675, 7030, 7032, 7031, 6670, 7032, 6672, 6675, 6672, 7032, 6670, 4419, 4421, 7033, 4419, 7033, 6856, 7033, 4421, 4429, 6856, 7033, 7034, 6856, 7034, 6859, 6863, 6859, 7034, 4429, 7035, 7033, 7035, 7034, 7033, 7035, 4429, 7036, 4429, 4440, 7036, 7037, 7035, 7036, 7036, 4440, 7037, 7035, 7037, 7034, 4440, 4445, 7037, 7034, 7038, 6863, 7034, 7037, 7038, 6863, 7038, 6872, 7037, 7039, 7038, 7038, 7039, 6872, 7037, 4445, 7040, 7037, 7040, 7039, 7040, 4445, 7041, 4445, 4447, 7041, 7040, 7042, 7039, 7041, 7042, 7040, 7043, 6872, 7039, 6872, 7043, 6873, 7044, 7043, 7039, 7043, 7044, 6873, 7042, 7044, 7039, 7044, 6878, 6873, 7045, 7042, 7041, 7042, 7045, 7044, 4447, 7046, 7041, 7041, 7046, 7045, 4447, 4449, 7046, 6878, 7044, 7047, 6879, 6878, 7047, 7045, 7048, 7044, 7047, 7044, 7048, 7045, 7046, 7049, 7045, 7049, 7048, 7046, 4449, 7049, 7050, 6879, 7047, 7050, 7047, 7051, 7050, 7051, 6879, 7047, 7048, 7051, 6879, 7051, 7052, 7051, 7048, 7053, 7051, 7053, 7052, 7052, 7054, 6879, 6880, 6879, 7054, 6880, 7054, 7052, 7048, 7055, 7053, 6880, 7052, 7056, 7048, 7057, 7055, 7057, 7048, 7049, 7057, 7049, 7055, 7056, 7058, 6880, 7058, 6876, 6880, 6876, 7058, 6883, 7056, 7052, 7059, 7056, 7059, 7058, 7052, 7053, 7060, 7052, 7060, 7059, 7053, 7055, 7061, 7053, 7061, 7060, 7055, 7062, 7061, 7055, 7049, 7062, 7060, 7061, 7063, 7049, 7064, 7062, 7060, 7065, 7059, 7066, 7064, 7049, 7049, 4449, 7066, 7065, 7060, 7067, 7060, 7063, 7067, 7068, 7059, 7065, 7065, 7067, 7068, 7059, 7068, 7069, 7059, 7069, 7058, 7069, 7068, 7070, 7058, 7069, 7070, 7067, 7071, 7068, 7070, 7068, 7071, 7058, 7070, 7072, 7058, 7072, 7073, 6883, 7058, 7073, 6887, 6883, 7073, 7072, 7070, 7074, 7074, 7073, 7072, 6887, 7073, 7075, 7075, 7073, 7074, 7075, 7076, 6887, 7074, 7070, 7077, 7070, 7071, 7077, 7078, 7076, 7075, 7078, 7075, 7074, 7079, 6887, 7076, 7079, 7076, 7078, 6887, 7079, 7080, 6888, 6887, 7080, 6888, 7080, 6894, 7081, 7079, 7078, 6894, 7080, 7082, 7083, 7080, 7079, 7083, 7082, 7080, 7081, 7083, 7079, 7082, 7083, 6894, 7081, 7078, 7084, 6894, 7083, 7085, 7084, 7078, 7086, 7078, 7074, 7086, 7087, 7081, 7084, 7088, 7086, 7074, 7074, 7077, 7088, 7089, 7084, 7086, 7088, 7089, 7086, 7089, 7087, 7084, 7077, 7090, 7088, 7081, 7087, 7091, 7083, 7081, 7091, 7089, 7092, 7087, 7087, 7092, 7091, 7089, 7088, 7093, 7088, 7090, 7093, 7089, 7093, 7092, 7077, 7094, 7090, 7094, 7093, 7090, 7077, 7071, 7094, 7093, 7095, 7092, 7071, 7096, 7094, 7095, 7093, 7097, 7071, 7098, 7096, 7067, 7098, 7071, 7093, 7099, 7097, 7093, 7094, 7099, 7097, 7099, 7095, 7098, 7067, 7100, 7100, 7067, 7063, 7098, 7101, 7096, 7100, 7101, 7098, 7101, 7102, 7096, 7100, 7102, 7101, 7096, 7103, 7094, 7096, 7102, 7103, 7063, 7104, 7100, 7061, 7104, 7063, 7100, 7105, 7102, 7104, 7105, 7100, 7106, 7104, 7061, 7062, 7106, 7061, 7105, 7104, 7107, 7106, 7062, 7108, 7062, 7064, 7108, 7109, 7104, 7106, 7109, 7107, 7104, 7106, 7110, 7109, 7109, 7110, 7107, 7108, 7111, 7106, 7111, 7110, 7106, 7064, 7112, 7108, 7112, 7111, 7108, 7064, 7113, 7112, 7066, 7113, 7064, 7113, 7114, 7112, 7113, 7066, 7115, 7115, 7114, 7113, 7066, 7116, 7115, 4449, 7116, 7066, 4449, 4444, 7116, 7116, 7117, 7115, 7116, 4444, 7117, 7117, 7114, 7115, 7117, 4444, 7118, 4444, 4456, 7118, 4456, 4457, 7118, 7117, 7119, 7114, 7118, 7119, 7117, 4457, 7120, 7118, 7119, 7121, 7114, 7114, 7121, 7112, 4457, 7122, 7120, 7120, 7122, 7118, 7119, 7118, 7122, 4457, 4460, 7122, 4460, 4467, 7122, 7122, 7123, 7119, 7119, 7123, 7121, 7122, 7124, 7123, 7123, 7124, 7121, 7125, 7122, 4467, 7122, 7125, 7124, 4467, 7126, 7125, 4467, 5223, 7126, 7127, 7124, 7125, 7124, 7127, 7121, 7126, 7128, 7125, 5223, 7128, 7126, 7127, 7125, 7128, 5223, 5221, 7128, 7127, 7129, 7121, 5221, 7130, 7128, 7130, 5221, 5284, 7128, 7131, 7127, 7130, 5284, 7132, 5284, 5308, 7132, 7133, 7128, 7130, 7133, 7130, 7132, 7128, 7133, 7131, 7134, 7132, 5308, 5308, 5309, 7134, 7132, 7134, 7135, 7135, 7133, 7132, 5309, 7136, 7134, 7135, 7134, 7136, 5309, 5333, 7136, 7137, 7133, 7135, 7135, 7136, 7138, 7139, 7133, 7137, 7135, 7138, 7140, 7135, 7140, 7137, 7141, 7133, 7139, 7131, 7133, 7141, 7139, 7137, 7142, 7141, 7139, 7142, 7142, 7137, 7140, 7131, 7141, 7143, 7143, 7141, 7144, 7131, 7143, 7144, 7141, 7142, 7144, 7127, 7131, 7145, 7145, 7131, 7144, 7129, 7127, 7145, 7129, 7145, 7144, 7146, 7129, 7144, 7129, 7146, 7121, 7121, 7146, 7112, 7112, 7146, 7111, 7147, 7146, 7144, 7146, 7147, 7111, 7144, 7148, 7147, 7147, 7148, 7111, 7144, 7149, 7148, 7144, 7142, 7149, 7111, 7148, 7150, 7110, 7111, 7150, 7149, 7151, 7148, 7148, 7151, 7150, 7149, 7152, 7151, 7151, 7152, 7150, 7149, 7142, 7152, 7110, 7150, 7153, 7152, 7153, 7150, 7110, 7153, 7107, 7154, 7152, 7142, 7107, 7153, 7155, 7107, 7155, 7105, 7142, 7156, 7154, 7142, 7140, 7156, 7152, 7154, 7157, 7154, 7156, 7157, 7158, 7152, 7157, 7153, 7152, 7158, 7157, 7156, 7159, 7157, 7159, 7158, 7153, 7158, 7160, 7158, 7159, 7160, 7153, 7160, 7155, 7140, 7161, 7156, 7156, 7161, 7159, 7140, 7138, 7161, 7136, 7161, 7138, 7161, 7136, 7162, 7136, 5333, 7162, 7163, 7161, 7162, 7159, 7161, 7163, 5333, 7164, 7162, 7162, 7165, 7163, 7162, 7164, 7165, 7166, 7164, 5333, 7166, 5333, 5334, 7167, 7164, 7166, 7164, 7167, 7165, 7166, 5334, 7167, 7163, 7165, 7168, 7167, 7168, 7165, 7168, 7159, 7163, 7167, 5334, 7169, 7168, 7167, 7170, 7169, 7170, 7167, 7168, 7170, 7171, 7172, 7169, 5334, 5334, 5339, 7172, 7173, 7170, 7169, 7170, 7173, 7171, 7172, 5339, 7174, 7174, 5339, 5337, 7174, 7175, 7172, 7174, 5337, 7176, 7174, 7176, 7175, 5536, 7176, 5337, 7177, 7172, 7175, 7169, 7172, 7177, 7178, 7175, 7176, 7177, 7175, 7178, 7179, 7176, 5536, 7176, 7179, 7178, 7179, 5536, 5539, 5548, 7179, 5539, 7178, 7179, 7180, 7180, 7179, 5548, 7177, 7178, 7181, 7181, 7178, 7180, 7169, 7177, 7181, 5548, 7182, 7180, 7182, 7181, 7180, 7169, 7181, 7183, 7169, 7183, 7173, 7181, 7182, 7184, 7185, 7183, 7181, 7181, 7184, 7185, 7186, 7173, 7183, 7171, 7173, 7186, 7185, 7187, 7183, 7186, 7183, 7187, 7185, 7184, 7188, 7188, 7187, 7185, 7182, 7189, 7184, 7189, 7182, 5548, 7188, 7184, 7190, 7189, 5548, 7191, 7191, 5548, 5552, 7192, 7184, 7189, 7190, 7184, 7192, 7193, 7191, 5552, 7193, 5552, 5550, 7192, 7194, 7190, 7192, 7189, 7194, 7195, 7191, 7193, 7191, 7195, 7189, 5550, 7196, 7193, 7193, 7196, 7195, 7197, 7189, 7195, 7189, 7197, 7194, 7195, 7196, 7198, 7198, 7197, 7195, 7199, 7196, 5550, 7199, 5550, 5549, 7198, 7196, 7200, 7199, 7200, 7196, 7198, 7201, 7197, 7202, 7198, 7200, 7201, 7198, 7202, 7194, 7197, 7203, 7203, 7197, 7201, 7204, 7194, 7203, 7194, 7204, 7190, 7190, 7204, 7188, 7205, 7203, 7201, 7205, 7204, 7203, 7204, 7206, 7188, 7187, 7188, 7206, 7207, 7204, 7205, 7206, 7204, 7207, 7205, 7201, 7208, 7202, 7208, 7201, 7209, 7187, 7206, 7210, 7208, 7202, 7211, 7187, 7209, 7187, 7211, 7186, 7206, 7212, 7209, 7212, 7206, 7207, 7211, 7209, 7213, 7213, 7186, 7211, 7209, 7212, 7214, 7215, 7186, 7213, 7216, 7213, 7209, 7215, 7213, 7216, 7209, 7217, 7216, 7217, 7209, 7214, 7216, 7217, 7218, 7217, 7214, 7218, 7219, 7215, 7216, 7219, 7216, 7218, 7186, 7215, 7220, 7221, 7215, 7219, 7215, 7221, 7220, 7222, 7186, 7220, 7222, 7171, 7186, 7222, 7220, 7223, 7220, 7221, 7223, 7224, 7171, 7222, 7222, 7223, 7224, 7224, 7168, 7171, 7159, 7168, 7224, 7223, 7225, 7224, 7225, 7159, 7224, 7223, 7226, 7225, 7159, 7225, 7226, 7226, 7223, 7221, 7160, 7159, 7226, 7226, 7221, 7227, 7227, 7221, 7219, 7228, 7160, 7226, 7226, 7227, 7228, 7160, 7228, 7155, 7228, 7229, 7155, 7155, 7229, 7105, 7102, 7105, 7229, 7229, 7228, 7230, 7229, 7230, 7102, 7228, 7227, 7230, 7230, 7231, 7102, 7230, 7227, 7232, 7231, 7230, 7232, 7232, 7227, 7233, 7233, 7227, 7219, 7232, 7234, 7231, 7233, 7234, 7232, 7102, 7231, 7235, 7234, 7235, 7231, 7233, 7219, 7236, 7219, 7218, 7236, 7234, 7233, 7237, 7233, 7236, 7237, 7234, 7237, 7238, 7237, 7236, 7238, 7239, 7236, 7218, 7239, 7218, 7214, 7238, 7236, 7240, 7240, 7236, 7239, 7239, 7214, 7241, 7240, 7239, 7242, 7239, 7241, 7242, 7241, 7214, 7243, 7243, 7214, 7212, 7207, 7243, 7212, 7243, 7244, 7241, 7244, 7243, 7207, 7242, 7241, 7245, 7244, 7245, 7241, 7244, 7207, 7246, 7246, 7207, 7205, 7244, 7247, 7245, 7244, 7246, 7248, 7247, 7244, 7248, 7246, 7205, 7249, 7248, 7246, 7250, 7249, 7250, 7246, 7251, 7248, 7250, 7251, 7247, 7248, 7249, 7252, 7250, 7251, 7250, 7252, 7253, 7249, 7205, 7253, 7252, 7249, 7253, 7205, 7208, 7253, 7208, 7254, 7210, 7254, 7208, 7254, 7255, 7253, 7255, 7252, 7253, 7210, 7256, 7254, 7254, 7256, 7255, 7256, 7210, 7257, 7202, 7257, 7210, 7202, 7200, 7257, 7257, 7200, 7258, 7258, 7200, 7199, 7259, 7257, 7258, 7258, 7199, 7259, 7260, 7256, 7257, 7259, 7261, 7257, 7260, 7257, 7261, 7262, 7261, 7259, 7256, 7260, 7263, 7255, 7256, 7263, 7260, 7261, 7264, 7262, 7264, 7261, 7264, 7265, 7260, 7264, 7262, 7266, 7266, 7265, 7264, 7267, 7260, 7265, 7263, 7260, 7267, 7266, 7268, 7265, 7267, 7265, 7268, 7262, 7269, 7266, 7269, 7262, 7259, 7268, 7266, 7270, 7269, 7259, 7271, 7199, 7271, 7259, 7268, 7270, 7272, 7273, 7271, 7199, 5549, 7273, 7199, 7270, 7266, 7274, 7272, 7270, 7274, 5549, 7275, 7273, 5549, 5551, 7275, 7271, 7273, 7276, 7277, 7276, 7273, 7277, 7271, 7276, 7273, 7275, 7277, 7275, 5551, 7278, 7278, 5551, 5556, 7277, 7275, 7279, 7275, 7278, 7279, 7278, 5556, 7280, 7280, 5556, 5562, 7278, 7280, 7281, 7278, 7281, 7279, 7281, 7280, 5562, 7282, 7277, 7279, 7283, 7279, 7281, 7282, 7279, 7283, 7284, 7271, 7277, 7277, 7282, 7284, 7284, 7269, 7271, 7285, 7283, 7281, 7281, 5562, 7285, 7282, 7286, 7284, 7285, 5562, 7287, 7286, 7282, 7288, 7283, 7288, 7282, 7287, 5562, 7289, 5562, 5565, 7289, 7287, 7290, 7285, 7287, 7289, 7290, 7290, 7283, 7285, 7289, 5565, 7291, 7290, 7289, 7291, 7291, 5565, 5568, 5721, 7291, 5568, 7292, 7283, 7290, 7288, 7283, 7292, 7293, 7291, 5721, 5724, 7293, 5721, 7291, 7294, 7290, 7293, 7294, 7291, 7292, 7290, 7294, 7294, 7293, 5724, 7294, 7295, 7292, 7295, 7294, 5724, 7292, 7295, 7288, 5726, 7295, 5724, 7296, 7288, 7295, 7296, 7286, 7288, 5726, 7297, 7295, 5731, 7297, 5726, 7296, 7295, 7298, 7298, 7295, 7297, 7296, 7298, 7299, 7298, 7297, 7299, 7300, 7286, 7296, 7296, 7299, 7300, 7301, 7297, 5731, 7299, 7297, 7301, 7300, 7302, 7286, 7286, 7302, 7284, 7302, 7269, 7284, 7302, 7303, 7269, 7303, 7302, 7304, 7304, 7269, 7303, 7300, 7304, 7302, 7269, 7304, 7266, 7266, 7304, 7274, 7300, 7305, 7304, 7304, 7305, 7274, 7300, 7306, 7305, 7306, 7300, 7299, 7307, 7274, 7305, 7306, 7307, 7305, 7306, 7299, 7308, 7307, 7306, 7308, 7301, 7308, 7299, 7309, 7274, 7307, 7309, 7272, 7274, 7301, 7310, 7308, 7311, 7307, 7308, 7311, 7308, 7310, 7312, 7310, 7301, 7312, 7311, 7310, 7301, 5731, 7312, 5729, 7312, 5731, 7311, 7313, 7307, 7309, 7307, 7313, 7314, 7312, 5729, 7313, 7315, 7309, 7314, 5729, 7316, 5729, 5725, 7316, 7317, 7316, 5725, 5733, 7317, 5725, 7317, 7318, 7316, 5733, 7318, 7317, 7318, 7314, 7316, 5733, 5766, 7318, 5770, 7318, 5766, 7318, 7319, 7314, 7319, 7312, 7314, 7320, 7318, 5770, 7319, 7321, 7312, 7312, 7321, 7311, 7318, 7322, 7319, 7320, 7322, 7318, 7321, 7319, 7323, 7323, 7319, 7322, 7324, 7311, 7321, 7323, 7324, 7321, 7311, 7325, 7313, 7324, 7325, 7311, 7315, 7313, 7325, 7323, 7326, 7324, 7322, 7327, 7323, 7327, 7326, 7323, 7327, 7322, 7320, 7328, 7324, 7326, 7327, 7329, 7326, 7326, 7329, 7328, 7320, 7330, 7327, 7331, 7330, 7320, 7320, 5770, 7331, 7331, 5770, 5768, 7330, 7331, 7332, 7332, 7327, 7330, 7333, 7331, 5768, 7332, 7331, 7333, 5771, 7333, 5768, 7332, 7334, 7327, 7332, 7333, 7335, 7334, 7332, 7335, 7333, 5771, 7336, 7336, 7335, 7333, 7337, 7327, 7334, 7327, 7337, 7329, 7338, 7329, 7337, 7338, 7337, 7334, 7329, 7338, 7328, 7339, 7335, 7336, 7328, 7338, 7340, 7339, 7341, 7335, 7334, 7335, 7341, 7339, 7336, 7342, 7336, 5771, 7342, 7343, 7338, 7334, 7342, 5771, 7344, 5774, 7344, 5771, 7344, 5774, 7345, 7345, 7342, 7344, 7345, 5774, 5777, 7346, 7345, 5777, 5778, 7346, 5777, 7347, 7342, 7345, 7346, 7347, 7345, 7339, 7342, 7348, 7348, 7342, 7347, 7349, 7346, 5778, 7350, 7339, 7348, 7341, 7339, 7350, 7349, 7351, 7346, 7347, 7346, 7351, 7351, 7349, 7352, 7347, 7351, 7353, 7353, 7351, 7352, 7349, 5778, 7354, 7349, 7354, 7352, 7353, 7352, 7355, 7347, 7353, 7355, 7352, 7354, 7356, 7355, 7352, 7356, 7354, 5778, 7357, 5780, 7357, 5778, 5780, 5782, 7357, 7358, 7354, 7357, 5782, 7358, 7357, 7358, 7359, 7354, 7356, 7354, 7359, 7358, 5782, 7360, 7359, 7358, 7360, 7361, 7356, 7359, 7360, 7361, 7359, 7360, 5782, 7362, 5782, 5784, 7362, 7361, 7363, 7356, 7355, 7356, 7363, 7362, 5784, 7364, 5784, 5787, 7364, 5796, 7364, 5787, 5796, 5832, 7364, 7364, 7365, 7362, 7360, 7362, 7365, 7365, 7364, 7366, 7366, 7364, 5832, 7367, 7360, 7365, 7365, 7366, 7367, 7360, 7367, 7361, 7366, 5832, 7368, 7368, 7367, 7366, 7368, 5832, 7369, 7367, 7368, 7369, 7370, 7369, 5832, 5833, 7370, 5832, 7367, 7369, 7371, 7371, 7369, 7370, 7372, 7361, 7367, 7372, 7367, 7371, 7361, 7372, 7363, 7373, 7370, 5833, 7371, 7370, 7373, 7373, 5833, 5837, 7372, 7371, 7374, 7363, 7372, 7374, 7375, 7373, 5837, 5836, 7375, 5837, 7376, 7371, 7373, 7376, 7373, 7375, 7371, 7377, 7374, 7371, 7376, 7377, 5836, 7378, 7375, 7379, 7376, 7375, 7378, 7379, 7375, 7380, 7377, 7376, 7380, 7376, 7379, 7381, 7374, 7377, 7380, 7381, 7377, 7378, 5836, 7382, 5836, 5839, 7382, 5844, 7382, 5839, 7378, 7383, 7379, 7382, 7383, 7378, 5844, 7384, 7382, 7383, 7385, 7379, 7385, 7380, 7379, 7386, 7384, 5844, 5844, 5849, 7386, 7387, 7382, 7384, 7386, 7387, 7384, 7383, 7382, 7387, 5849, 7388, 7386, 7386, 7388, 7387, 5849, 7389, 7388, 5849, 5848, 7389, 7387, 7388, 7390, 7390, 7388, 7389, 7383, 7387, 7391, 7389, 5848, 7392, 5848, 5852, 7392, 7383, 7391, 7393, 7393, 7385, 7383, 7394, 7391, 7387, 7391, 7394, 7393, 7394, 7387, 7395, 7395, 7387, 7390, 7396, 7393, 7394, 7395, 7396, 7394, 7385, 7393, 7397, 7393, 7396, 7397, 7385, 7397, 7380, 7398, 7397, 7396, 7399, 7380, 7397, 7400, 7398, 7396, 7399, 7401, 7380, 7381, 7380, 7401, 7402, 7399, 7397, 7398, 7402, 7397, 7401, 7399, 7403, 7402, 7403, 7399, 7404, 7398, 7400, 7402, 7398, 7404, 7405, 7400, 7396, 7395, 7405, 7396, 7406, 7404, 7400, 7406, 7400, 7405, 7407, 7402, 7404, 7406, 7407, 7404, 7408, 7403, 7402, 7407, 7408, 7402, 7408, 7409, 7403, 7409, 7401, 7403, 7407, 7410, 7408, 7411, 7409, 7408, 7410, 7411, 7408, 7407, 7406, 7412, 7412, 7410, 7407, 7413, 7411, 7410, 7412, 7414, 7410, 7413, 7410, 7414, 7415, 7414, 7412, 7413, 7416, 7411, 7409, 7411, 7416, 7417, 7413, 7414, 7417, 7414, 7415, 7413, 7417, 7418, 7418, 7416, 7413, 7417, 7419, 7418, 7418, 7419, 7416, 7415, 7420, 7417, 7421, 7419, 7417, 7421, 7417, 7420, 7412, 7422, 7415, 7422, 7420, 7415, 7423, 7422, 7412, 7406, 7423, 7412, 7424, 7420, 7422, 7423, 7406, 7425, 7425, 7406, 7405, 7422, 7426, 7424, 7405, 7427, 7425, 7423, 7425, 7427, 7428, 7426, 7422, 7423, 7428, 7422, 7426, 7429, 7424, 7423, 7430, 7428, 7431, 7426, 7428, 7426, 7431, 7429, 7430, 7423, 7432, 7432, 7423, 7427, 7433, 7428, 7430, 7433, 7431, 7428, 7434, 7430, 7432, 7434, 7432, 7427, 7435, 7433, 7430, 7430, 7434, 7435, 7436, 7431, 7433, 7433, 7435, 7437, 7436, 7433, 7438, 7433, 7437, 7438, 7439, 7431, 7436, 7438, 7439, 7436, 7435, 7440, 7437, 7440, 7435, 7434, 7437, 7441, 7438, 7439, 7438, 7441, 7440, 7442, 7437, 7442, 7441, 7437, 7431, 7439, 7443, 7429, 7431, 7443, 7439, 7444, 7443, 7429, 7443, 7445, 7446, 7443, 7444, 7444, 7439, 7446, 7443, 7446, 7445, 7441, 7447, 7439, 7439, 7447, 7446, 7429, 7445, 7448, 7449, 7447, 7441, 7450, 7429, 7448, 7429, 7450, 7424, 7424, 7450, 7420, 7449, 7441, 7451, 7451, 7441, 7442, 7452, 7420, 7450, 7420, 7452, 7421, 7453, 7452, 7450, 7450, 7448, 7453, 7454, 7452, 7453, 7453, 7448, 7454, 7455, 7421, 7452, 7452, 7454, 7455, 7421, 7455, 7456, 7456, 7419, 7421, 7454, 7457, 7455, 7458, 7454, 7448, 7457, 7459, 7455, 7456, 7455, 7459, 7458, 7460, 7454, 7460, 7457, 7454, 7461, 7458, 7448, 7458, 7461, 7460, 7461, 7448, 7445, 7446, 7461, 7445, 7462, 7457, 7460, 7461, 7446, 7463, 7462, 7464, 7457, 7459, 7457, 7464, 7460, 7465, 7462, 7465, 7460, 7461, 7462, 7466, 7464, 7462, 7465, 7466, 7467, 7459, 7464, 7465, 7461, 7468, 7468, 7461, 7463, 7459, 7467, 7469, 7459, 7469, 7456, 7464, 7470, 7467, 7471, 7469, 7467, 7471, 7467, 7470, 7470, 7464, 7472, 7464, 7466, 7472, 7471, 7470, 7473, 7474, 7472, 7466, 7474, 7466, 7465, 7475, 7470, 7472, 7475, 7473, 7470, 7472, 7476, 7475, 7475, 7476, 7473, 7477, 7472, 7474, 7478, 7476, 7472, 7477, 7478, 7472, 7479, 7476, 7478, 7479, 7478, 7477, 7480, 7477, 7474, 7479, 7477, 7481, 7477, 7480, 7481, 7474, 7465, 7482, 7482, 7480, 7474, 7482, 7465, 7483, 7483, 7465, 7468, 7482, 7484, 7480, 7483, 7485, 7482, 7484, 7482, 7485, 7485, 7483, 7486, 7486, 7483, 7468, 7487, 7484, 7485, 7487, 7485, 7486, 7488, 7480, 7484, 7488, 7484, 7487, 7489, 7486, 7468, 7487, 7486, 7489, 7480, 7488, 7490, 7480, 7490, 7481, 7491, 7488, 7487, 7492, 7481, 7490, 7492, 7479, 7481, 7493, 7490, 7488, 7491, 7493, 7488, 7494, 7492, 7490, 7491, 7495, 7493, 7490, 7496, 7494, 7490, 7493, 7496, 7494, 7497, 7492, 7496, 7493, 7498, 7498, 7493, 7495, 7496, 7499, 7494, 7494, 7499, 7497, 7498, 7500, 7496, 7497, 7501, 7492, 7492, 7501, 7479, 7502, 7496, 7500, 7502, 7499, 7496, 7479, 7501, 7503, 7503, 7476, 7479, 7504, 7501, 7497, 7497, 7499, 7504, 7505, 7503, 7501, 7501, 7504, 7505, 7503, 7506, 7476, 7506, 7473, 7476, 7507, 7506, 7503, 7503, 7505, 7507, 7508, 7473, 7506, 7508, 7506, 7509, 7509, 7506, 7507, 7473, 7508, 7510, 7510, 7508, 7509, 7473, 7510, 7511, 7511, 7471, 7473, 7512, 7510, 7509, 7471, 7511, 7513, 7471, 7513, 7469, 7511, 7510, 7514, 7512, 7514, 7510, 7511, 7515, 7513, 7511, 7514, 7515, 7469, 7513, 7516, 7513, 7515, 7516, 7516, 7517, 7469, 7517, 7456, 7469, 7517, 7516, 7518, 7519, 7456, 7517, 7517, 7518, 7519, 7456, 7519, 7520, 7520, 7419, 7456, 7520, 7519, 7521, 7521, 7419, 7520, 7519, 7522, 7521, 7518, 7522, 7519, 7523, 7419, 7521, 7523, 7521, 7522, 7523, 7416, 7419, 7518, 7524, 7522, 7523, 7525, 7416, 7518, 7526, 7524, 7522, 7527, 7523, 7523, 7527, 7525, 7524, 7528, 7522, 7527, 7522, 7528, 7526, 7529, 7524, 7528, 7524, 7529, 7530, 7526, 7518, 7516, 7530, 7518, 7530, 7516, 7515, 7526, 7531, 7529, 7526, 7530, 7531, 7529, 7531, 7532, 7528, 7529, 7532, 7530, 7533, 7531, 7532, 7531, 7533, 7515, 7534, 7530, 7530, 7534, 7533, 7515, 7535, 7534, 7514, 7535, 7515, 7535, 7536, 7534, 7533, 7534, 7536, 7514, 7537, 7535, 7537, 7536, 7535, 7514, 7538, 7537, 7514, 7512, 7538, 7536, 7537, 7539, 7538, 7539, 7537, 7536, 7539, 7540, 7536, 7540, 7533, 7539, 7538, 7541, 7542, 7540, 7539, 7539, 7541, 7542, 7543, 7533, 7540, 7542, 7543, 7540, 7533, 7543, 7544, 7533, 7544, 7545, 7532, 7533, 7545, 7546, 7545, 7544, 7532, 7545, 7547, 7545, 7546, 7547, 7532, 7547, 7528, 7546, 7544, 7548, 7548, 7544, 7543, 7549, 7547, 7546, 7549, 7546, 7548, 7550, 7528, 7547, 7550, 7547, 7549, 7550, 7551, 7528, 7528, 7551, 7527, 7350, 7550, 7549, 7551, 7550, 7552, 7552, 7550, 7350, 7527, 7551, 7553, 7553, 7551, 7552, 7527, 7553, 7554, 7525, 7527, 7554, 7555, 7553, 7552, 7556, 7525, 7554, 7554, 7553, 7557, 7556, 7554, 7557, 7557, 7553, 7555, 7558, 7525, 7556, 7416, 7525, 7558, 7559, 7556, 7557, 7556, 7559, 7558, 7416, 7558, 7560, 7560, 7409, 7416, 7561, 7560, 7558, 7560, 7562, 7409, 7560, 7561, 7562, 7401, 7409, 7562, 7561, 7558, 7563, 7563, 7558, 7559, 7401, 7562, 7564, 7401, 7564, 7381, 7562, 7561, 7565, 7565, 7564, 7562, 7565, 7381, 7564, 7561, 7563, 7565, 7374, 7381, 7565, 7374, 7565, 7363, 7363, 7565, 7563, 7363, 7563, 7355, 7559, 7566, 7563, 7559, 7557, 7566, 7567, 7355, 7563, 7566, 7567, 7563, 7566, 7557, 7567, 7355, 7567, 7347, 7568, 7567, 7557, 7557, 7555, 7568, 7569, 7347, 7567, 7567, 7568, 7569, 7569, 7568, 7555, 7347, 7569, 7348, 7570, 7348, 7569, 7569, 7555, 7570, 7570, 7350, 7348, 7570, 7555, 7571, 7571, 7350, 7570, 7571, 7555, 7552, 7552, 7350, 7571, 7350, 7549, 7572, 7350, 7572, 7341, 7548, 7572, 7549, 7573, 7341, 7572, 7573, 7572, 7574, 7572, 7548, 7574, 7573, 7575, 7341, 7574, 7575, 7573, 7334, 7341, 7575, 7334, 7575, 7343, 7574, 7576, 7575, 7548, 7576, 7574, 7577, 7343, 7575, 7576, 7577, 7575, 7343, 7577, 7578, 7577, 7576, 7578, 7343, 7578, 7338, 7338, 7578, 7340, 7548, 7579, 7576, 7578, 7580, 7340, 7576, 7581, 7578, 7581, 7580, 7578, 7576, 7579, 7582, 7576, 7582, 7581, 7340, 7580, 7583, 7583, 7328, 7340, 7581, 7584, 7580, 7583, 7585, 7328, 7328, 7585, 7324, 7585, 7325, 7324, 7580, 7586, 7583, 7583, 7586, 7585, 7584, 7586, 7580, 7587, 7325, 7585, 7588, 7584, 7581, 7588, 7581, 7582, 7589, 7587, 7585, 7585, 7586, 7589, 7587, 7590, 7325, 7589, 7590, 7587, 7590, 7315, 7325, 7591, 7584, 7588, 7588, 7582, 7591, 7315, 7590, 7592, 7592, 7309, 7315, 7589, 7593, 7590, 7592, 7594, 7309, 7594, 7272, 7309, 7590, 7595, 7592, 7593, 7595, 7590, 7596, 7594, 7592, 7592, 7595, 7596, 7593, 7589, 7597, 7589, 7586, 7597, 7597, 7598, 7593, 7598, 7597, 7586, 7593, 7599, 7595, 7598, 7599, 7593, 7595, 7600, 7596, 7599, 7600, 7595, 7600, 7594, 7596, 7599, 7598, 7601, 7601, 7598, 7586, 7602, 7600, 7599, 7603, 7601, 7586, 7604, 7602, 7599, 7604, 7599, 7601, 7603, 7586, 7605, 7584, 7605, 7586, 7584, 7591, 7605, 7606, 7601, 7603, 7606, 7604, 7601, 7605, 7607, 7603, 7606, 7603, 7607, 7591, 7608, 7605, 7608, 7591, 7609, 7609, 7591, 7582, 7605, 7608, 7610, 7609, 7610, 7608, 7610, 7607, 7605, 7609, 7582, 7611, 7611, 7582, 7579, 7579, 7548, 7611, 7612, 7610, 7609, 7611, 7612, 7609, 7613, 7611, 7548, 7548, 7543, 7613, 7614, 7613, 7543, 7611, 7613, 7614, 7542, 7614, 7543, 7614, 7542, 7611, 7542, 7612, 7611, 7542, 7615, 7612, 7542, 7541, 7615, 7615, 7616, 7612, 7541, 7617, 7615, 7617, 7616, 7615, 7618, 7612, 7616, 7618, 7610, 7612, 7617, 7619, 7616, 7618, 7620, 7610, 7620, 7607, 7610, 7618, 7616, 7621, 7619, 7621, 7616, 7622, 7620, 7618, 7621, 7622, 7618, 7620, 7622, 7621, 7623, 7619, 7617, 7623, 7621, 7619, 7607, 7620, 7624, 7624, 7606, 7607, 7620, 7621, 7625, 7625, 7624, 7620, 7624, 7626, 7606, 7604, 7606, 7626, 7624, 7625, 7627, 7627, 7626, 7624, 7626, 7628, 7604, 7629, 7626, 7627, 7629, 7628, 7626, 7604, 7628, 7630, 7604, 7630, 7602, 7627, 7631, 7629, 7630, 7632, 7602, 7600, 7602, 7632, 7628, 7633, 7630, 7633, 7632, 7630, 7634, 7628, 7629, 7629, 7631, 7634, 7635, 7633, 7628, 7635, 7628, 7634, 7632, 7633, 7636, 7635, 7636, 7633, 7637, 7600, 7632, 7594, 7600, 7637, 7638, 7632, 7636, 7632, 7638, 7637, 7639, 7594, 7637, 7594, 7639, 7272, 7268, 7272, 7639, 7639, 7267, 7268, 7638, 7640, 7637, 7637, 7640, 7639, 7636, 7640, 7638, 7641, 7267, 7639, 7641, 7263, 7267, 7642, 7641, 7639, 7640, 7642, 7639, 7643, 7641, 7642, 7640, 7643, 7642, 7263, 7641, 7643, 7640, 7636, 7644, 7644, 7643, 7640, 7643, 7645, 7263, 7645, 7643, 7644, 7645, 7255, 7263, 7646, 7644, 7636, 7636, 7635, 7646, 7644, 7647, 7645, 7646, 7647, 7644, 7645, 7648, 7255, 7648, 7252, 7255, 7649, 7645, 7647, 7649, 7648, 7645, 7646, 7650, 7647, 7651, 7648, 7649, 7652, 7650, 7646, 7652, 7646, 7635, 7647, 7653, 7649, 7653, 7651, 7649, 7635, 7654, 7652, 7634, 7654, 7635, 7655, 7653, 7647, 7647, 7650, 7655, 7653, 7656, 7651, 7657, 7653, 7655, 7656, 7653, 7657, 7658, 7655, 7650, 7658, 7657, 7655, 7650, 7652, 7659, 7659, 7658, 7650, 7654, 7659, 7652, 7657, 7658, 7660, 7654, 7661, 7659, 7660, 7662, 7657, 7662, 7656, 7657, 7660, 7658, 7663, 7660, 7663, 7662, 7664, 7663, 7658, 7658, 7659, 7664, 7663, 7665, 7662, 7663, 7664, 7665, 7662, 7666, 7656, 7667, 7662, 7665, 7666, 7662, 7667, 7656, 7668, 7651, 7666, 7668, 7656, 7651, 7668, 7648, 7648, 7668, 7252, 7252, 7668, 7669, 7252, 7669, 7251, 7666, 7670, 7668, 7670, 7669, 7668, 7669, 7671, 7251, 7671, 7247, 7251, 7671, 7669, 7672, 7672, 7247, 7671, 7672, 7669, 7670, 7673, 7670, 7666, 7673, 7666, 7667, 7673, 7674, 7670, 7670, 7674, 7672, 7667, 7674, 7673, 7247, 7672, 7675, 7675, 7245, 7247, 7245, 7675, 7242, 7676, 7675, 7672, 7676, 7672, 7674, 7242, 7675, 7677, 7676, 7678, 7675, 7675, 7678, 7677, 7242, 7677, 7679, 7679, 7240, 7242, 7680, 7240, 7679, 7677, 7680, 7679, 7240, 7680, 7238, 7678, 7681, 7677, 7681, 7680, 7677, 7682, 7678, 7676, 7682, 7676, 7674, 7678, 7683, 7681, 7682, 7683, 7678, 7680, 7681, 7684, 7682, 7685, 7683, 7686, 7681, 7683, 7686, 7683, 7685, 7686, 7684, 7681, 7682, 7687, 7685, 7687, 7682, 7674, 7688, 7686, 7685, 7687, 7674, 7689, 7667, 7689, 7674, 7685, 7687, 7690, 7689, 7690, 7687, 7685, 7690, 7688, 7691, 7689, 7667, 7691, 7667, 7692, 7665, 7692, 7667, 7693, 7689, 7691, 7692, 7693, 7691, 7694, 7692, 7665, 7694, 7665, 7664, 7693, 7695, 7689, 7690, 7689, 7695, 7696, 7694, 7664, 7697, 7690, 7695, 7696, 7664, 7698, 7659, 7698, 7664, 7699, 7694, 7696, 7692, 7694, 7699, 7659, 7700, 7698, 7661, 7700, 7659, 7692, 7699, 7701, 7701, 7693, 7692, 7702, 7701, 7699, 7693, 7701, 7702, 7696, 7703, 7699, 7704, 7702, 7699, 7703, 7704, 7699, 7705, 7703, 7696, 7705, 7696, 7698, 7703, 7706, 7704, 7705, 7706, 7703, 7705, 7704, 7706, 7705, 7698, 7707, 7707, 7698, 7700, 7705, 7708, 7704, 7709, 7705, 7707, 7708, 7705, 7709, 7707, 7710, 7709, 7710, 7707, 7700, 7711, 7704, 7708, 7702, 7704, 7711, 7708, 7709, 7712, 7711, 7713, 7702, 7713, 7693, 7702, 7711, 7708, 7714, 7712, 7714, 7708, 7715, 7693, 7713, 7695, 7693, 7715, 7697, 7695, 7715, 7716, 7715, 7713, 7717, 7697, 7715, 7718, 7716, 7713, 7716, 7719, 7715, 7718, 7719, 7716, 7719, 7717, 7715, 7720, 7718, 7713, 7713, 7711, 7720, 7721, 7719, 7718, 7718, 7720, 7721, 7711, 7722, 7720, 7711, 7714, 7722, 7722, 7723, 7720, 7720, 7723, 7721, 7722, 7714, 7724, 7724, 7723, 7722, 7725, 7719, 7721, 7719, 7725, 7717, 7721, 7723, 7726, 7721, 7726, 7725, 7723, 7727, 7726, 7727, 7723, 7724, 7728, 7725, 7726, 7726, 7727, 7728, 7729, 7717, 7725, 7725, 7728, 7730, 7730, 7729, 7725, 7731, 7728, 7727, 7731, 7730, 7728, 7717, 7729, 7732, 7733, 7731, 7727, 7717, 7732, 7734, 7717, 7734, 7697, 7690, 7697, 7734, 7735, 7690, 7734, 7734, 7732, 7735, 7735, 7688, 7690, 7729, 7736, 7732, 7730, 7736, 7729, 7737, 7735, 7732, 7736, 7737, 7732, 7738, 7688, 7735, 7735, 7737, 7738, 7738, 7739, 7688, 7686, 7688, 7739, 7738, 7737, 7740, 7739, 7738, 7740, 7741, 7686, 7739, 7686, 7741, 7684, 7741, 7739, 7742, 7741, 7742, 7684, 7742, 7739, 7740, 7743, 7684, 7742, 7744, 7742, 7740, 7742, 7744, 7743, 7740, 7737, 7745, 7745, 7737, 7736, 7744, 7740, 7746, 7746, 7740, 7745, 7747, 7744, 7746, 7746, 7745, 7747, 7748, 7743, 7744, 7747, 7748, 7744, 7743, 7749, 7684, 7743, 7748, 7749, 7749, 7750, 7684, 7750, 7680, 7684, 7750, 7238, 7680, 7238, 7750, 7751, 7750, 7749, 7751, 7238, 7751, 7234, 7752, 7751, 7749, 7749, 7748, 7752, 7753, 7234, 7751, 7753, 7751, 7752, 7235, 7234, 7753, 7754, 7752, 7748, 7753, 7752, 7754, 7755, 7235, 7753, 7748, 7099, 7754, 7755, 7756, 7235, 7102, 7235, 7756, 7095, 7099, 7748, 7103, 7102, 7756, 7747, 7095, 7748, 7094, 7754, 7099, 7094, 7103, 7754, 7103, 7756, 7757, 7757, 7754, 7103, 7755, 7757, 7756, 7753, 7754, 7757, 7755, 7753, 7757, 7095, 7747, 7758, 7092, 7095, 7758, 7759, 7758, 7747, 7745, 7759, 7747, 7758, 7760, 7092, 7760, 7091, 7092, 7761, 7758, 7759, 7762, 7760, 7758, 7761, 7762, 7758, 7759, 7745, 7763, 7761, 7759, 7763, 7764, 7763, 7745, 7745, 7736, 7764, 7762, 7761, 7765, 7760, 7762, 7765, 7736, 7766, 7764, 7766, 7736, 7730, 7767, 7764, 7766, 7767, 7766, 7730, 7763, 7764, 7767, 7761, 7763, 7768, 7768, 7763, 7767, 7768, 7765, 7761, 7769, 7767, 7730, 7767, 7769, 7768, 7769, 7730, 7770, 7770, 7730, 7731, 7731, 7771, 7770, 7731, 7733, 7771, 7772, 7769, 7770, 7770, 7771, 7773, 7772, 7770, 7773, 7771, 7733, 7774, 7771, 7774, 7773, 7775, 7769, 7772, 7769, 7775, 7768, 7774, 7733, 7776, 7733, 7727, 7776, 7777, 7768, 7775, 7776, 7727, 7778, 7724, 7778, 7727, 7775, 7779, 7777, 7779, 7768, 7777, 7778, 7724, 7780, 7780, 7724, 7714, 7776, 7778, 7781, 7782, 7780, 7714, 7782, 7714, 7712, 7778, 7780, 7783, 7781, 7778, 7783, 7784, 7780, 7782, 7785, 7780, 7784, 7780, 7785, 7783, 7786, 7784, 7782, 7786, 7785, 7784, 7782, 7712, 7787, 7786, 7782, 7787, 7788, 7787, 7712, 7789, 7786, 7787, 7788, 7789, 7787, 7788, 7712, 7790, 7790, 7712, 7709, 7790, 7709, 7710, 7788, 7790, 7791, 7788, 7791, 7789, 7792, 7790, 7710, 7791, 7790, 7793, 7792, 7793, 7790, 7794, 7792, 7710, 7710, 7700, 7794, 7795, 7793, 7792, 7792, 7794, 7795, 7791, 7793, 7796, 7796, 7789, 7791, 7797, 7793, 7795, 7796, 7793, 7797, 7798, 7797, 7795, 7798, 7796, 7797, 7798, 7795, 7799, 7794, 7799, 7795, 7800, 7796, 7798, 7794, 7700, 7801, 7801, 7700, 7802, 7801, 7802, 7794, 7802, 7700, 7661, 7654, 7802, 7661, 7802, 7654, 7634, 7803, 7802, 7634, 7803, 7794, 7802, 7634, 7631, 7803, 7794, 7803, 7804, 7804, 7803, 7631, 7804, 7805, 7794, 7799, 7794, 7805, 7806, 7804, 7631, 7631, 7627, 7806, 7806, 7627, 7625, 7807, 7805, 7804, 7806, 7808, 7804, 7804, 7808, 7807, 7625, 7808, 7806, 7807, 7809, 7805, 7809, 7807, 7808, 7799, 7805, 7809, 7810, 7808, 7625, 7810, 7625, 7621, 7808, 7811, 7809, 7810, 7811, 7808, 7812, 7799, 7809, 7798, 7799, 7812, 7809, 7811, 7813, 7813, 7812, 7809, 7814, 7798, 7812, 7800, 7798, 7814, 7815, 7814, 7812, 7815, 7800, 7814, 7816, 7812, 7813, 7815, 7812, 7816, 7817, 7813, 7811, 7816, 7813, 7817, 7818, 7817, 7811, 7818, 7811, 7810, 7819, 7817, 7818, 7818, 7810, 7820, 7817, 7819, 7821, 7816, 7817, 7821, 7818, 7822, 7819, 7822, 7818, 7820, 7821, 7819, 7822, 7810, 7823, 7820, 7820, 7823, 7822, 7621, 7823, 7810, 7621, 7623, 7823, 7824, 7823, 7623, 7824, 7822, 7823, 7623, 7617, 7824, 7821, 7822, 7825, 7826, 7824, 7617, 7617, 7541, 7826, 7826, 7541, 7538, 7827, 7822, 7824, 7827, 7825, 7822, 7824, 7826, 7828, 7828, 7827, 7824, 7826, 7538, 7829, 7829, 7828, 7826, 7538, 7830, 7829, 7538, 7512, 7830, 7830, 7831, 7829, 7832, 7830, 7512, 7832, 7831, 7830, 7509, 7832, 7512, 7509, 7507, 7832, 7833, 7829, 7831, 7832, 7833, 7831, 7833, 7828, 7829, 7507, 7834, 7832, 7505, 7834, 7507, 7833, 7832, 7835, 7835, 7832, 7834, 7828, 7833, 7836, 7835, 7836, 7833, 7836, 7837, 7828, 7837, 7827, 7828, 7837, 7836, 7838, 7838, 7827, 7837, 7836, 7835, 7839, 7839, 7835, 7834, 7838, 7836, 7840, 7839, 7840, 7836, 7827, 7838, 7841, 7840, 7841, 7838, 7842, 7827, 7841, 7827, 7842, 7825, 7840, 7843, 7841, 7843, 7842, 7841, 7843, 7840, 7844, 7839, 7844, 7840, 7842, 7845, 7825, 7821, 7825, 7845, 7846, 7845, 7842, 7842, 7847, 7846, 7846, 7847, 7845, 7843, 7847, 7842, 7845, 7848, 7821, 7848, 7816, 7821, 7848, 7845, 7849, 7849, 7816, 7848, 7845, 7850, 7849, 7816, 7849, 7851, 7850, 7852, 7849, 7852, 7851, 7849, 7853, 7850, 7845, 7850, 7853, 7852, 7851, 7854, 7816, 7816, 7854, 7815, 7815, 7854, 7855, 7851, 7855, 7854, 7855, 7800, 7815, 7856, 7851, 7852, 7853, 7856, 7852, 7857, 7855, 7851, 7855, 7858, 7800, 7858, 7796, 7800, 7859, 7855, 7857, 7855, 7859, 7858, 7860, 7857, 7851, 7851, 7856, 7860, 7860, 7859, 7857, 7860, 7856, 7861, 7861, 7856, 7853, 7862, 7859, 7860, 7863, 7860, 7861, 7860, 7864, 7862, 7863, 7864, 7860, 7863, 7861, 7865, 7861, 7853, 7865, 7866, 7864, 7863, 7865, 7867, 7863, 7866, 7863, 7867, 7865, 7853, 7868, 7867, 7865, 7868, 7866, 7869, 7864, 7869, 7862, 7864, 7870, 7868, 7853, 7869, 7871, 7862, 7870, 7853, 7872, 7872, 7853, 7845, 7872, 7845, 7847, 7868, 7870, 7873, 7870, 7872, 7874, 7873, 7870, 7874, 7874, 7872, 7847, 7875, 7868, 7873, 7874, 7875, 7873, 7867, 7868, 7875, 7876, 7874, 7847, 7875, 7877, 7867, 7876, 7878, 7874, 7874, 7879, 7875, 7878, 7879, 7874, 7877, 7875, 7880, 7880, 7875, 7879, 7881, 7878, 7876, 7879, 7878, 7881, 7882, 7881, 7876, 7883, 7880, 7879, 7882, 7876, 7884, 7876, 7847, 7884, 7883, 7885, 7880, 7885, 7877, 7880, 7847, 7886, 7884, 7843, 7886, 7847, 7887, 7886, 7843, 7886, 7887, 7884, 7844, 7887, 7843, 7887, 7844, 7888, 7888, 7844, 7839, 7889, 7887, 7888, 7884, 7887, 7890, 7890, 7887, 7889, 7891, 7889, 7888, 7890, 7889, 7891, 7891, 7888, 7839, 7892, 7884, 7890, 7882, 7884, 7892, 7893, 7892, 7890, 7894, 7882, 7892, 7892, 7893, 7894, 7881, 7882, 7894, 7890, 7895, 7893, 7890, 7891, 7895, 7895, 7894, 7893, 7881, 7894, 7896, 7881, 7896, 7879, 7897, 7879, 7896, 7897, 7883, 7879, 7898, 7896, 7894, 7898, 7897, 7896, 7899, 7883, 7897, 7899, 7885, 7883, 7900, 7899, 7897, 7897, 7898, 7900, 7901, 7885, 7899, 7901, 7899, 7900, 7902, 7898, 7894, 7902, 7894, 7903, 7903, 7894, 7895, 7898, 7902, 7904, 7903, 7904, 7902, 7905, 7900, 7898, 7898, 7904, 7905, 7903, 7895, 7906, 7903, 7906, 7904, 7900, 7905, 7907, 7907, 7901, 7900, 7908, 7905, 7904, 7905, 7908, 7907, 7904, 7909, 7908, 7910, 7901, 7907, 7910, 7885, 7901, 7911, 7909, 7904, 7909, 7911, 7908, 7904, 7906, 7912, 7911, 7904, 7912, 7906, 7913, 7912, 7906, 7895, 7913, 7911, 7912, 7914, 7912, 7913, 7914, 7915, 7908, 7911, 7915, 7907, 7908, 7916, 7913, 7895, 7895, 7891, 7916, 7891, 7917, 7916, 7891, 7839, 7917, 7916, 7917, 7918, 7917, 7839, 7919, 7918, 7917, 7919, 7839, 7920, 7919, 7839, 7834, 7920, 7505, 7920, 7834, 7921, 7920, 7505, 7919, 7920, 7921, 7504, 7921, 7505, 7921, 7922, 7919, 7504, 7922, 7921, 7922, 7918, 7919, 7923, 7922, 7504, 7923, 7918, 7922, 7923, 7504, 7499, 7924, 7916, 7918, 7923, 7924, 7918, 7913, 7916, 7924, 7925, 7923, 7499, 7923, 7925, 7924, 7502, 7925, 7499, 7924, 7926, 7913, 7924, 7925, 7927, 7927, 7926, 7924, 7925, 7502, 7927, 7913, 7926, 7928, 7926, 7927, 7928, 7928, 7914, 7913, 7927, 7502, 7929, 7929, 7502, 7500, 7928, 7927, 7930, 7500, 7931, 7929, 7500, 7498, 7931, 7932, 7927, 7929, 7932, 7930, 7927, 7932, 7929, 7931, 7930, 7933, 7928, 7933, 7930, 7932, 7934, 7928, 7933, 7914, 7928, 7934, 7935, 7933, 7932, 7935, 7934, 7933, 7934, 7936, 7914, 7935, 7937, 7934, 7936, 7934, 7937, 7938, 7935, 7932, 7937, 7935, 7938, 7936, 7939, 7914, 7939, 7911, 7914, 7937, 7940, 7936, 7936, 7940, 7939, 7941, 7940, 7937, 7941, 7937, 7942, 7938, 7942, 7937, 7941, 7943, 7940, 7944, 7942, 7938, 7943, 7945, 7940, 7945, 7939, 7940, 7944, 7938, 7946, 7947, 7944, 7946, 7938, 7932, 7948, 7948, 7946, 7938, 7948, 7932, 7931, 7946, 7948, 7931, 7949, 7939, 7945, 7949, 7911, 7939, 7949, 7950, 7911, 7911, 7950, 7915, 7951, 7949, 7945, 7951, 7950, 7949, 7952, 7945, 7943, 7951, 7945, 7952, 7943, 7953, 7952, 7951, 7954, 7950, 7954, 7915, 7950, 7955, 7951, 7952, 7955, 7954, 7951, 7956, 7952, 7953, 7955, 7952, 7956, 7957, 7956, 7953, 7957, 7958, 7956, 7959, 7955, 7956, 7959, 7954, 7955, 7960, 7956, 7958, 7960, 7959, 7956, 7961, 7960, 7958, 7961, 7962, 7960, 7963, 7954, 7959, 7964, 7960, 7962, 7963, 7965, 7954, 7954, 7965, 7915, 7962, 7966, 7964, 7967, 7966, 7962, 7968, 7915, 7965, 7968, 7965, 7963, 7968, 7907, 7915, 7966, 7967, 7969, 7966, 7969, 7964, 7970, 7907, 7968, 7907, 7970, 7910, 7971, 7968, 7963, 7970, 7972, 7910, 7973, 7971, 7963, 7973, 7963, 7959, 7974, 7968, 7971, 7974, 7971, 7973, 7968, 7975, 7970, 7974, 7975, 7968, 7976, 7973, 7959, 7976, 7959, 7960, 7964, 7976, 7960, 7976, 7977, 7973, 7964, 7978, 7976, 7978, 7977, 7976, 7969, 7978, 7964, 7977, 7979, 7973, 7979, 7974, 7973, 7978, 7979, 7977, 7980, 7975, 7974, 7979, 7980, 7974, 7975, 7981, 7970, 7975, 7980, 7981, 7972, 7970, 7981, 7982, 7980, 7979, 7983, 7979, 7978, 7983, 7982, 7979, 7984, 7983, 7978, 7984, 7982, 7983, 7982, 7985, 7980, 7980, 7985, 7981, 7982, 7984, 7986, 7986, 7985, 7982, 7987, 7984, 7978, 7987, 7978, 7969, 7988, 7986, 7984, 7987, 7988, 7984, 7986, 7989, 7985, 7989, 7990, 7985, 7985, 7990, 7981, 7989, 7986, 7991, 7989, 7991, 7990, 7986, 7992, 7991, 7991, 7993, 7990, 7992, 7993, 7991, 7990, 7993, 7981, 7992, 7986, 7994, 7988, 7994, 7986, 7992, 7995, 7993, 7996, 7994, 7988, 7997, 7995, 7992, 7992, 7994, 7997, 7998, 7996, 7988, 7987, 7998, 7988, 7996, 7999, 7994, 7998, 7999, 7996, 8000, 7997, 7994, 8000, 7994, 7999, 8001, 7997, 8000, 7999, 8001, 8000, 7995, 7997, 8002, 8003, 8001, 7999, 8004, 8002, 7997, 7997, 8001, 8004, 8003, 7999, 8005, 8006, 8001, 8003, 8005, 8006, 8003, 8001, 8007, 8004, 8006, 8007, 8001, 8005, 7999, 8008, 7999, 7998, 8008, 8009, 8006, 8005, 8010, 8005, 8008, 8011, 8006, 8009, 8006, 8011, 8007, 8009, 8005, 6981, 6981, 8005, 8010, 8012, 8011, 8009, 6981, 8012, 8009, 6996, 6981, 8010, 6996, 8010, 7001, 8013, 8012, 6981, 6979, 8013, 6981, 6959, 8013, 6979, 8011, 8012, 8014, 8013, 8014, 8012, 8014, 8015, 8011, 8011, 8015, 8007, 8013, 8016, 8014, 8014, 8016, 8015, 8013, 6959, 8017, 8016, 8013, 8017, 6959, 8018, 8017, 8018, 6959, 6960, 6960, 6962, 8018, 8017, 8019, 8016, 8018, 8019, 8017, 8016, 8019, 8015, 8019, 8018, 6962, 8015, 8020, 8007, 6962, 8021, 8019, 8007, 8020, 8022, 8007, 8022, 8004, 8022, 8023, 8004, 8022, 8020, 8023, 8004, 8023, 8002, 6962, 8024, 8021, 8025, 8002, 8023, 6962, 8026, 8024, 6964, 8026, 6962, 8002, 8025, 8027, 8002, 8027, 7995, 8028, 8026, 6964, 8028, 6964, 6944, 6939, 8028, 6944, 6938, 8028, 6939, 8027, 8029, 7995, 7995, 8029, 7993, 8028, 6938, 8030, 8028, 8030, 8026, 8031, 7993, 8029, 7981, 7993, 8031, 8032, 8029, 8027, 8031, 8029, 8032, 8025, 8032, 8027, 8033, 7981, 8031, 8034, 8031, 8032, 8033, 8031, 8034, 8033, 8035, 7981, 8034, 8035, 8033, 7981, 8035, 8036, 7981, 8036, 7972, 8036, 7910, 7972, 7910, 8036, 8037, 8035, 8037, 8036, 8037, 7885, 7910, 8037, 8035, 8038, 8037, 8038, 7885, 8038, 8035, 8034, 8038, 7877, 7885, 8034, 8032, 8039, 8038, 8034, 8039, 8025, 8039, 8032, 8038, 8040, 7877, 8038, 8039, 8040, 8040, 7867, 7877, 8025, 8041, 8039, 8042, 7867, 8040, 8042, 7866, 7867, 8040, 8039, 8043, 8040, 8043, 8042, 8043, 8039, 8044, 8041, 8044, 8039, 8043, 8045, 8042, 8044, 8045, 8043, 7866, 8042, 8046, 8045, 8046, 8042, 7866, 8046, 8047, 7869, 7866, 8047, 8045, 8048, 8046, 8046, 8048, 8047, 8047, 8049, 7869, 7871, 7869, 8049, 8050, 8047, 8048, 8047, 8050, 8049, 8051, 8048, 8045, 8048, 8051, 8050, 8044, 8052, 8045, 8052, 8051, 8045, 8052, 8044, 8041, 8041, 8025, 8053, 8053, 8052, 8041, 8053, 8025, 8023, 8023, 8054, 8053, 8052, 8053, 8054, 8020, 8054, 8023, 8055, 8051, 8052, 8054, 8020, 8056, 8052, 8054, 8057, 8056, 8057, 8054, 8057, 8055, 8052, 8058, 8056, 8020, 8058, 8057, 8056, 8059, 8051, 8055, 8051, 8059, 8050, 8060, 8055, 8057, 8055, 8061, 8059, 8060, 8061, 8055, 8061, 8062, 8059, 8050, 8059, 8062, 8063, 8061, 8060, 8062, 8061, 8063, 8064, 8060, 8057, 8064, 8057, 8058, 8060, 8065, 8063, 8065, 8060, 8064, 8063, 8066, 8062, 8063, 8065, 8067, 8067, 8066, 8063, 8068, 8050, 8062, 8066, 8068, 8062, 8068, 8069, 8050, 8050, 8069, 8049, 8069, 7871, 8049, 8068, 8066, 8070, 7871, 8069, 8071, 8072, 8070, 8066, 8073, 7871, 8071, 8072, 8066, 8074, 8074, 8066, 8067, 7871, 8073, 8075, 7871, 8075, 7862, 7862, 8075, 7859, 8075, 8076, 7859, 8075, 8073, 8076, 8076, 7858, 7859, 8077, 7858, 8076, 8073, 8077, 8076, 8077, 7796, 7858, 8077, 8078, 7796, 7796, 8078, 7789, 8073, 8079, 8077, 8077, 8079, 8078, 8078, 8079, 7789, 8073, 8071, 8079, 8080, 7789, 8079, 8080, 7786, 7789, 8071, 8081, 8079, 8081, 8071, 8069, 8080, 8079, 8082, 8081, 8082, 8079, 8083, 7786, 8080, 8082, 8083, 8080, 8082, 8081, 8083, 8083, 7785, 7786, 8084, 8081, 8069, 8068, 8084, 8069, 7785, 8083, 8085, 7785, 8085, 7783, 8084, 8068, 8086, 7783, 8085, 8087, 8086, 8068, 8088, 8084, 8086, 8088, 8070, 8088, 8068, 8087, 7781, 7783, 8089, 8088, 8070, 8072, 8089, 8070, 8084, 8088, 8090, 8084, 8090, 8081, 8091, 8090, 8088, 8088, 8089, 8091, 8081, 8090, 8092, 8081, 8092, 8083, 8090, 8091, 8093, 8093, 8092, 8090, 8083, 8092, 8094, 8093, 8094, 8092, 8094, 8085, 8083, 8085, 8094, 8087, 8087, 8094, 8093, 8095, 8093, 8091, 8095, 8087, 8093, 8095, 8091, 8089, 8096, 7781, 8087, 7776, 7781, 8096, 8097, 8087, 8095, 8087, 8097, 8096, 8098, 7776, 8096, 7774, 7776, 8098, 8096, 8097, 8099, 8098, 8096, 8099, 8100, 8097, 8095, 8099, 8097, 8100, 8100, 8095, 8101, 8101, 8095, 8089, 8102, 8100, 8101, 8102, 8101, 8089, 8103, 8099, 8100, 8103, 8100, 8102, 8104, 8102, 8089, 8104, 8089, 8072, 8104, 8072, 8105, 8074, 8105, 8072, 8104, 8106, 8102, 8106, 8104, 8105, 8107, 8105, 8074, 8106, 8105, 8107, 8074, 8108, 8107, 8074, 8067, 8108, 8109, 8108, 8067, 8107, 8108, 8109, 8109, 8067, 8065, 8109, 8110, 8107, 8109, 8065, 8110, 8111, 8106, 8107, 8111, 8107, 8110, 8106, 8112, 8102, 8112, 8103, 8102, 8113, 8106, 8111, 8114, 8112, 8106, 8114, 8106, 8113, 8115, 8103, 8112, 8114, 8115, 8112, 8111, 8116, 8113, 8116, 8111, 8110, 8117, 8114, 8113, 8116, 8117, 8113, 8118, 8114, 8117, 8118, 8115, 8114, 8119, 8117, 8116, 8120, 8118, 8117, 8120, 8117, 8119, 8118, 8120, 8121, 8121, 8120, 8119, 8119, 8116, 8122, 8121, 8123, 8118, 8124, 8122, 8116, 8124, 8116, 8110, 8125, 8119, 8122, 8125, 8122, 8124, 8121, 8119, 8126, 8126, 8119, 8125, 8121, 8127, 8123, 6929, 8121, 8126, 8127, 8121, 6929, 8123, 8128, 8118, 8127, 8128, 8123, 8118, 8128, 8115, 6928, 8127, 6929, 8129, 6929, 8126, 6933, 6929, 8129, 8130, 8129, 8126, 6933, 8129, 8130, 8130, 8126, 8125, 6933, 8130, 6938, 6938, 8130, 8030, 8130, 8125, 8030, 8125, 8131, 8030, 8124, 8131, 8125, 8132, 8030, 8131, 8132, 8131, 8124, 8026, 8030, 8132, 8132, 8024, 8026, 8124, 8133, 8132, 8110, 8133, 8124, 8132, 8133, 8134, 8133, 8110, 8134, 8134, 8024, 8132, 8134, 8110, 8135, 8024, 8134, 8135, 8135, 8110, 8065, 8024, 8135, 8136, 8024, 8136, 8021, 8065, 8137, 8135, 8136, 8135, 8137, 8137, 8065, 8064, 8021, 8136, 8019, 8138, 8137, 8064, 8137, 8138, 8136, 8058, 8138, 8064, 8019, 8136, 8139, 8136, 8138, 8139, 8139, 8140, 8019, 8140, 8139, 8138, 8019, 8140, 8141, 8140, 8138, 8141, 8141, 8015, 8019, 8058, 8142, 8138, 8142, 8141, 8138, 8141, 8142, 8058, 8015, 8141, 8143, 8058, 8143, 8141, 8015, 8143, 8020, 8058, 8020, 8143, 8144, 6892, 6894, 6892, 8144, 6897, 7085, 8144, 6894, 6897, 8144, 8145, 8144, 7085, 8145, 6897, 8145, 6905, 8145, 7085, 8146, 6905, 8145, 8146, 7085, 8147, 8146, 7083, 8147, 7085, 8147, 7083, 7091, 8148, 6905, 8146, 6905, 8148, 6906, 8149, 8146, 8147, 8146, 8149, 8148, 7091, 8150, 8147, 8149, 8147, 8150, 7760, 8150, 7091, 6906, 8148, 6908, 8151, 8150, 7760, 8151, 8149, 8150, 7760, 7765, 8151, 8149, 8151, 8152, 8152, 8151, 7765, 8148, 8149, 8153, 8152, 8153, 8149, 8152, 7765, 8154, 8154, 7765, 7768, 7768, 8155, 8154, 8152, 8154, 8155, 7779, 8155, 7768, 8156, 8152, 8155, 8153, 8152, 8156, 8155, 7779, 8156, 8153, 8156, 8157, 8157, 8148, 8153, 8157, 8156, 8158, 8158, 8156, 7779, 8159, 8148, 8157, 8159, 8157, 8158, 8159, 8160, 8148, 8160, 6908, 8148, 8160, 8159, 8161, 8159, 8158, 8161, 8160, 8162, 6908, 8162, 8160, 8161, 6910, 6908, 8162, 8162, 8163, 6910, 6910, 8163, 6913, 8162, 8164, 8163, 8164, 6913, 8163, 8162, 8161, 8164, 6913, 8164, 8165, 6913, 8165, 6918, 6931, 6918, 8165, 8164, 8161, 8166, 8164, 8166, 8167, 8164, 8167, 8165, 8161, 8168, 8166, 8166, 8168, 8167, 8161, 8158, 8168, 8158, 8169, 8168, 8158, 7779, 8169, 7779, 8170, 8169, 8170, 8168, 8169, 8170, 7779, 7775, 7772, 8170, 7775, 8168, 8171, 8167, 8168, 8170, 8171, 8170, 7772, 8172, 8171, 8173, 8167, 8173, 8165, 8167, 8170, 8174, 8171, 8170, 8172, 8174, 8172, 7772, 8175, 8172, 8175, 8174, 7773, 8175, 7772, 8171, 8174, 8176, 8171, 8176, 8173, 8177, 8174, 8175, 8177, 8175, 7773, 8176, 8174, 8178, 8174, 8177, 8178, 8173, 8176, 8179, 8178, 8179, 8176, 8177, 7773, 8180, 7773, 7774, 8180, 8181, 8177, 8180, 8181, 8178, 8177, 8180, 7774, 8182, 8182, 8181, 8180, 8178, 8181, 8182, 8182, 7774, 8098, 8182, 8098, 8183, 8178, 8182, 8183, 8183, 8098, 8099, 8183, 8099, 8184, 8184, 8099, 8103, 8185, 8184, 8103, 8185, 8183, 8184, 8185, 8103, 8115, 8186, 8178, 8183, 8186, 8183, 8185, 8187, 8178, 8186, 8185, 8187, 8186, 8188, 8185, 8115, 8187, 8185, 8188, 8128, 8188, 8115, 8188, 8189, 8187, 8189, 8188, 8128, 8190, 8178, 8187, 8190, 8187, 8189, 8128, 8190, 8189, 8190, 8179, 8178, 8190, 8128, 8191, 8191, 8179, 8190, 8192, 8191, 8128, 8192, 8128, 8127, 6928, 8192, 8127, 8193, 8179, 8191, 8179, 8193, 8173, 8173, 8193, 8165, 8194, 8193, 8191, 8194, 8165, 8193, 8194, 8191, 8192, 6931, 8165, 8194, 8195, 8192, 6928, 6928, 6931, 8195, 8195, 8194, 8192, 8195, 6931, 8194, 7008, 8196, 8197, 8196, 7008, 7010, 8196, 8198, 8197, 8199, 8196, 7010, 7010, 7004, 8199, 8198, 8196, 8200, 8199, 8200, 8196, 7004, 8201, 8199, 7001, 8201, 7004, 8199, 8202, 8200, 8201, 8202, 8199, 7001, 8203, 8201, 7001, 8010, 8203, 8203, 8010, 8008, 8203, 8008, 7998, 8203, 8204, 8201, 8204, 8203, 7998, 8201, 8204, 8202, 8202, 8204, 7998, 8202, 7998, 8205, 8202, 8205, 8200, 7987, 8205, 7998, 8200, 8205, 8206, 8198, 8200, 8206, 8206, 8207, 8198, 8206, 7967, 8207, 8206, 7969, 7967, 7987, 8208, 8205, 8205, 8208, 8206, 8209, 7987, 7969, 8208, 7987, 8209, 8206, 8209, 7969, 8208, 8209, 8206, 8210, 5089, 5091, 5091, 5100, 8210, 5089, 8210, 8211, 8211, 5087, 5089, 5100, 8212, 8210, 8211, 8210, 8212, 5087, 8211, 8213, 5087, 8213, 5085, 8214, 8213, 8211, 8211, 8212, 8214, 8215, 5085, 8213, 8213, 8214, 8215, 8216, 5085, 8215, 5085, 8216, 5084, 8217, 8215, 8214, 5084, 8216, 8218, 8218, 5083, 5084, 8219, 8216, 8215, 8217, 8219, 8215, 8218, 8216, 8220, 8214, 8221, 8217, 8221, 8214, 8212, 8216, 8222, 8220, 8216, 8219, 8222, 8220, 8222, 8223, 8222, 8219, 8223, 8221, 8224, 8217, 8217, 8225, 8219, 8225, 8217, 8224, 8221, 8226, 8224, 8221, 8212, 8226, 8227, 8225, 8224, 8227, 8224, 8226, 8225, 8228, 8219, 8227, 8228, 8225, 8223, 8219, 8229, 8219, 8228, 8229, 8230, 8223, 8229, 8223, 8230, 8220, 8229, 8228, 8231, 8229, 8231, 8230, 8220, 8230, 8232, 8233, 8231, 8228, 8234, 8220, 8232, 8234, 8218, 8220, 5083, 8218, 8234, 8235, 8233, 8228, 5083, 8234, 8236, 8228, 8237, 8235, 8228, 8227, 8237, 8238, 5083, 8236, 8238, 8236, 8234, 8238, 8239, 5083, 5075, 5083, 8239, 5074, 5075, 8239, 8240, 8239, 8238, 5074, 8239, 8240, 8238, 8234, 8241, 5074, 8240, 8242, 4976, 5074, 8242, 8238, 8243, 8240, 8243, 8238, 8241, 8244, 4976, 8242, 4978, 4976, 8244, 8242, 8240, 8245, 8242, 8245, 8244, 8244, 8246, 4978, 8246, 8244, 8245, 4964, 4978, 8246, 8247, 8245, 8240, 8247, 8240, 8243, 8247, 8243, 8245, 8248, 4964, 8246, 4960, 4964, 8248, 4960, 8248, 4957, 8246, 8245, 8249, 8249, 8245, 8243, 8250, 8248, 8246, 8246, 8249, 8250, 8251, 4957, 8248, 8251, 8248, 8250, 8252, 4957, 8251, 8252, 4955, 4957, 8252, 8251, 8253, 8251, 8250, 8253, 8252, 8254, 4955, 8252, 8253, 8254, 4955, 8254, 4954, 8254, 8255, 4954, 4954, 8255, 4823, 8256, 8255, 8254, 8256, 8254, 8253, 4823, 8255, 8257, 8255, 8256, 8257, 8257, 4826, 4823, 4826, 8257, 4797, 8253, 8258, 8256, 4797, 8257, 8259, 8260, 8258, 8253, 8250, 8260, 8253, 8261, 4797, 8259, 8261, 8259, 8257, 8257, 8256, 8262, 8257, 8262, 8261, 8256, 8258, 8262, 4797, 8261, 8263, 4797, 8263, 4784, 4784, 8263, 4779, 8263, 8261, 4779, 8261, 8262, 8264, 8261, 8265, 4779, 8264, 8265, 8261, 8264, 8262, 8266, 8264, 8266, 8265, 8267, 8262, 8258, 8266, 8262, 8267, 8265, 8268, 4779, 4776, 4779, 8268, 8265, 8266, 8269, 8265, 8269, 8268, 8267, 8270, 8266, 8269, 8266, 8270, 8258, 8271, 8267, 8260, 8271, 8258, 8272, 8270, 8267, 8267, 8271, 8272, 8260, 8273, 8271, 8260, 8274, 8273, 8250, 8274, 8260, 8249, 8274, 8250, 8274, 8249, 8243, 8271, 8273, 8275, 8273, 8274, 8275, 8274, 8243, 8276, 8275, 8274, 8276, 8243, 8241, 8276, 8277, 8271, 8275, 8271, 8277, 8272, 8276, 8278, 8275, 8275, 8278, 8277, 8241, 8279, 8276, 8279, 8278, 8276, 8241, 8280, 8279, 8280, 8241, 8234, 8280, 8234, 8232, 8280, 8281, 8279, 8279, 8281, 8278, 8280, 8232, 8282, 8282, 8281, 8280, 8232, 8230, 8282, 8283, 8278, 8281, 8282, 8230, 8284, 8285, 8278, 8283, 8278, 8285, 8277, 8286, 8283, 8281, 8285, 8283, 8286, 8281, 8282, 8287, 8281, 8287, 8286, 8287, 8282, 8288, 8286, 8287, 8288, 8284, 8288, 8282, 8284, 8230, 8289, 8284, 8289, 8288, 8289, 8230, 8231, 8290, 8286, 8288, 8286, 8290, 8285, 8288, 8289, 8291, 8288, 8291, 8290, 8231, 8292, 8289, 8231, 8233, 8292, 8291, 8289, 8293, 8293, 8289, 8292, 8233, 8294, 8292, 8293, 8292, 8295, 8295, 8292, 8294, 8294, 8233, 8296, 8233, 8235, 8296, 8294, 8297, 8295, 8296, 8297, 8294, 8235, 8298, 8296, 8298, 8235, 8237, 8297, 8296, 8299, 8296, 8298, 8299, 8237, 8300, 8298, 8299, 8298, 8300, 8300, 8237, 8227, 8297, 8299, 8301, 8227, 8302, 8300, 8297, 8301, 8303, 8295, 8297, 8303, 8302, 8304, 8300, 8300, 8304, 8299, 8305, 8302, 8227, 8305, 8304, 8302, 8306, 8305, 8227, 8226, 8306, 8227, 8307, 8305, 8306, 8308, 8306, 8226, 8308, 8307, 8306, 8212, 8308, 8226, 7440, 8305, 8307, 7440, 8304, 8305, 8307, 7442, 7440, 8307, 8308, 7442, 7440, 8309, 8304, 7440, 7434, 8309, 8304, 8309, 8310, 8309, 7434, 8310, 8311, 8304, 8310, 8299, 8304, 8311, 8310, 7434, 8312, 8312, 8311, 8310, 7434, 7427, 8312, 8299, 8311, 8313, 8301, 8299, 8313, 8311, 8312, 8314, 8314, 8312, 7427, 8311, 8314, 8313, 8314, 7427, 7405, 8315, 8301, 8313, 8314, 8315, 8313, 8314, 7405, 8316, 8314, 8316, 8315, 7395, 8316, 7405, 8316, 7395, 8315, 8315, 7395, 7390, 8301, 8315, 8317, 7390, 8317, 8315, 8303, 8301, 8317, 8317, 7390, 7389, 7389, 8303, 8317, 8303, 7389, 8318, 7392, 8318, 7389, 8303, 8318, 8319, 8320, 8318, 7392, 8320, 7392, 5852, 8318, 8321, 8319, 8321, 8318, 8320, 8322, 8303, 8319, 8322, 8295, 8303, 8295, 8322, 8293, 8323, 8319, 8321, 8322, 8319, 8323, 8323, 8321, 8320, 8293, 8322, 8324, 8323, 8324, 8322, 8291, 8293, 8324, 8291, 8324, 8323, 8323, 8325, 8291, 8325, 8290, 8291, 8325, 8323, 8326, 8290, 8325, 8327, 8327, 8325, 8326, 8326, 8323, 8328, 8327, 8326, 8328, 8329, 8328, 8323, 8329, 8323, 8320, 8330, 8328, 8329, 8327, 8328, 8330, 8320, 8331, 8329, 8329, 8331, 8330, 5852, 8331, 8320, 8332, 8331, 5852, 8331, 8332, 8330, 5853, 8332, 5852, 5853, 5857, 8332, 8333, 8332, 5857, 5866, 8333, 5857, 8333, 8334, 8332, 8330, 8332, 8334, 5866, 8335, 8333, 5866, 5888, 8335, 8334, 8333, 8336, 8333, 8335, 8336, 8336, 8330, 8334, 8337, 8335, 5888, 8335, 8337, 8336, 5888, 8338, 8337, 5894, 8338, 5888, 8338, 5894, 5895, 8339, 8336, 8337, 8337, 8338, 8340, 8341, 8336, 8339, 8341, 8330, 8336, 8337, 8342, 8339, 8342, 8341, 8339, 8340, 8342, 8337, 8343, 8330, 8341, 8327, 8330, 8343, 8338, 8344, 8340, 8344, 8342, 8340, 5895, 8344, 8338, 8345, 8341, 8342, 8341, 8345, 8343, 5895, 8346, 8344, 5895, 4774, 8346, 8342, 8344, 8347, 8344, 8346, 8347, 8345, 8342, 8347, 8348, 8346, 4774, 8348, 8347, 8346, 8349, 8348, 4774, 4773, 8349, 4774, 8349, 4773, 4776, 8350, 8348, 8349, 8349, 4776, 8350, 8347, 8348, 8350, 4776, 8268, 8350, 8347, 8350, 8351, 8345, 8347, 8351, 8268, 8352, 8350, 8269, 8352, 8268, 8352, 8353, 8350, 8269, 8353, 8352, 8353, 8354, 8350, 8353, 8269, 8354, 8350, 8354, 8351, 8354, 8269, 8355, 8270, 8355, 8269, 8354, 8356, 8351, 8345, 8351, 8356, 8354, 8355, 8357, 8354, 8357, 8356, 8270, 8358, 8355, 8355, 8358, 8357, 8356, 8357, 8359, 8359, 8345, 8356, 8357, 8358, 8359, 8359, 8360, 8345, 8360, 8343, 8345, 8360, 8327, 8343, 8361, 8327, 8360, 8327, 8361, 8290, 8362, 8360, 8359, 8362, 8361, 8360, 8362, 8290, 8361, 8362, 8359, 8358, 8285, 8290, 8362, 8358, 8363, 8362, 8285, 8362, 8363, 8364, 8363, 8358, 8285, 8363, 8364, 8364, 8358, 8270, 8277, 8285, 8364, 8364, 8270, 8272, 8272, 8277, 8364, 8365, 7451, 7442, 8365, 7442, 8308, 8365, 7449, 7451, 8366, 8365, 8308, 8367, 8366, 8308, 8212, 8367, 8308, 8368, 8365, 8366, 8369, 8367, 8212, 8369, 8366, 8367, 8212, 5100, 8369, 5102, 8369, 5100, 8368, 8366, 8370, 8370, 8365, 8368, 8370, 8366, 8369, 8370, 7449, 8365, 8369, 5102, 8371, 8371, 8370, 8369, 8372, 8371, 5102, 5102, 5101, 8372, 8371, 8373, 8370, 7449, 8370, 8373, 5101, 8374, 8372, 5110, 8374, 5101, 8372, 8375, 8371, 8375, 8372, 8374, 8375, 8373, 8371, 8374, 5110, 8376, 8376, 8375, 8374, 8377, 7449, 8373, 7449, 8377, 7447, 8375, 8378, 8373, 8379, 7447, 8377, 8379, 7446, 7447, 8380, 8377, 8373, 8380, 8379, 8377, 8378, 8380, 8373, 8381, 7446, 8379, 8379, 8380, 8381, 8381, 7463, 7446, 7468, 7463, 8381, 8378, 8375, 8382, 8378, 8382, 8380, 8376, 8382, 8375, 8383, 7468, 8381, 7489, 7468, 8383, 8381, 8380, 8384, 8384, 8380, 8382, 8385, 8383, 8381, 8381, 8384, 8385, 8385, 7489, 8383, 8386, 8384, 8382, 8384, 8386, 8385, 8387, 8386, 8382, 8387, 8385, 8386, 8387, 8382, 8376, 8385, 8388, 7489, 7487, 7489, 8388, 8385, 8387, 8389, 8385, 8389, 8388, 8388, 8390, 7487, 7487, 8390, 7491, 7491, 8390, 7495, 8389, 8391, 8388, 8390, 8388, 8391, 8392, 8389, 8387, 8391, 8389, 8392, 8376, 8393, 8387, 5110, 8393, 8376, 8394, 8392, 8387, 8394, 8387, 8393, 8395, 8393, 5110, 5110, 5109, 8395, 8394, 8393, 5167, 5109, 8396, 8395, 8396, 8393, 8395, 8393, 8396, 5167, 8396, 5109, 5153, 5153, 8397, 8396, 8396, 8397, 5167, 5153, 5167, 8397, 5167, 5169, 8394, 8392, 8394, 5169, 8398, 8392, 5169, 8398, 8391, 8392, 5171, 8398, 5169, 8391, 8398, 8399, 8399, 8390, 8391, 8400, 8398, 5171, 8399, 8398, 8400, 5170, 8400, 5171, 8401, 8390, 8399, 8399, 8400, 8401, 8402, 8400, 5170, 8402, 8401, 8400, 5170, 8403, 8402, 8403, 8401, 8402, 8404, 8390, 8401, 7495, 8390, 8404, 8403, 8405, 8401, 8401, 8405, 8404, 8404, 8406, 7495, 8404, 8405, 8406, 8406, 7498, 7495, 7931, 7498, 8406, 8406, 8407, 7931, 8405, 8407, 8406, 8408, 7931, 8407, 8408, 7946, 7931, 8409, 8407, 8405, 8407, 8409, 8408, 7946, 8408, 8410, 8410, 8408, 8409, 8410, 7947, 7946, 8411, 8409, 8405, 8403, 8411, 8405, 8411, 8403, 5170, 7947, 8410, 8412, 8412, 8413, 7947, 8414, 8410, 8409, 8414, 8412, 8410, 8414, 8409, 8411, 8413, 8412, 8415, 8415, 8412, 8414, 8413, 8415, 5190, 8415, 5177, 5190, 8411, 5170, 8416, 5175, 8416, 5170, 8417, 8411, 8416, 8417, 8416, 5175, 5175, 5177, 8417, 8414, 8411, 8417, 8418, 8417, 5177, 8418, 8414, 8417, 8418, 5177, 8415, 8419, 8414, 8418, 8415, 8414, 8419, 8415, 8419, 8418, 30, 179, 8420, 30, 8420, 8421, 8420, 179, 8421, 30, 8421, 31, 8421, 179, 8422, 31, 8421, 8422, 179, 31, 8422, 8423, 8424, 8425, 8426, 8427, 8430, 8429, 8428, 8423, 8427, 8428, 8424, 8424, 8428, 8429, 8425, 8425, 8429, 8430, 8426, 8427, 8423, 8426, 8430]
            uniform token physics:approximation = "convexDecomposition"
            float physxCollision:contactOffset = 0.002
            float physxCollision:restOffset = 0
            point3f[] points = [(0.06734701, -0.011914, -0.017149), (0.067403995, -0.011959, -0.018468), (0.067361996, -0.012184, -0.018394), (0.067403995, -0.011959, -0.018468), (0.067389995, -0.012087999, -0.018412), (0.067361996, -0.012184, -0.018394), (0.023276, -0.0071679996, 0.064784), (0.023101998, -0.0071159997, 0.064857), (0.02319, -0.007142, 0.06482), (0.03111801, -0.024406, -0.074057), (0.031061, -0.024583999, -0.07412999), (0.03109601, -0.024474999, -0.074085), (-0.015599, 0.006325, -0.061297998), (-0.015420999, 0.00628, -0.061359), (-0.015509999, 0.006303, -0.061328), (-0.018733999, -0.0018359999, -0.06373301), (-0.018808, -0.002011, -0.063776), (-0.018772, -0.001923, -0.063754), (-0.018808, -0.002011, -0.063776), (-0.018733999, -0.0018359999, -0.06373301), (-0.020027, -0.003005, -0.06396), (0.06730501, -0.012335, -0.018475), (0.067273, -0.012302, -0.018591), (0.067361996, -0.012184, -0.018394), (0.067113, -0.01294, -0.018296), (0.06734701, -0.011914, -0.017149), (0.067397006, -0.014497, -0.016285), (0.06723499, -0.015113999, -0.018937), (0.068032, -0.013102, -0.0154679995), (0.067792, -0.017088, -0.016433999), (0.068376996, -0.011297999, -0.013601), (0.06681799, -0.008924999, -0.016095), (0.068798, -0.015798999, -0.014858), (0.069116995, -0.0131399995, -0.013532), (0.068021, -0.016555, -0.020125998), (0.066963, -0.014958, -0.021077001), (0.066402994, -0.015631, -0.022056), (0.06861101, -0.017539999, -0.015089999), (0.06813, -0.018705, -0.021711), (0.066332, -0.017019, -0.025313), (0.069229, -0.01879, -0.016374), (0.068682, -0.019594999, -0.01887), (0.067898, -0.020104, -0.022974998), (0.065545, -0.019799, -0.028986), (0.06964301, -0.020969, -0.018009), (0.070307, -0.019364, -0.013699), (0.068861, -0.021575, -0.021543), (0.070661, -0.023484001, -0.015461), (0.06883399, -0.023138, -0.021582998), (0.069005005, -0.018023, -0.013693), (0.069225, -0.013379, -0.011593999), (0.070412, -0.017606, -0.010294), (0.069680996, -0.015538, -0.010492999), (0.068081, -0.010655, -0.0116260005), (0.069551006, -0.013708, -0.0092589995), (0.068762, -0.012395999, -0.009763), (0.070360996, -0.016327, -0.0077429996), (0.069130994, -0.011266, -0.0075569996), (0.069379, -0.013774, -0.0070869997), (0.070647, -0.017354999, -0.005565), (0.070619, -0.021346, -0.0117109995), (0.071085006, -0.018785, -0.008723999), (0.069759995, -0.015054999, -0.004476), (0.071213, -0.021643, -0.009603), (0.06891901, -0.011907999, -0.005858), (0.07202301, -0.02254, -0.005853), (0.071581006, -0.023757, -0.011082999), (0.072555, -0.024905, -0.008622), (0.071883, -0.02457, -0.01337), (0.072772, -0.025492, -0.010748), (0.072537996, -0.025943, -0.015566), (0.070937, -0.024942998, -0.018028), (0.06956601, -0.023448998, -0.018695), (0.070066996, -0.024737, -0.021207), (0.07160901, -0.026073, -0.020622998), (0.074567005, -0.026903, -0.014743), (0.068102, -0.023185, -0.024168998), (0.07472801, -0.027332999, -0.020483999), (0.071667, -0.026533999, -0.023519), (0.070102, -0.025748, -0.023059001), (0.074998, -0.026754998, -0.009831), (0.075889, -0.0274, -0.015715), (0.0736, -0.025662, -0.005665), (0.077511, -0.027395999, -0.009605), (0.072481, -0.02454, -0.0066360002), (0.07677899, -0.027207, -0.0068559996), (0.071867, -0.022197, -0.003025), (0.072925, -0.024837, -0.003112), (0.072561994, -0.023134, -0.0025870001), (0.074621, -0.026250998, -0.0031319999), (0.072589, -0.023836, 0.00014999999), (0.073771, -0.025711, 0.001253), (0.077238, -0.027289, -0.003072), (0.076428995, -0.027128998, -0.000477), (0.07268401, -0.024624, 0.002134), (0.078669, -0.027139999, -0.0061009997), (0.073222, -0.025153998, 0.004161), (0.07174901, -0.021663, 0.003418), (0.071522996, -0.021517, -0.000071), (0.071409, -0.019, -0.001022), (0.07602, -0.027044998, 0.003658), (0.07017399, -0.013963999, -0.0028330002), (0.077797994, -0.027407, 0.000996), (0.079169, -0.027126998, -0.003179), (0.078653, -0.027339, 0.004435), (0.07934901, -0.026958998, 0.002459), (0.080410995, -0.025685, -0.004955), (0.08055601, -0.025139999, 0.000477), (0.08025101, -0.025771, 0.0058689998), (0.080175, -0.024839, 0.00291), (0.079562, -0.024116, 0.0018219999), (0.079009, -0.026665999, 0.0078219995), (0.079857, -0.024721999, -0.0016079999), (0.079123005, -0.024054999, 0.006585), (0.079717994, -0.025141, 0.007843), (0.07744401, -0.027443, 0.008369), (0.07898, -0.026569, 0.010307999), (0.07906001, -0.024009999, 0.011578999), (0.076055996, -0.027079, 0.007857), (0.077379994, -0.027344998, 0.012310999), (0.073857, -0.025872, 0.0063349996), (0.07560501, -0.027200999, 0.013106), (0.073701, -0.026201, 0.010377), (0.07229801, -0.024410998, 0.0064850003), (0.072995, -0.025322, 0.008296), (0.07197899, -0.023736, 0.009382), (0.07239699, -0.025427, 0.011987999), (0.071457006, -0.02163, 0.0050199996), (0.073858, -0.026940998, 0.016346), (0.071318984, -0.018522, 0.0032890001), (0.076473, -0.027353998, 0.016579999), (0.07077, -0.017605, 0.000145), (0.070764, -0.017946, 0.004252), (0.070466004, -0.015405, 0.004383), (0.070365, -0.014758, 0.0007549999), (0.069955, -0.013917, 0.003411), (0.069767, -0.01429, 0.005693), (0.071515, -0.020613998, 0.0068519996), (0.070736, -0.017195, 0.006526), (0.071297996, -0.021134, 0.008582), (0.07036601, -0.017523, 0.008026999), (0.070864, -0.017936999, 0.009594), (0.070653, -0.020232, 0.011281), (0.070595995, -0.015996, 0.008123999), (0.069982, -0.01781, 0.012058999), (0.06986801, -0.014195, 0.0076069995), (0.069602996, -0.014816999, 0.009308999), (0.069685996, -0.015202, 0.012332999), (0.06965499, -0.013343, 0.010182), (0.07029601, -0.018749999, 0.013592999), (0.069003, -0.01615, 0.015818), (0.068864994, -0.012267999, 0.012017), (0.069515, -0.018981, 0.016781), (0.068705, -0.012826, 0.014378), (0.068357006, -0.014649, 0.017919), (0.067614995, -0.010302, 0.015551999), (0.068867, -0.010416999, 0.008756), (0.06830201, -0.0097199995, 0.01212), (0.069022, -0.011381, 0.007189), (0.069336, -0.010629999, 0.0058130003), (0.069295995, -0.010858, 0.0038730002), (0.068671994, -0.008656, 0.0050230003), (0.069767, -0.011512, 0.002527), (0.069226995, -0.009547, 0.001391), (0.069906, -0.012913, -0.000347), (0.068897, -0.009988, -0.000726), (0.069415, -0.011115, -0.0025639997), (0.068996005, -0.012124999, -0.0040439996), (0.068228, -0.007802, -0.002378), (0.068468995, -0.009107, -0.004073), (0.06816901, -0.009818, -0.006365), (0.068348, -0.008932999, -0.008311), (0.06768, -0.006883, -0.0070999996), (0.06737, -0.007019, -0.010736999), (0.067829, -0.008489, -0.011533999), (0.067459, -0.00928, -0.013044), (0.066759996, -0.007316, -0.014208999), (0.06612501, -0.004745, -0.010980999), (0.06534501, -0.003385, -0.0134), (0.06785301, -0.009953, -0.013802), (0.065453, -0.0023319998, -0.009781), (0.064546995, -0.000792, -0.011522), (0.063957006, 0.0014129999, -0.008978999), (0.066121995, -0.0035640001, -0.007434), (0.065329, -0.001116, -0.006449), (0.063419, 0.002692, -0.006367), (0.066277, -0.0030809997, -0.0055489996), (0.064552, 0.000344, -0.005245), (0.06306301, 0.003882, -0.004045), (0.066474, -0.0031420002, -0.003048), (0.064575, 0.000731, -0.0017159999), (0.067067996, -0.0049349996, -0.002897), (0.065271, -0.001456, -0.002556), (0.066920996, -0.003907, -0.00091999996), (0.065734, -0.001366, 0.001148), (0.06741, -0.0052920002, 0.001024), (0.062920995, 0.0039179996, -0.000966), (0.061673, 0.005693, -0.0017739999), (0.064092, 0.0015459999, 0.00039), (0.063193, 0.0037349998, 0.001044), (0.061355, 0.007271, 0.00040699998), (0.060762, 0.007813, -0.0015289999), (0.06464099, 0.00062799995, 0.0042250003), (0.060094997, 0.008103, 0.00044899998), (0.059393, 0.009515, -0.0012559999), (0.059748996, 0.009091, 0.002143), (0.058114998, 0.011311, -0.00056899997), (0.061689, 0.006129, 0.002053), (0.05772601, 0.012161, 0.001878), (0.055976, 0.013836, 0.00063), (0.063020006, 0.0037079998, 0.004163), (0.056608, 0.013231999, 0.004103), (0.057961997, 0.011417, 0.004743), (0.054724, 0.015474, 0.0032219999), (0.054588005, 0.0156229995, 0.000809), (0.052937, 0.017412, 0.002513), (0.05333601, 0.016723, 0.0056539997), (0.054343, 0.015415, 0.006602), (0.052059002, 0.018055, 0.0070149996), (0.051893, 0.018143998, 0.0032139998), (0.056434996, 0.013015999, 0.006467), (0.049781997, 0.019627, 0.0063859997), (0.049822, 0.020074999, 0.0047009997), (0.04732601, 0.022186998, 0.005829), (0.05027501, 0.019585, 0.007379), (0.048277, 0.021391, 0.0072039994), (0.051654, 0.017768, 0.008943), (0.048685998, 0.020483999, 0.009588), (0.046366, 0.022553, 0.009441), (0.045735996, 0.024098, 0.007101), (0.043987002, 0.02538, 0.00926), (0.044758, 0.023914, 0.011627001), (0.042751003, 0.02608, 0.01064), (0.043699, 0.024602, 0.013285), (0.047491997, 0.021191001, 0.011691), (0.045453, 0.022493998, 0.013402999), (0.043826997, 0.023234999, 0.016348999), (0.049324997, 0.019411, 0.013063999), (0.045678, 0.021414999, 0.016369998), (0.047434, 0.02014, 0.016365), (0.044492, 0.021591999, 0.019173), (0.04192601, 0.02321, 0.020272), (0.04257301, 0.021511, 0.023496998), (0.046083998, 0.020778, 0.018651), (0.045799, 0.020134, 0.020615999), (0.047969997, 0.018385, 0.019574), (0.047393996, 0.01749, 0.023308), (0.049471002, 0.017896, 0.016758999), (0.048373, 0.01722, 0.022249999), (0.050543997, 0.01838, 0.011175999), (0.051876, 0.016424, 0.01409), (0.05240201, 0.016427, 0.011808), (0.053796, 0.015715, 0.009420999), (0.05401801, 0.014417999, 0.012534999), (0.055333998, 0.014624, 0.0075609996), (0.056723997, 0.011895999, 0.009804999), (0.05545, 0.013541, 0.011273), (0.052673995, 0.014706, 0.01543), (0.05574, 0.012066999, 0.014242), (0.05179201, 0.015516999, 0.018068999), (0.053481996, 0.014213, 0.016074), (0.049510002, 0.017061999, 0.01967), (0.053804, 0.012646, 0.019019), (0.049015988, 0.016765999, 0.020787), (0.050222, 0.01574, 0.021846), (0.049753997, 0.01497, 0.023698999), (0.051315997, 0.014743, 0.020497), (0.053102, 0.013053, 0.020828), (0.051436, 0.013157, 0.024432), (0.050208, 0.013990999, 0.025657998), (0.048176996, 0.015427999, 0.026163999), (0.051028006, 0.0119280005, 0.026842), (0.052704, 0.0120749995, 0.022948), (0.052642997, 0.010914, 0.025251), (0.054585, 0.010143, 0.02302), (0.055375, 0.010112999, 0.020827), (0.054351, 0.009219999, 0.025373999), (0.056426007, 0.010109, 0.017772), (0.05354, 0.008954, 0.02733), (0.055081, 0.012537, 0.016018), (0.056220997, 0.010679999, 0.016244), (0.058707997, 0.007873, 0.015459999), (0.058368, 0.007516, 0.01747), (0.05748701, 0.007869, 0.01956), (0.060180996, 0.004805, 0.017626999), (0.05779001, 0.006521, 0.021349), (0.059193, 0.00513, 0.01948), (0.060432, 0.0029339998, 0.020497), (0.055915013, 0.0071469997, 0.024756998), (0.057522, 0.0049779997, 0.023981), (0.055458996, 0.0066339998, 0.026875999), (0.058755, 0.003509, 0.024052998), (0.058545988, 0.004533, 0.0222), (0.059583, 0.002318, 0.022767998), (0.061722998, -0.000068, 0.020639999), (0.05996601, 0.000895, 0.024335), (0.056276996, 0.004598, 0.027480999), (0.05756401, 0.0031279998, 0.025915999), (0.054639, 0.0055199997, 0.029536), (0.056702998, 0.00321, 0.029082), (0.051818, 0.009911999, 0.029484), (0.055285, 0.004154, 0.030808998), (0.049138997, 0.0132019995, 0.028422998), (0.052544013, 0.00679, 0.031413), (0.054303, 0.0039649997, 0.031884), (0.050630998, 0.009823999, 0.031005), (0.047536995, 0.014432, 0.028958), (0.047357, 0.013881, 0.030487001), (0.046235997, 0.016122, 0.028218998), (0.04547201, 0.018388, 0.025141), (0.043587998, 0.019687999, 0.025566999), (0.041178998, 0.020471001, 0.027453998), (0.04293601, 0.019203, 0.027777), (0.04064801, 0.019644, 0.030002998), (0.04304201, 0.018535, 0.029405998), (0.042446997, 0.01789, 0.031039), (0.038764, 0.018901, 0.033973), (0.044691, 0.016325999, 0.030908), (0.041185997, 0.017188, 0.033586), (0.045875, 0.013897, 0.032193), (0.04211, 0.017475, 0.032641), (0.04322001, 0.016485, 0.032237), (0.044866, 0.013796, 0.034176), (0.047533, 0.012092, 0.033092), (0.048884008, 0.0111839995, 0.031851), (0.048524998, 0.009573, 0.034075), (0.049633, 0.009001, 0.033793), (0.047172, 0.009281999, 0.036562), (0.051471, 0.0077429996, 0.033104), (0.04888, 0.007846, 0.035381), (0.05155, 0.0063090003, 0.032878), (0.050914995, 0.00665, 0.03428), (0.053060003, 0.0053979997, 0.032952998), (0.049928002, 0.006144, 0.036530998), (0.048642, 0.007922, 0.037284996), (0.04554901, 0.009928, 0.038017), (0.047336996, 0.00653, 0.039568998), (0.051064, 0.004873, 0.036579), (0.052312996, 0.004212, 0.03498), (0.05022501, 0.002912, 0.039127), (0.053256996, 0.004477, 0.034233), (0.053689998, 0.002788, 0.034339998), (0.052966997, 0.001345, 0.036125), (0.055143, 0.000294, 0.034684), (0.055704013, -0.000228, 0.033462998), (0.055944998, 0.0015309999, 0.032182), (0.056378, 0.000957, 0.031322997), (0.056652997, -0.001388, 0.033779), (0.05751, -0.000292, 0.030926), (0.054738, -0.000797, 0.036203), (0.058604997, -0.001114, 0.029566), (0.057878997, -0.00169, 0.031064998), (0.057681996, 0.002584, 0.026919), (0.058850996, -0.0034150002, 0.031839002), (0.059201997, 0.000608, 0.026668), (0.06092201, -0.006081, 0.030333), (0.061267998, -0.000624, 0.022555001), (0.060156997, -0.003089, 0.028589), (0.061297, -0.001421, 0.024394), (0.061010998, -0.002531, 0.025899999), (0.062926, -0.004369, 0.023886), (0.061219, -0.004274, 0.027862), (0.061986998, -0.0064279996, 0.027591), (0.063031994, -0.005741, 0.024833), (0.062860996, -0.0071569993, 0.027091), (0.06269001, -0.002773, 0.021868998), (0.064732, -0.0061959997, 0.021241), (0.062637, -0.001597, 0.020643), (0.063875, -0.004602, 0.020452), (0.064916, -0.005055, 0.018839998), (0.065158, -0.008397, 0.023013), (0.062375996, -0.0010459999, 0.018842999), (0.065547, -0.007791, 0.019863), (0.062210996, 0.00074, 0.017949998), (0.064842, -0.004153, 0.017266), (0.064029, -0.001929, 0.015849), (0.061560996, 0.002845, 0.0155569995), (0.062645, 0.000876, 0.016016), (0.065208994, -0.003756, 0.014362), (0.064086996, -0.000878, 0.014328999), (0.066044, -0.005802, 0.015283), (0.066080995, -0.004485, 0.012340999), (0.06267701, 0.002047, 0.013770999), (0.064368, -0.000505, 0.011655), (0.060448, 0.005682, 0.014497), (0.061329, 0.004109, 0.0141859995), (0.059302, 0.008249, 0.012491999), (0.060280997, 0.005942, 0.012723), (0.057919998, 0.009743, 0.0117190005), (0.058039997, 0.010684, 0.009487), (0.060040995, 0.007138, 0.010563), (0.061885998, 0.004106, 0.011802), (0.058369998, 0.010508999, 0.0069489996), (0.059708, 0.008536, 0.0083), (0.060201995, 0.007882, 0.0057630003), (0.06118801, 0.005938, 0.009164999), (0.061533008, 0.0067809997, 0.00398), (0.061736997, 0.005765, 0.005921), (0.062809, 0.004316, 0.006226), (0.062039, 0.004208, 0.009047), (0.063874, 0.001806, 0.006425), (0.062846996, 0.0033919998, 0.009768), (0.063710004, 0.001333, 0.012186), (0.063887, 0.000758, 0.009374999), (0.064773, -0.000658, 0.008165), (0.065288, -0.002291, 0.00998), (0.06570401, -0.0017499999, 0.005008), (0.06651101, -0.003752, 0.006005), (0.065876, -0.002435, 0.002788), (0.06658, -0.004317, 0.004979), (0.067323, -0.0046759997, 0.003041), (0.067895, -0.006771, 0.0020939999), (0.068289004, -0.0069199996, 0.003027), (0.067714006, -0.0063090003, 0.0049739997), (0.067676, -0.005859, 0.006447), (0.06809101, -0.0072329994, 0.007317), (0.06639, -0.004624, 0.010171), (0.06805699, -0.008705, 0.009416999), (0.067684, -0.0067879995, 0.009718999), (0.066847, -0.0063139996, 0.011438), (0.067519, -0.007925, 0.013162), (0.066601, -0.007947, 0.016795), (0.06675001, -0.0075419997, 0.01413), (0.067646995, -0.011233999, 0.01709), (0.066305995, -0.008457, 0.018889), (0.067007996, -0.011174, 0.018333), (0.066487, -0.011221, 0.021012), (0.06774701, -0.013501, 0.01932), (0.06785201, -0.017202, 0.020954), (0.068562, -0.017201, 0.019344999), (0.067227006, -0.01485, 0.021831), (0.069203, -0.021501, 0.018759), (0.06613101, -0.011806, 0.023595), (0.06678, -0.015300999, 0.023657998), (0.06509099, -0.010851, 0.024349999), (0.069042, -0.020978, 0.020014998), (0.065551005, -0.012975, 0.025806999), (0.069497995, -0.023196, 0.019611), (0.066352, -0.01723, 0.025394), (0.067896, -0.019718999, 0.023121), (0.064805, -0.01225, 0.026692), (0.064084, -0.007961, 0.025001999), (0.063177995, -0.0096929995, 0.028049), (0.062639, -0.008362, 0.029135998), (0.061697997, -0.008858, 0.030717999), (0.064036004, -0.011632, 0.028225), (0.06270599, -0.012602, 0.031349998), (0.060524996, -0.008404, 0.032768), (0.06406099, -0.014743, 0.029423), (0.064847, -0.014675, 0.028215), (0.063397, -0.014312, 0.031319), (0.065763995, -0.018985, 0.028242), (0.062909, -0.01542, 0.032132), (0.064468995, -0.019427, 0.031092998), (0.066334, -0.020515, 0.027107999), (0.065402, -0.021705998, 0.030327998), (0.06583399, -0.022009999, 0.028866999), (0.066803984, -0.024295999, 0.028591), (0.066456996, -0.025318, 0.030906998), (0.064738, -0.022944, 0.031273), (0.067485, -0.022356998, 0.025255999), (0.06406801, -0.023308, 0.033506997), (0.068004996, -0.021461, 0.022846999), (0.069303, -0.022892, 0.021085), (0.069168, -0.024539001, 0.02252), (0.068281, -0.024860999, 0.025882998), (0.067795, -0.025539, 0.028538), (0.070604, -0.026059, 0.024143), (0.070767, -0.026895, 0.027330998), (0.070655994, -0.025562998, 0.020615999), (0.072542, -0.027239, 0.024195999), (0.072133, -0.02627, 0.018795), (0.070573, -0.024231, 0.017394), (0.070688, -0.023099998, 0.013840999), (0.07161001, -0.024762, 0.014227999), (0.071405, -0.02334, 0.011935), (0.074871995, -0.027420001, 0.020947), (0.074654, -0.027197, 0.024670998), (0.07635001, -0.026924, 0.02037), (0.072886, -0.027504, 0.027947), (0.077688985, -0.026709, 0.016776), (0.06973501, -0.026944999, 0.030775001), (0.07872, -0.026041, 0.012464), (0.078713, -0.025102999, 0.014946001), (0.078467995, -0.024714, 0.016448999), (0.077295996, -0.023694, 0.01473), (0.077626, -0.026036998, 0.018825), (0.076237, -0.026454998, 0.023310998), (0.07758699, -0.024712998, 0.020425), (0.074526, -0.026463998, 0.028167), (0.076559, -0.024879, 0.023931999), (0.076764, -0.023585, 0.018786), (0.076009, -0.023907999, 0.023066001), (0.075021, -0.0238, 0.024183), (0.07441101, -0.024928998, 0.029777998), (0.07353401, -0.023722, 0.028580999), (0.073822, -0.025246, 0.020567998), (0.072545, -0.025380999, 0.025088), (0.07299301, -0.024158001, 0.032233), (0.074571, -0.025525, 0.016675), (0.072961, -0.02498, 0.033368), (0.071508996, -0.023604, 0.033236), (0.071214, -0.0256, 0.028715998), (0.071368985, -0.025341, 0.024588998), (0.071791, -0.024781998, 0.019737), (0.068845, -0.024894, 0.029421), (0.070299, -0.024124999, 0.02298), (0.069589, -0.025366, 0.032578), (0.069078, -0.023771998, 0.025632998), (0.069743, -0.022065, 0.021835), (0.07184901, -0.023911, 0.016554), (0.06786399, -0.023380999, 0.028234), (0.073611, -0.025385998, 0.014981), (0.067742996, -0.025104, 0.031974), (0.06814, -0.020915, 0.026043998), (0.066108994, -0.021904, 0.030903999), (0.066920005, -0.019925999, 0.028603), (0.066988, -0.025471998, 0.034759), (0.065998994, -0.023945998, 0.033191), (0.06672, -0.025387, 0.038264997), (0.065568, -0.025139999, 0.036431998), (0.064100996, -0.022866001, 0.035422), (0.064675994, -0.021282, 0.033806), (0.064242005, -0.024681998, 0.037740998), (0.063051, -0.021963, 0.037124), (0.064677, -0.017309, 0.032332998), (0.062361997, -0.018537, 0.03695), (0.061157998, -0.023162, 0.040505), (0.060131997, -0.017359, 0.039982), (0.0625, -0.016332999, 0.036054), (0.06357, -0.025271999, 0.039533), (0.064967, -0.013902, 0.030192), (0.06441201, -0.02543, 0.042106), (0.066416994, -0.014771, 0.027312), (0.061153997, -0.013656, 0.037155), (0.067873, -0.016267998, 0.024166), (0.06889901, -0.017692, 0.021895), (0.068858996, -0.014397, 0.019716), (0.070087, -0.018368, 0.018230999), (0.068059, -0.012999999, 0.021664), (0.070396, -0.020506, 0.018566), (0.068765, -0.010751, 0.016591), (0.071738, -0.022004, 0.014101), (0.070994, -0.019382, 0.014920999), (0.069523, -0.012839, 0.015819), (0.070796005, -0.016858999, 0.014046), (0.071829006, -0.018066, 0.009635), (0.070864, -0.014264999, 0.01049), (0.072449, -0.021594, 0.009301), (0.072339006, -0.018752, 0.005134), (0.069568, -0.010775, 0.012158999), (0.071128994, -0.013603999, 0.007286), (0.070553996, -0.011167, 0.0062599997), (0.068182, -0.007834, 0.015241999), (0.07158201, -0.014254, 0.002771), (0.06914401, -0.008015, 0.00935), (0.066994, -0.006972, 0.017997), (0.067329995, -0.0057749995, 0.014521), (0.067729995, -0.010278, 0.019828), (0.066676, -0.010585999, 0.023067998), (0.066217996, -0.006801, 0.020987), (0.066079, -0.010303, 0.024935), (0.066022, -0.008389, 0.023106), (0.06484001, -0.004045, 0.020619), (0.06468599, -0.0056709996, 0.023678), (0.064168, -0.010499001, 0.029646), (0.066363, -0.00501, 0.017874999), (0.061947998, -0.011550999, 0.034705997), (0.066468, -0.003731, 0.01426), (0.060258, -0.010202, 0.036872), (0.060889, -0.007165, 0.03366), (0.059558008, -0.013617001, 0.039674997), (0.05949501, -0.008769999, 0.036884), (0.062556, -0.0064179995, 0.029772), (0.064808995, -0.007991, 0.026043), (0.06347701, -0.004844, 0.025864998), (0.060631998, -0.002838, 0.029821998), (0.064045, -0.003626, 0.022397), (0.061697997, -0.00279, 0.027616), (0.06263, -0.001312, 0.023555), (0.060823996, 0.00022999999, 0.02565), (0.062445, 0.00063100003, 0.021099998), (0.06394001, -0.000945, 0.018615), (0.058618, 0.0018649999, 0.028955), (0.06449399, 0.000025, 0.015103), (0.058879, -0.00078699994, 0.031175), (0.062684, 0.002563, 0.017043998), (0.065384, -0.001065, 0.013019), (0.066993, -0.003899, 0.011404), (0.068197995, -0.005815, 0.010382), (0.068627, -0.005733, 0.006081), (0.066312, -0.0019239999, 0.009455), (0.069391996, -0.0077539994, 0.005572), (0.067495994, -0.0034299998, 0.0069029997), (0.07007101, -0.009058, 0.002736), (0.067519, -0.0031650001, 0.003201), (0.06860799, -0.005051, 0.001518), (0.06639801, -0.000915, 0.005303), (0.066941, -0.001647, 0.000145), (0.06925099, -0.006695, -0.0015090001), (0.065299, 0.0013869999, 0.0059979996), (0.070631996, -0.010231, -0.000128), (0.06505101, 0.000646, 0.010744999), (0.070937, -0.011778001, -0.001815), (0.071472995, -0.013818999, -0.003034), (0.068028994, -0.004127, -0.003896), (0.070068, -0.008866999, -0.003024), (0.069152996, -0.006888, -0.0037069998), (0.07032401, -0.010339, -0.005353), (0.06947401, -0.00827, -0.00811), (0.068045, -0.005156, -0.008641), (0.070886, -0.012499, -0.0067269998), (0.06896101, -0.007957, -0.010791), (0.07108201, -0.014250999, -0.008769999), (0.066442005, -0.00087899994, -0.004564), (0.070271, -0.012340999, -0.011416), (0.065843, 0.00065899995, -0.0037999998), (0.068549, -0.009837, -0.01597), (0.065262005, 0.001833, 0.002173), (0.065111, 0.001131, -0.007631), (0.064518005, 0.0030619998, -0.002929), (0.066083, -0.001117, -0.009275), (0.064247, 0.003388, -0.0055119996), (0.064778, 0.001126, -0.010714999), (0.066028, -0.002078, -0.0120790005), (0.067483, -0.0055279997, -0.013009), (0.063182995, 0.0045149997, -0.009624), (0.06773901, -0.007113, -0.015016), (0.06597801, -0.003433, -0.015364), (0.063565, 0.001952, -0.014667999), (0.06558401, -0.00467, -0.019317), (0.06263, 0.005975, -0.005636), (0.066768, -0.0076789996, -0.019673001), (0.064527, -0.0027919998, -0.019674), (0.064313, -0.0013009999, -0.018243998), (0.06180501, 0.00039099998, -0.02319), (0.062223, 0.0057349997, -0.009989), (0.064415, -0.005097, -0.023529), (0.061409, 0.0032929997, -0.019766), (0.062552996, -0.003506, -0.026117), (0.062199008, 0.0044029998, -0.014696999), (0.064225994, -0.006337, -0.025309), (0.061072998, 0.006807, -0.012685999), (0.060716, 0.005399, -0.017533999), (0.06124, 0.007661, -0.009559999), (0.06092801, 0.005875, -0.015516999), (0.059403, 0.008886, -0.014450999), (0.059397995, 0.007285, -0.018266), (0.058099996, 0.009857, -0.016962), (0.058393996, 0.011087, -0.011027), (0.057189997, 0.012128, -0.012982), (0.061162, 0.008395, -0.00595), (0.05971301, 0.010159, -0.007235), (0.063116, 0.005748, -0.00135), (0.060823996, 0.009247, -0.002652), (0.063660994, 0.004733, 0.002301), (0.06067, 0.0096229995, 0.001252), (0.057993997, 0.012465, -0.0059689996), (0.06383501, 0.0036209999, 0.006401), (0.057182, 0.013591, -0.0070929998), (0.058572996, 0.012227, -0.0039729998), (0.05835101, 0.012599, -0.00082599994), (0.056941997, 0.013954001, -0.002619), (0.056484, 0.01373, -0.010167), (0.058864996, 0.011601999, 0.003233), (0.054332, 0.015207999, -0.013963999), (0.057258, 0.013811999, 0.001953), (0.059949998, 0.010217, 0.003927), (0.058886, 0.011622, 0.005901), (0.062562995, 0.00623, 0.004539), (0.058117, 0.012221, 0.007824), (0.063465, 0.004487, 0.007429), (0.061318997, 0.008324, 0.0053479997), (0.064592, 0.002324, 0.008058), (0.060411, 0.009125, 0.008444), (0.061711997, 0.007045, 0.008651), (0.063640006, 0.002928, 0.010469), (0.063645005, 0.0029739998, 0.01225), (0.062827, 0.004971, 0.009771), (0.062360007, 0.005484, 0.01169), (0.062055, 0.004682, 0.014347), (0.060728997, 0.0073679998, 0.012878999), (0.05950201, 0.006491, 0.019444), (0.05989501, 0.009548, 0.010565), (0.059393, 0.008130999, 0.016552), (0.05946101, 0.009757, 0.009029), (0.058428995, 0.011413, 0.010136), (0.059004, 0.009446, 0.014533999), (0.056339998, 0.011474, 0.018725999), (0.056165, 0.013671, 0.012577999), (0.061256997, 0.003748, 0.019599), (0.059876997, 0.0047049997, 0.022079999), (0.05695, 0.008902, 0.022358999), (0.060151, 0.0029679998, 0.023951001), (0.056784008, 0.0073599997, 0.025422), (0.059113998, 0.0025529999, 0.026601), (0.060156997, 0.0010469999, 0.026796998), (0.058114, 0.004363, 0.02684), (0.056941997, 0.004697, 0.028742), (0.055468, 0.007544, 0.027813), (0.057006996, 0.0020209998, 0.031858), (0.054974012, 0.010034, 0.024842998), (0.058946, -0.003545, 0.033731), (0.053758997, 0.013003, 0.022088), (0.058886997, -0.005703, 0.036048), (0.052814998, 0.014608999, 0.020427998), (0.05831, -0.006836, 0.037688997), (0.05874501, -0.009308999, 0.038813), (0.056364, -0.0059640002, 0.039961), (0.056642998, -0.0023319998, 0.036521997), (0.055972, 0.000574, 0.03518), (0.056932997, -0.010582, 0.042069998), (0.054138012, -0.001663, 0.039761), (0.057284996, -0.013884, 0.043182995), (0.053873, 0.0015919999, 0.037354), (0.05832201, -0.017029, 0.042636), (0.053474, -0.011959, 0.047111), (0.059715997, -0.020962998, 0.041885998), (0.055552, -0.014441, 0.045370996), (0.056691, -0.017497, 0.04498), (0.054205988, -0.00756, 0.044004995), (0.05527701, -0.016658999, 0.046292), (0.054517, -0.004375, 0.041325998), (0.057465, -0.021303, 0.044784997), (0.055236, -0.02002, 0.047314), (0.059007, -0.024015998, 0.044076), (0.054856, -0.017409, 0.047323998), (0.06008, -0.023854, 0.043006), (0.053234, -0.019098, 0.049446), (0.052210998, -0.016154999, 0.04972), (0.054607008, -0.022300998, 0.048607), (0.05193301, -0.012367999, 0.048969), (0.049581, -0.012831, 0.051503), (0.04788701, -0.009897, 0.051876), (0.056283, -0.022572, 0.047020998), (0.056156997, -0.024384, 0.048669), (0.058298998, -0.023418, 0.045005), (0.058239996, -0.025086999, 0.047146), (0.057903, -0.0254, 0.049946), (0.06048501, -0.025351, 0.045219), (0.062167, -0.025546998, 0.044533), (0.05894801, -0.025164999, 0.049956), (0.061284, -0.024804, 0.042564), (0.063232996, -0.025264999, 0.041383), (0.063175, -0.023636999, 0.046837), (0.06057, -0.023632, 0.050127), (0.059120998, -0.023368001, 0.052344996), (0.06079701, -0.023907999, 0.053094), (0.064942, -0.023956, 0.044043), (0.061704997, -0.024563, 0.051801), (0.060865, -0.024735, 0.053517997), (0.063467994, -0.023935, 0.049449), (0.065208, -0.023734, 0.045651), (0.066758, -0.02387, 0.04103), (0.069254994, -0.023664998, 0.038055), (0.067443, -0.023827, 0.041887), (0.07147601, -0.024593, 0.036542), (0.069662, -0.024633998, 0.03963), (0.071215, -0.026638, 0.035358), (0.068066, -0.024516, 0.042237), (0.072147995, -0.027281, 0.030818999), (0.067236, -0.02434, 0.044014), (0.070342, -0.027209999, 0.033794), (0.065873995, -0.02467, 0.045776), (0.06726, -0.025954, 0.043557), (0.064857, -0.02625, 0.046574), (0.06920801, -0.026586, 0.039265), (0.065756, -0.027054999, 0.043308), (0.067921, -0.027258, 0.038415), (0.063144, -0.026166998, 0.048984997), (0.06749, -0.027132, 0.036391), (0.061049998, -0.026013, 0.052041), (0.058895, -0.024717, 0.055111), (0.062315997, -0.027105, 0.04765), (0.058839, -0.026556, 0.053639997), (0.05537, -0.026171999, 0.057502996), (0.059250996, -0.027067, 0.051609), (0.056799997, -0.027064, 0.053962), (0.052434, -0.027, 0.057618998), (0.058642, -0.027114, 0.049892), (0.05990901, -0.026610998, 0.046451997), (0.055894, -0.025912, 0.049363997), (0.053846, -0.026556998, 0.053771), (0.06274601, -0.026982998, 0.043562002), (0.050270006, -0.026345998, 0.056148), (0.04712401, -0.026410999, 0.05911901), (0.054267, -0.026135001, 0.05136), (0.04740201, -0.025262, 0.056672), (0.045052, -0.02499, 0.057850998), (0.051269002, -0.025693, 0.05392), (0.048046988, -0.024440998, 0.054557), (0.045927, -0.023503, 0.055976), (0.042729, -0.022702, 0.058267996), (0.053026, -0.024408, 0.050026), (0.050155, -0.024896, 0.053246997), (0.04847001, -0.022795, 0.053846996), (0.046795998, -0.022197999, 0.054741), (0.049412012, -0.022974998, 0.052279), (0.04291, -0.021080999, 0.057942998), (0.040304013, -0.021991, 0.059857998), (0.051542, -0.022218999, 0.050833996), (0.039579008, -0.018405, 0.059479), (0.038718, -0.020133, 0.060555), (0.044389, -0.021120999, 0.056633), (0.042365998, -0.017329, 0.057091996), (0.038574, -0.01603, 0.059762996), (0.03648901, -0.016499, 0.061139), (0.040466998, -0.016157, 0.058418002), (0.041610997, -0.013355, 0.056920998), (0.038909, -0.013637, 0.058846), (0.036649, -0.012158999, 0.059908997), (0.035027, -0.013772, 0.061373), (0.033735998, -0.014187, 0.062144987), (0.033205, -0.010736001, 0.061451), (0.031287, -0.012323999, 0.062947), (0.037706, -0.010222, 0.05852201), (0.034943, -0.010352, 0.060255997), (0.033334997, -0.008109, 0.060360987), (0.035264, -0.008894, 0.059773), (0.030801998, -0.007647, 0.06169), (0.032981, -0.005697, 0.059552997), (0.035267998, -0.006254, 0.058396), (0.03937, -0.008781999, 0.056948), (0.036824998, -0.0064279996, 0.057603996), (0.035415, -0.0044, 0.057449), (0.036659, -0.00435, 0.056219), (0.038289, -0.004772, 0.055911), (0.035712, -0.0020609999, 0.055666998), (0.036991, -0.00314, 0.055686995), (0.040068988, -0.00632, 0.05526), (0.039579008, -0.003685, 0.054229997), (0.03844401, -0.0016969999, 0.053856), (0.034213, -0.000816, 0.056391), (0.035271, 0.000683, 0.054750998), (0.032107998, -0.00083800004, 0.057299998), (0.032961998, 0.0022, 0.055490997), (0.031827, 0.0015539998, 0.056196988), (0.030415999, -0.0015049999, 0.058937), (0.03004, 0.003508, 0.055833), (0.03067801, 0.000537, 0.057609), (0.029135, 0.001588, 0.05748), (0.02727901, 0.001168, 0.058842), (0.03396101, 0.002838, 0.054266), (0.030848, 0.004553, 0.055054996), (0.032598, 0.0052389996, 0.053213), (0.029224997, -0.00030699998, 0.058617), (0.027625, -0.001174, 0.060033), (0.030077, -0.003061, 0.059676), (0.028908, -0.004719, 0.061328), (0.026991999, -0.004162, 0.061785996), (0.030652, -0.005138, 0.060723), (0.02529, -0.006224, 0.063644), (0.028258, -0.0078879995, 0.062943), (0.026783999, -0.008658, 0.064151), (0.029602999, -0.0118700005, 0.063797), (0.026756998, -0.010466, 0.064445), (0.023141999, -0.008974999, 0.065377995), (0.023334999, -0.0072759995, 0.064791), (0.023276, -0.0071679996, 0.064784), (0.023276, -0.0071679996, 0.064784), (0.037414, 0.0014049999, 0.052736), (0.035599, 0.004058, 0.052281998), (0.039465, 0.000003, 0.05189), (0.034557, 0.005587, 0.051790997), (0.033219, 0.008159, 0.051041998), (0.037643, 0.004061, 0.050949), (0.035172, 0.0070829997, 0.050279997), (0.033774998, 0.010186, 0.048712), (0.03705801, 0.005709, 0.050001998), (0.036601, 0.0075359996, 0.048795998), (0.036594, 0.0093829995, 0.047420997), (0.034656, 0.011627001, 0.046834), (0.038601, 0.006367, 0.048453), (0.038619008, 0.010073, 0.045215), (0.037187, 0.01075, 0.045163002), (0.035715, 0.012670999, 0.044752996), (0.037559, 0.01344, 0.042536996), (0.038915, 0.0079769995, 0.046432), (0.040384997, 0.010281, 0.04315), (0.040122, 0.008993, 0.045006998), (0.040682998, 0.0072129997, 0.045842998), (0.042482, 0.008270999, 0.043284997), (0.04056, 0.012147999, 0.041236), (0.04121801, 0.0053189998, 0.046469998), (0.039036, 0.015348, 0.038565), (0.037871998, 0.015453, 0.040058997), (0.038096998, 0.017319, 0.037076), (0.042517, 0.005442, 0.045806997), (0.039968, 0.0044549997, 0.048628), (0.04384201, 0.0031929999, 0.046124), (0.039758, 0.002013, 0.050468996), (0.042399995, 0.002025, 0.048157), (0.041870013, -0.00046799998, 0.050359998), (0.041349, 0.001192, 0.049366), (0.043759998, -0.00012699999, 0.048373), (0.045355, -0.000267, 0.047058), (0.043709997, -0.001978, 0.049324997), (0.040825, -0.002477, 0.052399), (0.041987, -0.001579, 0.051257), (0.041985996, -0.0059619998, 0.053434), (0.042768996, -0.0051239994, 0.052726), (0.041849, -0.006917, 0.054369), (0.043797996, -0.009138, 0.053553), (0.041360002, -0.008501, 0.055324998), (0.042396996, -0.009845, 0.05526999), (0.043182995, -0.011305, 0.054833002), (0.044773, -0.010507999, 0.053474996), (0.04449, -0.013718999, 0.054819003), (0.043663, -0.017699, 0.056525), (0.04606901, -0.014079, 0.053303998), (0.044816, -0.019735, 0.055685), (0.045584995, -0.016561, 0.054488), (0.046425, -0.019213, 0.054492), (0.048076, -0.01945, 0.053039998), (0.0502, -0.020649, 0.051209), (0.048066, -0.015811, 0.052167), (0.050447002, -0.018744, 0.050228), (0.052201, -0.020977002, 0.049753), (0.046792, -0.011767, 0.052130997), (0.049732998, -0.015052, 0.050467), (0.045213, -0.008764, 0.052223), (0.048281003, -0.01299, 0.051), (0.04413001, -0.005468, 0.051216997), (0.045828, -0.006718, 0.051119998), (0.045252, -0.004276, 0.049671996), (0.048386, -0.0118350005, 0.049671996), (0.047511, -0.0098439995, 0.050183), (0.047259998, -0.0070249997, 0.049804), (0.04597, -0.0029359998, 0.048491), (0.047526997, -0.0057139997, 0.048566997), (0.04959301, -0.008251, 0.047663), (0.047675, -0.0037749999, 0.047114), (0.048171, -0.0021799998, 0.045693), (0.046823, -0.00054, 0.045689996), (0.046493, 0.002212, 0.044074), (0.049092997, -0.000462, 0.042714), (0.049882002, -0.002065, 0.043580998), (0.044712, 0.004491, 0.044337), (0.04375901, 0.005815, 0.043479), (0.045749996, 0.004995, 0.042616), (0.045020998, 0.007706, 0.041231997), (0.048095003, 0.004076, 0.040393), (0.050177, 0.00089799997, 0.041052), (0.044830997, 0.009159, 0.039685), (0.04342201, 0.009861999, 0.040711), (0.043857, 0.011677999, 0.037797), (0.042139, 0.011708, 0.039837997), (0.042045012, 0.013119, 0.038319997), (0.04002901, 0.014238, 0.039477), (0.04385601, 0.013586, 0.036013998), (0.039907, 0.016331, 0.036682), (0.04169, 0.015851999, 0.035385), (0.05156, 0.001161, 0.03811), (0.051909998, -0.000642, 0.039598), (0.053606, -0.0012149999, 0.038392), (0.053800996, -0.001057, 0.037081998), (0.05356699, -0.002551, 0.038978), (0.05486001, -0.0032, 0.037522), (0.052635, -0.0024279999, 0.040873), (0.055668995, -0.0028080002, 0.035481), (0.056114, -0.004485, 0.036658), (0.054382, -0.004917, 0.039853998), (0.05585101, -0.004716, 0.037929), (0.058015008, -0.004688, 0.034267), (0.057849, -0.006002, 0.035942998), (0.059224, -0.0054019997, 0.03246), (0.059570998, -0.007195, 0.033836998), (0.058716, -0.008626, 0.036645997), (0.059637997, -0.009130999, 0.034266), (0.06073801, -0.012278, 0.034026), (0.05975601, -0.009717, 0.035419), (0.06138, -0.011101, 0.033205), (0.062335, -0.013346, 0.032988), (0.061753996, -0.014506, 0.034394), (0.060677998, -0.012301, 0.035199), (0.059504, -0.012247999, 0.037258998), (0.060744, -0.015451999, 0.036486), (0.06205201, -0.01753, 0.034839), (0.063817, -0.018452, 0.03238), (0.062963, -0.018991, 0.033485997), (0.06300701, -0.021132, 0.034897), (0.059600007, -0.016365, 0.038461998), (0.06231801, -0.023863, 0.036743), (0.058354, -0.0129889995, 0.039182), (0.061299, -0.022163998, 0.037881996), (0.060960997, -0.019588, 0.037274), (0.060015995, -0.01846, 0.039021), (0.057877, -0.015175, 0.040591), (0.05674201, -0.013249, 0.041603997), (0.060356997, -0.022408, 0.039809998), (0.059195008, -0.020423999, 0.039966), (0.058289, -0.019134998, 0.041247), (0.05666501, -0.016274, 0.042485), (0.05561201, -0.014836, 0.043725), (0.05654601, -0.018084, 0.043705), (0.055526, -0.011749, 0.041917), (0.05432499, -0.016143, 0.045788996), (0.056684997, -0.011131999, 0.040876), (0.05451601, -0.011553, 0.044166997), (0.057406995, -0.01039, 0.039054), (0.054493997, -0.013375999, 0.044935998), (0.057378996, -0.00885, 0.038568), (0.05558401, -0.00881, 0.041089), (0.056799002, -0.006848, 0.03762), (0.056100998, -0.0066549997, 0.03933), (0.054759, -0.008065, 0.042152), (0.053520996, -0.0056950003, 0.041864), (0.052610997, -0.010171, 0.04544), (0.051958, -0.003993, 0.042124), (0.05276101, -0.00783, 0.044042), (0.052027997, -0.004899, 0.043626), (0.05063, -0.0055659995, 0.045204), (0.050138, -0.003183, 0.043801997), (0.04954001, -0.0051349998, 0.046402), (0.050946996, -0.008622, 0.046718), (0.049819, -0.010209, 0.04847), (0.052849002, -0.013075, 0.046667), (0.050135, -0.012932, 0.049381997), (0.05146901, -0.014082, 0.047973998), (0.051794, -0.016529, 0.04873), (0.053246003, -0.01743, 0.047687), (0.052591, -0.019269, 0.048400998), (0.054872997, -0.019321, 0.046293), (0.053267002, -0.021292, 0.048052), (0.054201, -0.021053, 0.046915002), (0.05477701, -0.022803, 0.047636), (0.056388002, -0.021659, 0.044726), (0.055924, -0.019813, 0.04459), (0.056062996, -0.024688998, 0.04665), (0.057109997, -0.020452, 0.043583002), (0.057638995, -0.025325, 0.045638997), (0.057427, -0.02013, 0.042852), (0.060372, -0.025688, 0.042585), (0.057631996, -0.021571, 0.042793997), (0.058699, -0.023643, 0.042046), (0.059993, -0.024544, 0.040577002), (0.06167901, -0.025576, 0.039992), (0.065398, -0.027058998, 0.03971), (0.064552, -0.025979, 0.036828), (0.067588, -0.026594, 0.032954), (0.065109, -0.025344998, 0.033993002), (0.023101998, -0.0071159997, 0.064857), (0.023276, -0.0071679996, 0.064784), (0.02319, -0.007142, 0.06482), (0.021565001, -0.006563, 0.064928), (0.023141999, -0.008974999, 0.065377995), (0.023276, -0.0071679996, 0.064784), (0.020999, -0.009338, 0.066447), (0.020335, -0.005921, 0.065418), (0.019095, -0.007505, 0.066213004), (0.017811, -0.005258, 0.065601), (0.016353, -0.006329, 0.066668), (0.015450999, -0.0057289996, 0.066207), (0.0125049995, -0.0067439997, 0.067684), (0.01824501, -0.009319999, 0.066991), (0.016183, -0.009151, 0.06764), (0.013157, -0.009237, 0.068425), (0.020840999, -0.012278, 0.067034), (0.018908, -0.011445, 0.067674994), (0.01444901, -0.011268999, 0.068513), (0.018415999, -0.013286, 0.068407), (0.02273601, -0.0124820005, 0.066759), (0.021618, -0.014485, 0.067557), (0.023882998, -0.010671, 0.065854), (0.025360998, -0.012870999, 0.065827), (0.026756998, -0.010466, 0.064445), (0.023238, -0.015102, 0.06708), (0.028254999, -0.013648, 0.064765), (0.029602999, -0.0118700005, 0.063797), (0.031287, -0.012323999, 0.062947), (0.027019, -0.015032, 0.065634996), (0.030429998, -0.016925, 0.06447899), (0.032346997, -0.015276, 0.063209), (0.033735998, -0.014187, 0.062144987), (0.026717, -0.017352, 0.066262), (0.034375, -0.016918, 0.062684), (0.024428, -0.018257, 0.067116), (0.035133, -0.017423, 0.061806995), (0.03648901, -0.016499, 0.061139), (0.032927, -0.018116, 0.063650995), (0.035297997, -0.018926999, 0.062384), (0.038718, -0.020133, 0.060555), (0.031524997, -0.020890998, 0.064683996), (0.030604, -0.020041998, 0.065262996), (0.028278, -0.020078, 0.065968), (0.025266, -0.020771999, 0.067581), (0.02849, -0.021512, 0.06648499), (0.021217998, -0.01801, 0.068475), (0.027107, -0.021761, 0.066952), (0.01867, -0.014842, 0.06843101), (0.029518, -0.023477001, 0.066432), (0.015898, -0.016111, 0.06930099), (0.018398, -0.017267, 0.069043), (0.014616999, -0.0136899995, 0.06924), (0.014254, -0.017243, 0.069791004), (0.012625, -0.013664, 0.06940701), (0.0115869995, -0.011701999, 0.069417), (0.010985, -0.0136319995, 0.070149), (0.010136, -0.010957, 0.068674), (0.009431, -0.0077209994, 0.068204), (0.0066009997, -0.008535, 0.069155), (0.0069630095, -0.011088999, 0.06999), (0.0045539998, -0.010314999, 0.069944), (0.008048, -0.013868999, 0.07053), (0.003858, -0.013861001, 0.070875), (0.001912, -0.010549999, 0.070101), (0.00006699999, -0.012819999, 0.0708), (0.0058609997, -0.014894, 0.070798), (0.0011509999, -0.014945, 0.071145), (-0.0019679999, -0.0145849995, 0.071031995), (0.003519, -0.016210001, 0.071181), (0.005517, -0.017448999, 0.071642), (0.0017309999, -0.018336, 0.071771), (0.008272, -0.016875999, 0.070979), (0.010432, -0.015824, 0.070348), (0.0079729995, -0.020134998, 0.071525), (0.0120210005, -0.017355999, 0.07043), (0.009767, -0.019046, 0.071202), (0.006085, -0.020192001, 0.071986996), (0.009035, -0.023938, 0.072553), (0.005855, -0.023041999, 0.072698995), (0.004686, -0.021073999, 0.07200699), (-0.001752, -0.016843999, 0.071681), (-0.004045, -0.014939999, 0.071090996), (-0.002358, -0.020151, 0.0717), (0.0011240001, -0.021679, 0.072511), (-0.004698, -0.019629, 0.07197001), (-0.005995, -0.017183, 0.071339995), (-0.007275, -0.018315999, 0.071343), (-0.00042399997, -0.019776, 0.072038), (-0.000824, -0.021852, 0.072197996), (-0.002931, -0.021647999, 0.072321), (-0.0050569996, -0.021445999, 0.072), (-0.0069359997, -0.022978, 0.072556), (-0.009156, -0.020204999, 0.071548), (-0.004051, -0.023339, 0.072925), (-0.001106, -0.024029, 0.073548004), (-0.010416999, -0.021877998, 0.071691), (-0.012237, -0.020064, 0.071279995), (-0.004018, -0.024908999, 0.074140005), (-0.011760999, -0.023276998, 0.072071), (-0.014809999, -0.021682998, 0.071061), (-0.0089839995, -0.024182, 0.073096), (-0.013739999, -0.023556001, 0.072111), (-0.016944999, -0.021698, 0.070492), (-0.011444, -0.024637, 0.073217), (-0.0067169997, -0.024709, 0.073937), (-0.011203, -0.025824001, 0.07536799), (-0.013815, -0.025473, 0.074028), (-0.01636, -0.024844, 0.072730996), (-0.0154369995, -0.026228001, 0.075641), (-0.018856999, -0.023893, 0.071142), (-0.019648999, -0.022639, 0.070125), (-0.023446, -0.024883, 0.070993), (-0.018997, -0.026252, 0.074334), (-0.022072999, -0.026175998, 0.073405), (-0.027557999, -0.026034998, 0.071908996), (-0.019696, -0.026512, 0.076060995), (-0.016199, -0.026387999, 0.076822996), (-0.022794, -0.02615, 0.07618299), (-0.012227, -0.02632, 0.077661), (-0.018586, -0.025813, 0.077902995), (-0.012980999, -0.025866998, 0.078759), (-0.009613999, -0.026295999, 0.076953), (-0.005467, -0.025878, 0.075967), (-0.00753, -0.026304, 0.07854899), (-0.003015, -0.026331, 0.07727), (0.00006, -0.025308, 0.074688), (-0.0016099999, -0.026308, 0.079306), (0.0016549999, -0.023763001, 0.073361), (0.00049199996, -0.026243998, 0.076514), (0.003264, -0.025641, 0.075212), (0.0036199999, -0.022551, 0.072730996), (0.0030899998, -0.024425, 0.073411), (0.004898, -0.024288, 0.07339), (0.007504, -0.025176, 0.073843), (0.001516, -0.026517, 0.07894), (0.0052589998, -0.026651, 0.077257), (0.010755, -0.025179999, 0.07367599), (0.004599, -0.026473999, 0.078678995), (0.010952999, -0.023131, 0.071944), (0.003896, -0.025643, 0.079952), (0.010873999, -0.020961, 0.071177), (0.001956, -0.024837, 0.080732), (0.013046999, -0.018569, 0.07078), (0.014014999, -0.019738998, 0.070531), (0.0131089995, -0.021439, 0.070662), (0.016601, -0.020404, 0.070139), (0.0133609995, -0.023373999, 0.07186399), (0.014541, -0.022967, 0.07102201), (0.0134809995, -0.024972, 0.072665), (0.015803, -0.025051998, 0.072315), (0.017755998, -0.023798, 0.07084701), (0.018499, -0.019753, 0.069366), (0.020192001, -0.022381999, 0.069799), (0.022821, -0.021577999, 0.068183), (0.022657001, -0.02463, 0.070020996), (0.026215998, -0.023791999, 0.067949), (0.022104, -0.023178, 0.069693), (0.023933, -0.023807999, 0.068892), (0.020099001, -0.025548998, 0.071721), (0.025023999, -0.025527, 0.07012), (0.016332, -0.026693, 0.074843), (0.025816, -0.026771, 0.072901), (0.01253, -0.026552998, 0.075608), (0.020472009, -0.026828, 0.074701), (0.016662, -0.026817, 0.076152), (0.008507, -0.026763, 0.07743299), (0.012833, -0.026714, 0.077705994), (0.018622, -0.026345998, 0.077524), (0.00545, -0.026063, 0.07975901), (0.008213, -0.025936, 0.079627), (0.003819, -0.023827, 0.080497995), (0.006244, -0.024672, 0.08029299), (0.011724, -0.025887, 0.079123), (0.0116260005, -0.024512, 0.07971499), (0.014159, -0.025401, 0.078939), (0.009765999, -0.023780998, 0.079835), (0.015500999, -0.024093999, 0.07882), (0.00623, -0.022998, 0.079303995), (0.012667, -0.023324, 0.078527994), (0.019227, -0.024598999, 0.07819), (0.016374, -0.023122, 0.07790401), (0.018168999, -0.023643, 0.077856), (0.005881, -0.02333, 0.078311), (0.011849, -0.023461001, 0.077854), (0.015801, -0.023729999, 0.076469), (0.002864, -0.023308, 0.078645), (0.009996, -0.024813, 0.077005), (0.015062, -0.024803, 0.075865), (0.01824501, -0.023387998, 0.07673299), (0.0062879995, -0.024823999, 0.07693399), (0.011464, -0.025182, 0.075893), (0.020243999, -0.023282, 0.077198), (0.019493, -0.025201, 0.074384), (0.023424, -0.024161998, 0.07694799), (0.015621, -0.024974998, 0.073906995), (0.022544999, -0.025783999, 0.076682), (0.024034, -0.023334999, 0.075900994), (0.023039998, -0.026831998, 0.075094), (0.025517, -0.024672, 0.076326), (0.025058, -0.026361, 0.075504), (0.027829, -0.026796, 0.073329), (0.028796999, -0.026142001, 0.07438499), (0.029412998, -0.024969999, 0.074824), (0.028220998, -0.026749, 0.071458995), (0.033372, -0.02614, 0.072489), (0.027121, -0.025176998, 0.068836), (0.03025001, -0.026517, 0.069942), (0.02924, -0.025081, 0.067576), (0.031882998, -0.023675999, 0.065441), (0.032095, -0.025241999, 0.066528), (0.03405301, -0.023566999, 0.064305), (0.035057, -0.026513, 0.067553), (0.035375, -0.022883, 0.063084), (0.03493001, -0.025344, 0.065412), (0.036205, -0.024653, 0.063631), (0.03855299, -0.023993999, 0.061667), (0.040304013, -0.021991, 0.059857998), (0.036507998, -0.026066, 0.065675), (0.042038, -0.024596, 0.059899), (0.042729, -0.022702, 0.058267996), (0.038771, -0.025788, 0.06350101), (0.043283, -0.024583, 0.058722), (0.045052, -0.02499, 0.057850998), (0.04712401, -0.026410999, 0.05911901), (0.041711, -0.026095, 0.06241), (0.039024998, -0.026494998, 0.065715), (0.043283, -0.026847, 0.06364299), (0.047729, -0.027009001, 0.061451998), (0.049712, -0.027016, 0.060556997), (0.052434, -0.027, 0.057618998), (0.045819998, -0.026540998, 0.064904), (0.051848, -0.026624, 0.059991997), (0.05537, -0.026171999, 0.057502996), (0.048467997, -0.026256, 0.063237), (0.051407, -0.025743999, 0.061538), (0.054392, -0.025371999, 0.059025), (0.057298012, -0.024028, 0.056429), (0.058895, -0.024717, 0.055111), (0.060865, -0.024735, 0.053517997), (0.06079701, -0.023907999, 0.053094), (0.057148, -0.023462, 0.05505), (0.059120998, -0.023368001, 0.052344996), (0.054906998, -0.023552, 0.056669995), (0.053989, -0.023684999, 0.05864799), (0.052952997, -0.02402, 0.060597), (0.050888, -0.023469, 0.060086), (0.051368997, -0.024756998, 0.062115997), (0.05045101, -0.023702, 0.062038), (0.048706003, -0.024323, 0.063796), (0.046772998, -0.024499, 0.065307), (0.047994997, -0.023473999, 0.063177995), (0.04711501, -0.02352, 0.064647004), (0.045538995, -0.023501, 0.064338), (0.05292201, -0.024888, 0.056408), (0.048369996, -0.025021, 0.060055997), (0.054162998, -0.025293, 0.054485), (0.05894801, -0.025164999, 0.049956), (0.050472002, -0.02536, 0.057237), (0.05508801, -0.025429001, 0.052348997), (0.057903, -0.0254, 0.049946), (0.056156997, -0.024384, 0.048669), (0.054228, -0.024182, 0.050545), (0.054607008, -0.022300998, 0.048607), (0.052226, -0.024772998, 0.053477), (0.052378997, -0.021554999, 0.050702), (0.051386, -0.024856998, 0.054968998), (0.050514996, -0.023173, 0.053439002), (0.051599998, -0.020043, 0.051434), (0.053234, -0.019098, 0.049446), (0.052210998, -0.016154999, 0.04972), (0.04860199, -0.024823, 0.057094), (0.05019801, -0.017191, 0.052217), (0.049581, -0.012831, 0.051503), (0.049717996, -0.019098999, 0.052824996), (0.048430998, -0.016680999, 0.053488), (0.049134996, -0.021180999, 0.053997), (0.048649002, -0.018688, 0.054100998), (0.047404, -0.014029999, 0.053871997), (0.04788701, -0.009897, 0.051876), (0.045195997, -0.017416, 0.056688998), (0.046465, -0.021250999, 0.056208), (0.047806, -0.02276, 0.055751998), (0.04618001, -0.023538, 0.057599), (0.047565997, -0.025123999, 0.059032), (0.044579, -0.024017999, 0.059190996), (0.042867012, -0.025146998, 0.063779995), (0.043713, -0.024706999, 0.060795996), (0.042495012, -0.021877998, 0.059482), (0.043908, -0.019368, 0.057954997), (0.039793998, -0.023515, 0.062164996), (0.043849, -0.015951, 0.057265), (0.04001501, -0.021303, 0.061181), (0.041152, -0.017468, 0.059601), (0.04447501, -0.011274, 0.055475), (0.04580801, -0.008593, 0.053269), (0.040932998, -0.013173999, 0.058773987), (0.041216996, -0.008802, 0.056959), (0.043079, -0.0055839997, 0.054025996), (0.04076801, -0.003917, 0.054844998), (0.037768, -0.007458, 0.058755), (0.037481997, -0.002236, 0.056194), (0.037586007, -0.010687999, 0.060124997), (0.039302, -0.0153169995, 0.060513), (0.03832401, -0.018562, 0.061816), (0.036194008, -0.017992001, 0.062860996), (0.037039008, -0.014148001, 0.061557002), (0.035118, -0.008993, 0.061055), (0.033173, -0.012668999, 0.06335299), (0.035467, -0.005561, 0.059283998), (0.032109, -0.008808, 0.062672), (0.032829, -0.015396, 0.064221), (0.032325, -0.0033329998, 0.059923), (0.034812, 0.000231, 0.056507), (0.031526998, -0.005816, 0.061606996), (0.031124, -0.001737, 0.05972), (0.03038301, 0.000252, 0.059088), (0.032624, 0.003217, 0.056041002), (0.028008, -0.003917, 0.062349), (0.028451, -0.0070959996, 0.063748), (0.029942999, 0.002966, 0.057722), (0.029807, 0.0061199996, 0.055758), (0.027781999, -0.001658, 0.06136), (0.027809998, 0.000485, 0.059977997), (0.027562998, 0.004846, 0.057699997), (0.025142, -0.0044119996, 0.063921995), (0.024601009, -0.00094899995, 0.062399995), (0.02614, 0.002322, 0.060016997), (0.02236001, -0.002383, 0.063921995), (0.026087, 0.0071069994, 0.05683599), (0.02750401, 0.008173, 0.055565998), (0.027706001, 0.01115, 0.053083), (0.024939, 0.00411, 0.059320997), (0.021951, 0.000343, 0.062606), (0.022032, 0.002441, 0.061602995), (0.023307, 0.006405, 0.05874701), (0.024424, 0.010087, 0.055598002), (0.024586, 0.0135160005, 0.052616), (0.020560998, 0.004696, 0.060770996), (0.020535, 0.007468, 0.058987003), (0.021287, 0.011833, 0.055515), (0.019196, 0.009815999, 0.057782996), (0.021893999, 0.013901, 0.053235997), (0.023888, 0.016486, 0.050085), (0.019458, 0.012945, 0.055064995), (0.020945009, 0.015369, 0.05258), (0.020683998, 0.018505, 0.049448), (0.018036999, 0.017111, 0.052004), (0.016278999, 0.011465, 0.057543997), (0.01821301, 0.017948, 0.050821), (0.018399, 0.020190999, 0.048336), (0.016854, 0.014175, 0.055022), (0.016091, 0.019874, 0.049719), (0.013138999, 0.017723, 0.052781), (0.014006999, 0.021054, 0.048860002), (0.016646, 0.023125999, 0.045700997), (0.013811001, 0.023943, 0.045819998), (0.011402, 0.022611, 0.047647), (0.012604999, 0.026699, 0.043759998), (0.011909, 0.020206, 0.050331995), (0.010462, 0.020694999, 0.049924), (0.009757999, 0.023053998, 0.04774899), (0.008487999, 0.020558, 0.050722998), (0.011132999, 0.017661, 0.053081002), (0.008243, 0.024962, 0.046265997), (0.009063, 0.018875, 0.052431997), (0.011356999, 0.016053999, 0.054831), (0.013753999, 0.014536999, 0.055426996), (0.00795001, 0.016483, 0.054833997), (0.013621, 0.011866, 0.057706997), (0.0091699995, 0.014559999, 0.05644), (0.012037999, 0.012476999, 0.057753), (0.010011, 0.010832, 0.059476998), (0.008363999, 0.011390999, 0.059187002), (0.0060149995, 0.012097999, 0.058998987), (0.013578, 0.009096, 0.059929), (0.0074309995, 0.0085229995, 0.061406996), (0.016175, 0.00896, 0.059322), (0.008818, 0.0068269996, 0.062305987), (0.018816, 0.006073, 0.060441), (0.015055999, 0.0063859997, 0.061451998), (0.017173, 0.0035659997, 0.062486), (0.01095, 0.005144, 0.063049994), (0.013412, 0.0039979997, 0.063218), (0.020115, 0.002822, 0.061910998), (0.015395, 0.000801, 0.064461), (0.019252999, -0.002458, 0.06506599), (0.013437, 0.000164, 0.065247), (0.02184101, -0.005567, 0.06578), (0.016359, -0.001596, 0.065288), (0.016412, -0.005484, 0.067287), (0.010482, -0.0037409998, 0.06776), (0.011069, 0.0027990001, 0.06425), (0.009225, -0.0013249998, 0.06658), (0.009125, 0.001835, 0.065179996), (0.006, -0.004363, 0.068609), (0.005371, 0.0058710002, 0.06329899), (0.006136, -0.0012630001, 0.067017995), (0.005192, 0.001493, 0.065755), (0.00299201, 0.0050239996, 0.06410501), (0.0015299999, 0.002292, 0.065496996), (0.0033379998, 0.006695, 0.062872), (0.004547, 0.010303, 0.060523998), (-0.000568, 0.004245, 0.064561), (0.0016549999, 0.008568, 0.061799996), (0.0023929998, 0.011561, 0.059636995), (-0.00022199999, 0.0069609997, 0.063044), (-0.00027, 0.009841, 0.060981), (-0.0024569998, 0.0061119995, 0.063306995), (0.004286, 0.014678, 0.05694901), (-0.002497, 0.011688, 0.059685998), (0.005324, 0.016855, 0.054878995), (0.000886, 0.014134999, 0.057878), (0.0055620098, 0.019135999, 0.052336), (0.002714, 0.015858999, 0.05581901), (0.003632, 0.019199999, 0.052901), (0.001785, 0.018008, 0.054328), (0.005329, 0.021847, 0.049745996), (0.004714, 0.022973001, 0.048244), (0.002737, 0.021472001, 0.050432), (0.0011, 0.019825999, 0.052157998), (0.001267, 0.023138, 0.048676), (0.005782, 0.026138999, 0.045602), (0.00046399998, 0.018027, 0.053790998), (0.009008, 0.027151998, 0.043589), (0.001603, 0.025780998, 0.04638), (0.0059899995, 0.027309999, 0.043571), (0.00391, 0.026687, 0.045002997), (0.0021179998, 0.027221, 0.044402998), (-0.000293, 0.026914999, 0.044748), (0.009183, 0.027448, 0.039988), (0.005235, 0.027402999, 0.040888), (-0.000441, 0.027409999, 0.042923998), (-0.002786, 0.026678, 0.045574002), (-0.001277, 0.024951, 0.047317), (-0.005151, 0.0273, 0.04413), (-0.001216, 0.022537, 0.049495), (-0.0038229998, 0.025648998, 0.046595), (-0.003571, 0.022919, 0.049253), (-0.001057, 0.02094, 0.051293), (-0.002631, 0.021336999, 0.05086), (-0.0016249999, 0.019566, 0.052846998), (-0.007882, 0.021094, 0.050332997), (-0.001785, 0.017633999, 0.054808002), (-0.005766, 0.023041999, 0.049041), (-0.000113, 0.016228, 0.055984), (-0.007148, 0.023557998, 0.047776997), (-0.0019709999, 0.014114999, 0.057599), (-0.009041, 0.021707999, 0.049352), (-0.00593, 0.025566999, 0.046458), (-0.009632, 0.023416, 0.047794), (-0.011824, 0.021614, 0.048923995), (-0.0117029995, 0.023436, 0.046816), (-0.00986, 0.025641, 0.045652), (-0.011575, 0.019343998, 0.051714), (-0.007558, 0.027158, 0.044193), (-0.011081, 0.02595, 0.044818), (-0.014032, 0.024923, 0.045096), (-0.012197, 0.026849, 0.043704), (-0.007156, 0.027341, 0.040541), (-0.014263999, 0.022011999, 0.047905), (-0.002971, 0.027400998, 0.041581), (-0.0105099995, 0.027400998, 0.041824996), (-0.0046429997, 0.026844, 0.036442), (-0.000993, 0.027162, 0.039465997), (0.002273, 0.027187, 0.039017), (-0.0019050001, 0.026812, 0.035469998), (0.006426, 0.027151, 0.037764), (0.003149, 0.026840998, 0.03502), (-0.008536, 0.026964, 0.037357), (-0.005554, 0.026463998, 0.03118), (0.000716, 0.026669, 0.031973), (-0.002218, 0.026496999, 0.029769), (0.003939, 0.026637001, 0.029753), (-0.00027599998, 0.026389, 0.027133998), (-0.005531, 0.026383, 0.026118), (0.006632, 0.026864, 0.033429), (0.00781, 0.026731998, 0.029666), (0.009714999, 0.027021999, 0.035039), (0.0048129996, 0.026507, 0.025522001), (0.01101, 0.026788, 0.028776), (0.0033790001, 0.026380999, 0.022667998), (0.009745, 0.026619999, 0.025144998), (0.0065579996, 0.026380999, 0.020671), (-0.001707, 0.026278999, 0.022632), (0.002689, 0.026289, 0.018354999), (0.011392999, 0.026514001, 0.020422), (0.009705, 0.026370998, 0.016731), (0.014475999, 0.026689, 0.022774998), (0.016337, 0.026596999, 0.017881), (0.013609999, 0.026803, 0.026924), (0.012255, 0.026983999, 0.032142), (0.017243, 0.026846, 0.026185999), (0.014215999, 0.027191, 0.03516), (0.016994, 0.027119, 0.031817), (0.012673, 0.027386999, 0.03872), (0.017927, 0.027377, 0.036679), (0.012458, 0.027346998, 0.041174002), (0.017963, 0.027337, 0.039329), (0.01569601, 0.026796, 0.042375997), (0.013811001, 0.023943, 0.045819998), (0.016646, 0.023125999, 0.045700997), (0.017211, 0.02567, 0.043221), (0.019716999, 0.026572999, 0.040779), (0.019159, 0.024505999, 0.043293), (0.018399, 0.020190999, 0.048336), (0.023929, 0.026798, 0.038186), (0.020293, 0.021069, 0.046515997), (0.020683998, 0.018505, 0.049448), (0.02335, 0.025305, 0.040377997), (0.022084998, 0.022444, 0.043902), (0.023369, 0.018676, 0.047909003), (0.023888, 0.016486, 0.050085), (0.024105009, 0.021098, 0.044566), (0.023605, 0.022672998, 0.042754997), (0.025415, 0.022451, 0.042108998), (0.026315, 0.019787, 0.045004), (0.027409999, 0.016939, 0.047814), (0.027165, 0.014841, 0.04979), (0.024586, 0.0135160005, 0.052616), (0.029512998, 0.017507, 0.045552), (0.028440999, 0.013839999, 0.050286002), (0.027706001, 0.01115, 0.053083), (0.031556, 0.015688999, 0.046483997), (0.030867, 0.011751, 0.050704997), (0.033065, 0.013091, 0.047983), (0.030585999, 0.009142, 0.053110998), (0.02750401, 0.008173, 0.055565998), (0.029807, 0.0061199996, 0.055758), (0.03344201, 0.008939, 0.051472995), (0.034663, 0.01112, 0.048832), (0.0352, 0.013141, 0.046354998), (0.035674, 0.0084, 0.050382), (0.033685997, 0.006394, 0.053195), (0.034658, 0.004544, 0.053924996), (0.032624, 0.003217, 0.056041002), (0.034812, 0.000231, 0.056507), (0.03696701, 0.005384, 0.051785), (0.037577, 0.001181, 0.054015), (0.037481997, -0.002236, 0.056194), (0.037830997, 0.0081050005, 0.049067996), (0.040296998, 0.001027, 0.052258), (0.04076801, -0.003917, 0.054844998), (0.03916001, 0.0054099998, 0.050229996), (0.042367008, 0.0034779997, 0.048860997), (0.042278998, -0.00108, 0.051908), (0.043495998, -0.003122, 0.052169997), (0.043079, -0.0055839997, 0.054025996), (0.04580801, -0.008593, 0.053269), (0.045763, -0.0037369998, 0.050541), (0.045371998, 0.002544, 0.046736002), (0.046272997, -0.002068, 0.048906997), (0.04892601, -0.006912, 0.049450997), (0.047940996, 0.000915, 0.045327), (0.05029801, -0.010082, 0.049727995), (0.048573997, -0.001769, 0.046399), (0.049956996, -0.009180999, 0.049127), (0.051901, -0.009242, 0.047494996), (0.050314996, -0.005308, 0.047018), (0.052097995, -0.004619, 0.044537), (0.05012001, -0.003009, 0.045482997), (0.051524, -0.0016859999, 0.043101), (0.052212, 0.000272, 0.040695), (0.05024001, 0.0010419999, 0.042476), (0.05110301, 0.0030939998, 0.039842), (0.051655997, 0.003902, 0.038167), (0.049349, 0.0042, 0.040977996), (0.047231, 0.0054689995, 0.04251), (0.05433, 0.003438, 0.034829), (0.049352, 0.006753, 0.038619), (0.052168, 0.005568, 0.036077), (0.054566998, 0.0050819996, 0.032799), (0.05133101, 0.007678, 0.034992002), (0.054485995, 0.0065829996, 0.031178), (0.050321, 0.007217, 0.036534), (0.05084, 0.009637, 0.03332), (0.04788701, 0.009945, 0.037056997), (0.053053997, 0.008667, 0.03094), (0.053428996, 0.010046001, 0.028160999), (0.049682997, 0.012065999, 0.031662), (0.04813501, 0.012335, 0.033891), (0.04757901, 0.014435, 0.031235998), (0.046611, 0.012966, 0.034832), (0.05042099, 0.012821999, 0.029128999), (0.051457, 0.013571, 0.025988), (0.051909998, 0.012576999, 0.027274), (0.051427, 0.015195, 0.022774), (0.049441, 0.016227, 0.024976999), (0.047445, 0.016074998, 0.029148), (0.045195, 0.01643, 0.031857), (0.045819998, 0.018834999, 0.026157998), (0.049482998, 0.017533999, 0.021875998), (0.046835005, 0.019318, 0.023126999), (0.0453, 0.018204, 0.028324999), (0.044343, 0.020308001, 0.025997), (0.044223, 0.018522, 0.030050999), (0.043057, 0.01932, 0.029646), (0.043136, 0.017763, 0.032697998), (0.041965988, 0.022413999, 0.025274), (0.042182002, 0.016772998, 0.035106), (0.039816998, 0.019909, 0.033125), (0.040216997, 0.021977, 0.028917998), (0.043298, 0.014961, 0.036668), (0.03981801, 0.019082, 0.034151), (0.045192998, 0.013141, 0.035985), (0.03989, 0.018637, 0.035469), (0.04513601, 0.012661, 0.037407), (0.040166, 0.017145999, 0.036836), (0.037248, 0.019891, 0.036126997), (0.039626, 0.016856, 0.038294997), (0.040227998, 0.015089001, 0.039844997), (0.046274, 0.009884, 0.039077), (0.043551996, 0.012181999, 0.03982), (0.045312, 0.0089879995, 0.041118998), (0.040405, 0.013129, 0.041799), (0.044432, 0.007619, 0.043406), (0.04229001, 0.0105179995, 0.042907), (0.045538, 0.004724, 0.044871997), (0.04186501, 0.0066799996, 0.046774), (0.039915, 0.0079769995, 0.04729), (0.03958001, 0.010868, 0.045027), (0.03691101, 0.011461999, 0.046671), (0.03828801, 0.013897999, 0.043154996), (0.037467998, 0.014844, 0.042368997), (0.034677, 0.015182, 0.044632), (0.038273, 0.015817, 0.040383), (0.036950998, 0.016314, 0.041374996), (0.03277, 0.017155, 0.043902997), (0.035765, 0.018308999, 0.039874997), (0.030783, 0.019046, 0.042849), (0.033352997, 0.019096, 0.040682998), (0.03556901, 0.020188998, 0.037591), (0.028452998, 0.019672, 0.043771), (0.03144401, 0.020597, 0.040584996), (0.027466, 0.022960998, 0.04013), (0.030206, 0.02134, 0.040089), (0.026592, 0.025341, 0.03803), (0.033363, 0.02121, 0.037798), (0.030048, 0.02368, 0.037315), (0.035186, 0.020764, 0.036534), (0.03255, 0.023320999, 0.035680998), (0.029679, 0.025922999, 0.035203), (0.036739998, 0.021527, 0.033818), (0.033370998, 0.024456, 0.033301), (0.03806, 0.02241, 0.031015), (0.035683997, 0.023523, 0.032408), (0.035706997, 0.02412, 0.031119999), (0.03689701, 0.024319, 0.029523), (0.039126, 0.024104, 0.026851), (0.035143998, 0.02578, 0.030048), (0.036654, 0.025797999, 0.027968999), (0.033545997, 0.026635999, 0.030263), (0.032327, 0.025920998, 0.032801), (0.029521, 0.026998, 0.033120997), (0.03297801, 0.027283, 0.027781), (0.026789, 0.026933, 0.035589002), (0.030329, 0.027355999, 0.029798998), (0.023525, 0.027353, 0.036078), (0.026619999, 0.027353998, 0.033194), (0.021387, 0.027444998, 0.035184), (0.024182, 0.027339999, 0.031792), (0.019982, 0.027198, 0.033374), (0.019174, 0.027121998, 0.030227998), (0.026287999, 0.027193999, 0.029012), (0.022283, 0.027147999, 0.029382), (0.021214, 0.026942, 0.024791999), (0.028220998, 0.027414998, 0.028529998), (0.024556, 0.027165, 0.026368), (0.031152999, 0.027304001, 0.02431), (0.026726, 0.027083, 0.023382999), (0.019381, 0.026728, 0.020724999), (0.024649998, 0.026942, 0.019809), (0.028946, 0.027028, 0.018787), (0.022277998, 0.026717998, 0.017994), (0.024885999, 0.026749, 0.014305), (0.020983, 0.026614001, 0.014013999), (0.023687998, 0.026537001, 0.010461), (0.018218, 0.026410999, 0.012399), (0.027578, 0.026714, 0.011001), (0.020622, 0.026445, 0.008885), (0.015132, 0.026406, 0.013306), (0.01657, 0.026289, 0.0070909997), (0.024349999, 0.026561998, 0.0069919997), (0.019616999, 0.026301, 0.003175), (0.013336999, 0.026247999, 0.009804), (0.009738, 0.026258, 0.011909), (0.007156, 0.026201, 0.013401999), (0.01022, 0.026131999, 0.005754), (0.012824, 0.026168, 0.002624), (0.0072039994, 0.026127, 0.008087999), (0.0015629999, 0.026193999, 0.014213999), (0.0026859997, 0.026159998, 0.010729), (-0.001542, 0.026259998, 0.01879), (-0.0025, 0.026152, 0.014019), (-0.0060909996, 0.026170999, 0.016985), (-0.008037999, 0.026243998, 0.021180999), (-0.005562, 0.026192999, 0.011549), (-0.002039, 0.026096, 0.010389), (0.002439, 0.026072, 0.007945), (-0.00038199997, 0.026113998, 0.007832999), (0.004281, 0.026238, 0.0059789997), (0.0065429998, 0.026103, 0.004326), (0.004363, 0.026002, 0.002504), (-0.0030979998, 0.026093999, 0.007342), (0.0068409997, 0.026115, 0.0017149999), (0.004301, 0.026147, -0.000864), (0.011407, 0.026082, -0.002315), (-0.001167, 0.026004, -0.003264), (0.00698, 0.026075, -0.002219), (0.003181, 0.025945999, -0.002971), (0.008878999, 0.026043, -0.005097), (0.0045829997, 0.026054, -0.00526), (0.000003, 0.025818, -0.0038519998), (0.000302, 0.025999, -0.0058939997), (-0.003473, 0.025969999, -0.004997), (0.0075780097, 0.026043998, -0.007769), (0.0037069998, 0.026024, -0.008316), (-0.00074399, 0.025985999, -0.009272999), (0.012221, 0.026108, -0.007202), (0.0060839998, 0.026045, -0.011852), (0.016694, 0.026157998, -0.002315), (0.0105840005, 0.02604, -0.009911), (0.018842999, 0.026313, -0.000309), (0.017302, 0.026205, -0.006853), (0.02498701, 0.026488999, 0.0015639999), (0.020011999, 0.026283, -0.0047839996), (0.024453001, 0.026449, -0.003995), (0.022556, 0.026338998, -0.009361), (0.013710001, 0.026166, -0.010969), (0.017442, 0.026206998, -0.010952999), (0.010191999, 0.026108, -0.01401), (0.016226, 0.026213, -0.0146739995), (0.012707, 0.026198, -0.017331999), (0.01873, 0.026338, -0.013968), (0.016371999, 0.026321001, -0.018808), (0.007117, 0.026136998, -0.018336998), (0.023157999, 0.026422, -0.013278), (0.02032001, 0.026440999, -0.01877), (0.026231999, 0.026524, -0.010626), (0.024045, 0.026505, -0.01697), (0.027478, 0.026681999, -0.01538), (0.02839, 0.026594, -0.0070569995), (0.02553801, 0.026744, -0.020081), (0.02914, 0.026586, -0.0017779999), (0.018613, 0.026506, -0.021214), (0.031393, 0.026740998, -0.0013809999), (0.020839, 0.026607, -0.022323), (0.016586, 0.026517, -0.024705), (0.023891, 0.026849, -0.024885999), (0.012783, 0.026342, -0.022228999), (0.02003, 0.026788, -0.026386999), (0.009682, 0.026213, -0.022916999), (0.012037999, 0.026443997, -0.027023), (0.016779, 0.026744999, -0.029040998), (0.007186, 0.026264999, -0.024974998), (0.020519, 0.026984999, -0.030354999), (0.023916999, 0.027123999, -0.029800998), (0.020251999, 0.027262, -0.035016), (0.013537, 0.026724, -0.031999), (0.016418, 0.027042, -0.034302), (0.009059, 0.026563, -0.031974), (0.011712, 0.026955, -0.036346998), (0.008257, 0.026412, -0.028944999), (0.015606, 0.027293999, -0.03794), (0.006555, 0.026696999, -0.036263), (0.004964, 0.026447, -0.032198), (0.004083, 0.026284, -0.027866999), (0.010698, 0.027351998, -0.040296), (0.001536, 0.026522, -0.035446998), (0.00027299998, 0.026306, -0.031769), (0.001119, 0.026217, -0.027999999), (0.003598, 0.026891999, -0.038397), (0.002556, 0.026138999, -0.024345), (0.006156, 0.027242, -0.040602002), (0.004806, 0.026113, -0.021156), (0.000947, 0.026024, -0.020929), (0.001102, 0.025984999, -0.015982), (-0.002901, 0.025988, -0.020636), (0.0026879997, 0.025994, -0.011452), (-0.002606, 0.025966, -0.014687), (-0.003458, 0.026015999, -0.009151), (-0.005531, 0.025948998, -0.018341), (-0.0071139997, 0.025992999, -0.00408), (-0.007673, 0.025982, -0.012515), (-0.008539, 0.026282, -0.001887), (-0.009455, 0.025994, -0.01654), (-0.007808, 0.026099999, 0.004295), (-0.010422, 0.026082, -0.000142), (-0.009121, 0.026127998, -0.005258), (-0.008305, 0.026043, -0.009432999), (-0.012138999, 0.026083, -0.0095339995), (-0.015027, 0.026174, -0.0052710003), (-0.013918, 0.026059998, -0.01528), (-0.01427, 0.026322, -0.000809), (-0.016134, 0.026175, -0.011663), (-0.017614, 0.026274, -0.003052), (-0.011670999, 0.025971, -0.020436998), (-0.019646, 0.026310999, -0.0062559997), (-0.016253999, 0.026111, -0.019982), (-0.020564001, 0.026301999, -0.0107), (-0.006661, 0.025963, -0.022206), (-0.020378001, 0.026249, -0.015703), (-0.00292799, 0.026070999, -0.025964998), (-0.00411, 0.026127998, -0.029142), (-0.010607, 0.026006, -0.027693), (-0.009485, 0.02599, -0.023766998), (-0.0041199997, 0.026333999, -0.032693), (-0.014841, 0.026103, -0.024842998), (-0.0096390005, 0.026171999, -0.031078), (-0.015240999, 0.026247, -0.030369999), (-0.004501, 0.026545, -0.036289997), (-0.0070779994, 0.026715, -0.037695996), (0.00018599999, 0.026828999, -0.038521998), (-0.011411999, 0.026515998, -0.035336), (0.002529, 0.027312, -0.042675), (-0.003687, 0.027270999, -0.041789997), (-0.000378, 0.027255, -0.042806), (0.004272, 0.027139999, -0.043818), (-0.008381, 0.027221998, -0.04190001), (0.008442, 0.027309999, -0.041817002), (0.0032929997, 0.026452998, -0.045103997), (0.009908, 0.027107, -0.042816), (0.0068929996, 0.026068999, -0.045135997), (0.014616, 0.027133998, -0.041445997), (0.010911999, 0.025999999, -0.044328988), (0.018142, 0.027228998, -0.039334), (0.014653999, 0.026066998, -0.043182995), (0.017374, 0.026285, -0.041785996), (0.022018999, 0.027033998, -0.038171), (0.014998999, 0.023408, -0.045505), (0.02455101, 0.027341, -0.034489997), (0.020782001, 0.026456, -0.040025), (0.026157998, 0.026383, -0.036824), (0.017843999, 0.021988, -0.045897), (0.019217, 0.024440998, -0.042836), (0.022555001, 0.023204999, -0.042363), (0.021273999, 0.02194, -0.044713), (0.024199, 0.021509, -0.043436997), (0.024017, 0.019388, -0.046451997), (0.02086201, 0.019933999, -0.04716), (0.023970999, 0.016731, -0.049545996), (0.02572101, 0.016813, -0.04835099), (0.027178999, 0.014239999, -0.05043), (0.020658, 0.018087, -0.04967), (0.023975, 0.015121999, -0.051251), (0.025861, 0.013230999, -0.051771987), (0.029439, 0.0107350005, -0.051987), (0.02099, 0.01528, -0.052241), (0.01602, 0.021278998, -0.047708), (0.017243, 0.017881, -0.051023997), (0.022142999, 0.01264, -0.054166), (0.017831, 0.015898, -0.052991), (0.013545, 0.018908, -0.05116), (0.01459, 0.016796, -0.052972), (0.017948, 0.013618999, -0.054840997), (0.011842, 0.021736, -0.048281986), (0.011524, 0.019346999, -0.050972), (0.0122569995, 0.024009999, -0.045760002), (0.009288, 0.019614, -0.051258996), (0.009276, 0.023570001, -0.046894997), (0.0063779997, 0.021975, -0.04902801), (0.0048359996, 0.024077, -0.047137998), (0.005525, 0.019596, -0.051722996), (0.0027599998, 0.025346998, -0.046367), (0.004077, 0.022644999, -0.048435997), (0.000793, 0.02696, -0.04465), (-0.0009979999, 0.026389, -0.045412), (0.0015629999, 0.024494, -0.047055997), (0.002786, 0.020342, -0.051328), (0.000578, 0.021738, -0.04971499), (-0.001806, 0.022837, -0.048832998), (-0.0014839999, 0.020078, -0.05180201), (-0.004487, 0.027021, -0.044203), (-0.002467, 0.024592, -0.046879), (-0.003991, 0.025957998, -0.04585999), (-0.0058469996, 0.025044, -0.046335), (-0.004669, 0.023289999, -0.048063), (-0.004006, 0.021979, -0.049661998), (-0.007308, 0.022872, -0.048246), (-0.007371, 0.026124999, -0.045215998), (-0.00887, 0.026912, -0.04353701), (-0.00994, 0.025689, -0.045011), (-0.0132140005, 0.027083, -0.041915), (-0.01199, 0.026431, -0.043649998), (-0.011453, 0.02326, -0.046793), (-0.011701999, 0.027051998, -0.039537), (-0.015261, 0.026735, -0.035239), (-0.017963, 0.027223, -0.039320998), (-0.019112999, 0.026433, -0.031269), (-0.019063, 0.027019, -0.036117), (-0.018114999, 0.02627, -0.026912998), (-0.022158, 0.02681, -0.031946998), (-0.01901, 0.026238, -0.022894999), (-0.021932999, 0.026445998, -0.027987), (-0.022384, 0.026384, -0.020049), (-0.022191998, 0.026407, -0.024419999), (-0.02585, 0.026529, -0.024923), (-0.024946, 0.026445998, -0.015594999), (-0.02723, 0.026556998, -0.020165998), (-0.025631001, 0.027040998, -0.031208), (-0.025353, 0.02646, -0.0103939995), (-0.022031, 0.027282, -0.036601), (-0.024851, 0.027249, -0.036089), (-0.022528, 0.026949998, -0.038530998), (-0.021849, 0.026414, -0.039842997), (-0.025232999, 0.02595, -0.038234), (-0.028134, 0.027226, -0.033545), (-0.017783, 0.026951, -0.040773), (-0.029879, 0.027314998, -0.030287001), (-0.016340999, 0.02618, -0.042581), (-0.029657999, 0.027021999, -0.026737), (-0.013179, 0.025071, -0.044703), (-0.029251998, 0.026744, -0.023842001), (-0.032968998, 0.027351, -0.027906), (-0.032093, 0.026981, -0.030806), (-0.034718, 0.027341, -0.025053), (-0.030608999, 0.026131999, -0.034218), (-0.030847, 0.026738998, -0.02), (-0.027166, 0.026587, -0.03627), (-0.032072, 0.02546, -0.033735), (-0.025959998, 0.023796, -0.040352996), (-0.029763998, 0.023734, -0.037315), (-0.027841, 0.023159001, -0.039640997), (-0.023828, 0.023780998, -0.041408), (-0.026022999, 0.021479001, -0.043006), (-0.030647999, 0.021947999, -0.039284), (-0.029186001, 0.020395, -0.042459), (-0.024790999, 0.020699, -0.044494), (-0.033186, 0.022088999, -0.036851), (-0.026259998, 0.01908, -0.04607), (-0.023160998, 0.022053, -0.043863), (-0.028081, 0.018117, -0.045999996), (-0.021352999, 0.023942001, -0.042512), (-0.023058, 0.020329, -0.046146996), (-0.020845, 0.021152, -0.046159), (-0.019759, 0.025028, -0.042367), (-0.018009, 0.023431, -0.044494), (-0.015306999, 0.024322, -0.044602998), (-0.017740998, 0.020748999, -0.047726), (-0.014446, 0.023364998, -0.045879997), (-0.016153999, 0.022291997, -0.046497002), (-0.014721, 0.02145, -0.048024997), (-0.020322, 0.018705, -0.04945001), (-0.01564, 0.01881, -0.050752), (-0.0133070005, 0.020169001, -0.049964), (-0.011224, 0.021387998, -0.04889299), (-0.014535, 0.018242, -0.051689), (-0.009575, 0.020093, -0.050968997), (-0.017521, 0.0173, -0.051888008), (-0.006728, 0.020983, -0.050289), (-0.0077509996, 0.019717999, -0.051737998), (-0.004537, 0.018377, -0.053446997), (-0.0090149995, 0.017392, -0.054057997), (-0.011883, 0.017305, -0.053414002), (-0.013956999, 0.015743, -0.054317), (-0.009904999, 0.016037, -0.05527801), (-0.006547, 0.016153, -0.055381987), (-0.0019069999, 0.017292, -0.054798987), (0.000337, 0.018361999, -0.05338799), (-0.00377, 0.013852, -0.057568), (-0.000375, 0.015241999, -0.056436), (0.002444, 0.017328, -0.054639008), (0.005507, 0.017217, -0.054334987), (0.0024879999, 0.014535, -0.056977008), (0.008173, 0.016451, -0.054675996), (0.0068059997, 0.0142749995, -0.056931), (-0.000051, 0.012701999, -0.058709998), (0.0040419996, 0.012004, -0.058985), (0.012144, 0.016835999, -0.053642), (0.010639, 0.014168, -0.056328), (0.014869999, 0.013599, -0.055879995), (0.007342, 0.01227, -0.058274996), (0.009348, 0.012341999, -0.058189), (0.006143, 0.009552, -0.06073), (0.013444, 0.010673, -0.058594998), (0.002652, 0.009938, -0.060624998), (0.020363, 0.010938999, -0.056251995), (0.017294, 0.010476, -0.057729), (0.023192, 0.010424, -0.055526998), (0.020041, 0.008258, -0.058425996), (0.025775, 0.011508, -0.053533), (0.023029, 0.0076499996, -0.05773001), (0.026247, 0.008797, -0.055397008), (0.02915, 0.009358999, -0.053489998), (0.032438, 0.007991999, -0.052638996), (0.027820999, 0.0072579994, -0.055795986), (0.031313, 0.0052539995, -0.055219002), (0.033687, 0.0065069995, -0.05274199), (0.035722997, 0.004791, -0.052913997), (0.037417, 0.0022759999, -0.053212), (0.026343998, 0.004418, -0.058393), (0.029679999, 0.003641, -0.057217997), (0.034335, 0.002411, -0.055361), (0.022410009, 0.004709, -0.059819), (0.027012, 0.002264, -0.059414), (0.03026401, 0.000205, -0.058996), (0.026171999, 0.000248, -0.060720008), (0.017802, 0.007686, -0.059561), (0.022127999, 0.002935, -0.06106501), (0.014328999, 0.008638999, -0.059883997), (0.017434, 0.0033729998, -0.0623), (0.010907, 0.008757, -0.060557988), (0.015132, 0.0056279995, -0.061559), (0.011163, 0.0058420002, -0.062378008), (0.007394, 0.006842, -0.062325), (0.002507, 0.006769, -0.062804), (0.007638, 0.0027259998, -0.064692), (-0.00074399, 0.008751, -0.061542008), (0.003976, 0.004323, -0.064131), (-0.000197, 0.004257, -0.06446199), (0.00455, 0.0015659999, -0.06554399), (0.011588, 0.002603, -0.064045), (0.009498999, -0.00021500001, -0.065891996), (0.0150109995, 0.002347, -0.063548), (0.011973999, 0.000438, -0.06524799), (0.013493, -0.0027039999, -0.06635499), (0.019531999, 0.001241, -0.06273499), (0.02137701, -0.000054999997, -0.062923), (0.019674, -0.0021819999, -0.064464994), (0.017547999, -0.0024789998, -0.065237), (0.023988, -0.002389, -0.06303101), (0.025855998, -0.001412, -0.061933998), (0.028359, -0.0015039999, -0.060675), (0.028362999, -0.0036149998, -0.06182), (0.031991, -0.0028349997, -0.059569), (0.033106, 0.000008999999, -0.05736401), (0.024697999, -0.005451, -0.06437099), (0.03471401, 0.00037, -0.056072995), (0.036571, -0.001326, -0.056031007), (0.040819995, -0.0027509998, -0.053887), (0.041339997, -0.0063300002, -0.055595998), (0.035085, -0.003879, -0.058396008), (0.038083, -0.0062669995, -0.057726), (0.039535988, -0.008572, -0.05791901), (0.043720998, -0.009138, -0.054997), (0.036712, -0.008196, -0.059520997), (0.032941, -0.006654, -0.06103701), (0.040379, -0.010733, -0.058043998), (0.044345003, -0.012667, -0.055847995), (0.037279997, -0.012101, -0.060609), (0.040756002, -0.012869, -0.058689997), (0.045645, -0.016323, -0.055847008), (0.035131, -0.008855, -0.060751), (0.039669998, -0.016247999, -0.060402002), (0.034257, -0.013346, -0.062838994), (0.032184, -0.00865, -0.062284987), (0.030537, -0.005754, -0.061876986), (0.028599998, -0.0072379997, -0.063497), (0.029761, -0.010196, -0.064003), (0.025903, -0.008320999, -0.065137), (0.031189, -0.012332999, -0.064135), (0.026367, -0.0121019995, -0.066265), (0.021210998, -0.008758, -0.067012), (0.022641, -0.0064189998, -0.065565996), (0.019918999, -0.006255, -0.06629499), (0.015637, -0.005341, -0.067125), (0.017293, -0.008441, -0.06806299), (0.011894999, -0.0061419997, -0.068323985), (0.012859, -0.009575999, -0.06944399), (0.018863, -0.012275999, -0.068897), (0.008169999, -0.004056, -0.067979), (0.008363999, -0.007712, -0.069415), (0.0072769998, -0.001867, -0.066929996), (0.0034130001, -0.002458, -0.067549996), (0.003847, -0.005327, -0.068932), (0.001254, 0.00047499998, -0.066273995), (-0.000895, -0.0024879999, -0.06771899), (-0.0018000001, 0.000055999997, -0.066415), (0.004106, -0.008575, -0.07013499), (-0.002569, 0.002956, -0.06501901), (0.006842, -0.011078, -0.070822), (-0.002667, 0.004886, -0.063924), (-0.004433, 0.00099, -0.066006996), (-0.003502, 0.008138, -0.061874997), (-0.0052460004, 0.0025119998, -0.064963), (-0.0047899997, 0.010896999, -0.05987101), (-0.0064859996, 0.0069099995, -0.062466), (-0.0071549998, 0.004216, -0.064066), (-0.007429, 0.012390999, -0.058442), (-0.008151, 0.010884, -0.059580002), (-0.0075029996, 0.014854999, -0.056489), (-0.010536999, 0.013854001, -0.057033), (-0.0115330005, 0.011178, -0.058614995), (-0.013904001, 0.012395999, -0.057196002), (-0.012207, 0.009103, -0.060309), (-0.014589, 0.014492, -0.055528), (-0.009931, 0.0064139995, -0.062238), (-0.017746, 0.013889, -0.054886997), (-0.011898, 0.005804, -0.062423), (-0.019303, 0.015473, -0.052956), (-0.016471999, 0.012566, -0.05629701), (-0.019861, 0.013262, -0.054812986), (-0.021405999, 0.016086, -0.051532), (-0.016444, 0.010406, -0.058316987), (-0.019996, 0.010821, -0.056866), (-0.02256, 0.013581, -0.053590987), (-0.022639, 0.017913999, -0.04896199), (-0.024201, 0.014927, -0.051610988), (-0.025605999, 0.017061999, -0.048909996), (-0.022595, 0.011221, -0.055447), (-0.028361998, 0.014450001, -0.04992), (-0.026488999, 0.0121, -0.053126987), (-0.021989, 0.007875999, -0.058413), (-0.029388001, 0.011952, -0.051427986), (-0.018074, 0.008475999, -0.059074), (-0.029768, 0.009579, -0.053535998), (-0.015326999, 0.00814, -0.060151), (-0.026524998, 0.009924999, -0.054805998), (-0.024842998, 0.009180999, -0.056387), (-0.025685, 0.00716, -0.057315), (-0.028538998, 0.007009, -0.056139987), (-0.031701, 0.011549, -0.050694007), (-0.030288998, 0.004806, -0.056630995), (-0.027094, 0.0046429997, -0.058285996), (-0.031843, 0.007392, -0.054025996), (-0.025037998, 0.0033039998, -0.059878998), (-0.027784, 0.0028229998, -0.05912), (-0.022497999, 0.0044369996, -0.060275998), (-0.024956997, 0.00063, -0.061481997), (-0.030569999, 0.001897, -0.05827701), (-0.01987, 0.005451, -0.060433), (-0.032987, 0.004925, -0.055004), (-0.017361999, 0.0058890004, -0.061138), (-0.019708, 0.003359, -0.062032998), (-0.017354999, 0.004361, -0.061918996), (-0.021119, 0.001024, -0.062695995), (-0.013749, 0.001952, -0.064222), (-0.01743, 0.00089799997, -0.063734), (-0.01402, 0.005678, -0.062055), (-0.016361, -0.000551, -0.064921), (-0.015599, 0.006325, -0.061297998), (-0.015420999, 0.00628, -0.061359), (-0.015509999, 0.006303, -0.061328), (-0.015420999, 0.00628, -0.061359), (-0.013138, 0.0067269998, -0.061339002), (-0.009497, 0.002515, -0.064525), (-0.00822, 0.000369, -0.06590899), (-0.013583999, 0.00025800001, -0.064938), (-0.0061199996, -0.002754, -0.067604), (-0.011688, -0.001954, -0.066480994), (-0.0026359998, -0.0060779997, -0.06928499), (-0.007848, -0.002777, -0.067356), (0.000768, -0.008729, -0.07031899), (-0.0069809994, -0.006003, -0.06896399), (-0.00284, -0.009389, -0.070563994), (0.00342, -0.01255, -0.07146399), (-0.00072899996, -0.012513, -0.071560994), (-0.0042879996, -0.0114279995, -0.071086995), (-0.010511, -0.005783, -0.068426), (-0.008477, -0.008595, -0.069815), (-0.014454, -0.0043579997, -0.067143), (-0.013524, -0.008315, -0.069043), (-0.019168999, -0.001791, -0.064615995), (-0.013193, -0.006991, -0.068438), (-0.021319998, -0.002893, -0.064685), (-0.015851999, -0.006804, -0.06781899), (-0.019092, -0.0052429996, -0.06629601), (-0.024853, -0.0030059998, -0.063364), (-0.019685, -0.0067009996, -0.066988), (-0.022772, -0.0062969998, -0.065791), (-0.017855, -0.009713, -0.06856899), (-0.025929999, -0.006875, -0.064839), (-0.012301, -0.011418, -0.070229), (-0.028247, -0.004037, -0.062479), (-0.008078, -0.012517001, -0.07110398), (-0.030945, -0.0024289999, -0.06038), (-0.0051169996, -0.015362999, -0.072018996), (-0.035344, -0.0011819999, -0.057252), (-0.001914, -0.016170999, -0.072317), (-0.033508997, 0.002063, -0.056559), (0.002143, -0.015818, -0.072165996), (-0.036774002, 0.0026409999, -0.054042008), (-0.035825, 0.005712, -0.052719995), (-0.033673, 0.006778, -0.053498), (-0.039718, 0.003828, -0.051188), (-0.034346998, 0.00929, -0.051012), (-0.037129, 0.00854, -0.049654), (-0.034932997, 0.012248999, -0.047863998), (-0.032493, 0.014109, -0.047649), (-0.037644, 0.012058, -0.045792997), (-0.030540999, 0.016499, -0.046514), (-0.035178002, 0.014508999, -0.045100998), (-0.032643, 0.016864998, -0.044552002), (-0.032125, 0.019519, -0.041805), (-0.03648, 0.01478, -0.04409801), (-0.036367, 0.017156, -0.041325998), (-0.033060998, 0.01958, -0.040548), (-0.037827, 0.015373, -0.041999996), (-0.034651, 0.020524, -0.038252), (-0.040430997, 0.013348, -0.041992996), (-0.038546, 0.019023, -0.036865998), (-0.041203998, 0.01547, -0.038958002), (-0.036393, 0.020836, -0.035768), (-0.041367, 0.017874, -0.035465), (-0.033917, 0.024445, -0.033002), (-0.03782, 0.021008, -0.034407), (-0.036259, 0.022564001, -0.033235), (-0.034385, 0.026263, -0.030362999), (-0.035853, 0.024391, -0.031189), (-0.037662998, 0.022765, -0.031451), (-0.037984, 0.024186999, -0.028871), (-0.036006, 0.026767999, -0.027393), (-0.038807, 0.021479001, -0.03255), (-0.038357, 0.026853, -0.023675999), (-0.040387996, 0.021361, -0.030529998), (-0.041388, 0.019128999, -0.033225), (-0.041883998, 0.021396998, -0.028591), (-0.043301, 0.016836999, -0.034868), (-0.044294, 0.018738, -0.030133), (-0.042443, 0.013183, -0.040416002), (-0.040689997, 0.022939, -0.027005998), (-0.039214, 0.024928, -0.025959998), (-0.041885, 0.022744, -0.025076), (-0.043534998, 0.020789001, -0.026875999), (-0.042607997, 0.023018999, -0.023421999), (-0.040515, 0.026292, -0.020994999), (-0.045817, 0.019981, -0.024879), (-0.038866997, 0.027321, -0.020097), (-0.044706997, 0.022297, -0.021366999), (-0.036529, 0.027304001, -0.021677999), (-0.044917997, 0.02308, -0.018699), (-0.037731, 0.027169, -0.018107), (-0.041487, 0.026747, -0.018230999), (-0.040637996, 0.027158, -0.017489), (-0.042918, 0.026778, -0.01468), (-0.03879, 0.027277999, -0.015389), (-0.033195, 0.026789, -0.017998), (-0.041114997, 0.027351, -0.013102), (-0.033435, 0.026744, -0.01469), (-0.037111, 0.026930999, -0.011511), (-0.029423999, 0.026608, -0.013566), (-0.033857, 0.026726, -0.009109), (-0.028642999, 0.026515, -0.008309), (-0.025035, 0.026442999, -0.005485), (-0.032431, 0.026687, -0.005134), (-0.037558, 0.026912, -0.007159), (-0.022806998, 0.026413, -0.001813), (-0.042413, 0.027395, -0.0075319996), (-0.038965, 0.027026, -0.002946), (-0.031189999, 0.0267, -0.001283), (-0.035506, 0.026839001, 0.00067599997), (-0.025348999, 0.026496999, 0.000877), (-0.030792, 0.026717, 0.001741), (-0.033567, 0.026807, 0.004905), (-0.029268999, 0.026682999, 0.004394), (-0.023216, 0.026576, 0.0052420003), (-0.02006, 0.026480999, 0.000261), (-0.017145999, 0.026278999, 0.001003), (-0.018288, 0.0264, 0.005363), (-0.014384, 0.026310999, 0.004061), (-0.014049999, 0.026283, 0.008118), (-0.010793999, 0.026245998, 0.005098), (-0.009078, 0.025875, 0.003015), (-0.00634, 0.02605, 0.006989), (-0.0094, 0.026177999, 0.010505), (-0.009114, 0.026212, 0.015679998), (-0.014541, 0.026329, 0.011961), (-0.011877, 0.026236, 0.013911), (-0.011758, 0.026297, 0.017833), (-0.0151579995, 0.026421001, 0.018652), (-0.019201, 0.026382, 0.009207999), (-0.0186, 0.026463998, 0.015329), (-0.023898998, 0.026587998, 0.010168999), (-0.025755998, 0.026589999, 0.0076419995), (-0.022853, 0.026624998, 0.016161999), (-0.031322997, 0.026767999, 0.008080999), (-0.027657999, 0.026695, 0.01156), (-0.019627, 0.026587, 0.020897998), (-0.023821, 0.026733998, 0.019815), (-0.027746998, 0.02678, 0.018064), (-0.02543, 0.026812, 0.023951001), (-0.018455999, 0.026633, 0.025251998), (-0.030290999, 0.026793, 0.015411), (-0.029288, 0.027033998, 0.024393), (-0.032282, 0.027007, 0.021382), (-0.034256, 0.026926, 0.013835), (-0.03478, 0.027184, 0.019500999), (-0.037068997, 0.026987, 0.009862999), (-0.039098, 0.027435998, 0.018403), (-0.038459, 0.026982998, 0.004084), (-0.040984, 0.027420001, 0.015145), (-0.042212, 0.027413001, 0.010623), (-0.042248998, 0.027335, -0.001284), (-0.043305002, 0.027414998, 0.003445), (-0.043954, 0.027258, -0.0019989999), (-0.043224, 0.027377998, 0.005879), (-0.045564998, 0.026651, 0.001372), (-0.045288, 0.026637001, 0.004598), (-0.044025, 0.027116, 0.0081050005), (-0.044655, 0.026278999, 0.010309), (-0.046174996, 0.025416998, 0.00588), (-0.043442, 0.026669, 0.013905999), (-0.046567995, 0.025646, 0.004043), (-0.041518997, 0.026921, 0.018232), (-0.047136996, 0.024783, 0.003034), (-0.036900997, 0.027371999, 0.023143), (-0.033912, 0.027505, 0.025932), (-0.039757, 0.026676, 0.021907), (-0.037765, 0.026853, 0.025016999), (-0.031192997, 0.027414, 0.028605001), (-0.034267, 0.027274, 0.028179), (-0.026656, 0.027116, 0.028288), (-0.022499, 0.026898999, 0.029198999), (-0.027056, 0.027437998, 0.032262), (-0.018821, 0.026747998, 0.028769), (-0.030806, 0.027325, 0.031921), (-0.018063, 0.026988, 0.03352), (-0.032948997, 0.027005, 0.030864999), (-0.015398999, 0.026576, 0.028993001), (-0.013625999, 0.026447, 0.024855), (-0.010649, 0.026293, 0.023520999), (-0.009970999, 0.02639, 0.028354999), (-0.012722, 0.02664, 0.032314), (-0.008695, 0.026436, 0.031314), (-0.010795999, 0.026858998, 0.035204), (-0.015027, 0.027083, 0.03624), (-0.015915, 0.027443, 0.040071), (-0.019597, 0.027435998, 0.037499998), (-0.023673998, 0.027480999, 0.035402), (-0.012783, 0.027439998, 0.039849997), (-0.021559998, 0.027302999, 0.038605), (-0.015156999, 0.026754998, 0.042696), (-0.017328, 0.027193999, 0.041173), (-0.023909999, 0.026505, 0.038983), (-0.020297999, 0.026170999, 0.041517), (-0.018679, 0.025543999, 0.042687), (-0.017935999, 0.023555, 0.045081), (-0.021774001, 0.023596998, 0.043043), (-0.024674999, 0.024865, 0.040170997), (-0.01605, 0.022318, 0.046757996), (-0.021157999, 0.021219, 0.046199996), (-0.0155420005, 0.020306, 0.049370997), (-0.019040998, 0.02002, 0.048666), (-0.015434999, 0.018781, 0.051079996), (-0.02451, 0.022513999, 0.043129), (-0.013100999, 0.018468, 0.052075), (-0.018462999, 0.018593, 0.050279997), (-0.016764998, 0.017847, 0.051834002), (-0.012173999, 0.016602, 0.053906996), (-0.021198, 0.018922, 0.04902), (-0.018461999, 0.015897, 0.052784), (-0.025012, 0.019694999, 0.046306), (-0.021538999, 0.016757999, 0.051227), (-0.023927, 0.017671, 0.04899), (-0.027335, 0.020978, 0.043231), (-0.02644, 0.016901, 0.048848), (-0.027879, 0.024011, 0.038849), (-0.024311999, 0.01409, 0.052311), (-0.021947, 0.014121999, 0.05361), (-0.028796, 0.01832, 0.04564), (-0.01936, 0.012138999, 0.056259997), (-0.029337, 0.019435, 0.044190995), (-0.017737, 0.014951, 0.054292995), (-0.022873001, 0.011927, 0.054871), (-0.014672, 0.015677, 0.054266), (-0.01714, 0.012474, 0.056346), (-0.011116, 0.016491, 0.054541), (-0.013807, 0.014501999, 0.055707), (-0.008849, 0.019326, 0.051873997), (-0.012180999, 0.014601001, 0.055692), (-0.007394, 0.019313, 0.052660998), (-0.012541, 0.012552, 0.057670996), (-0.01022, 0.015226, 0.056096), (-0.015062999, 0.011282001, 0.057864998), (-0.009441, 0.01663, 0.054536), (-0.010319, 0.013578, 0.057058), (-0.00719, 0.015422, 0.056181), (-0.0070529995, 0.017797, 0.054071996), (-0.005887, 0.020771999, 0.051247), (-0.005062, 0.019591, 0.052470002), (-0.0041, 0.017309, 0.054825), (-0.003233, 0.015788, 0.056128997), (-0.009345, 0.012518999, 0.058242995), (-0.0053680004, 0.011821, 0.059265), (-0.012242, 0.010313, 0.059451997), (-0.010054999, 0.009811999, 0.060312), (-0.014245, 0.009524999, 0.059637997), (-0.017323, 0.008266999, 0.05984), (-0.014982, 0.00685, 0.061164998), (-0.0217, 0.008866999, 0.057831995), (-0.018991, 0.0066409996, 0.06021399), (-0.01237, 0.007788, 0.061313), (-0.015863, 0.0041549997, 0.062652), (-0.022827, 0.0058429996, 0.059552997), (-0.020799, 0.004981, 0.060981996), (-0.023905, 0.010704, 0.055718), (-0.025679, 0.006628, 0.057821997), (-0.024601, 0.003213, 0.060406998), (-0.026307, 0.01184, 0.05362), (-0.026394999, 0.009431, 0.055475995), (-0.027466, 0.014298, 0.05065), (-0.02908, 0.011190999, 0.052706998), (-0.029158, 0.009057, 0.054464), (-0.029001, 0.015935, 0.048133), (-0.030326, 0.013181999, 0.050192997), (-0.032128997, 0.012447, 0.049531996), (-0.031898, 0.015520999, 0.046866998), (-0.033396002, 0.010891, 0.050451998), (-0.034409, 0.013358999, 0.047136996), (-0.033445, 0.016992, 0.043932), (-0.034948, 0.015793, 0.044205), (-0.030873999, 0.020551, 0.041408), (-0.037756, 0.016244, 0.041674998), (-0.030237999, 0.022332, 0.039166), (-0.033942997, 0.01853, 0.041799996), (-0.033796, 0.020192001, 0.039614998), (-0.032234002, 0.0216, 0.038713), (-0.036753, 0.018546999, 0.039458998), (-0.035196, 0.020732999, 0.037628), (-0.031651, 0.023684, 0.03651), (-0.029274, 0.024786, 0.037315), (-0.026967, 0.027075, 0.036105998), (-0.028815998, 0.027153999, 0.034484997), (-0.032337997, 0.026589999, 0.032493997), (-0.032539997, 0.024474999, 0.034842998), (-0.036221, 0.021347, 0.035749998), (-0.03492, 0.023642, 0.033499997), (-0.035136998, 0.025402999, 0.030976), (-0.034676, 0.026902, 0.029558), (-0.036475, 0.025529, 0.029040998), (-0.037395, 0.023696998, 0.03019), (-0.036791, 0.023153998, 0.032314997), (-0.038927, 0.024561998, 0.027079), (-0.038861, 0.022439, 0.030638), (-0.038429998, 0.021166999, 0.033423), (-0.041184, 0.024249, 0.024216), (-0.039964, 0.023074, 0.028331), (-0.043258, 0.023773998, 0.021235), (-0.041571997, 0.022896, 0.025702), (-0.042857997, 0.022872, 0.023498999), (-0.042687, 0.020885998, 0.028489), (-0.040062, 0.021405999, 0.031161001), (-0.044281, 0.020072998, 0.027223), (-0.040393, 0.019373, 0.034468), (-0.042439, 0.019839998, 0.030762998), (-0.041062, 0.020293, 0.032446), (-0.043582, 0.019234, 0.030785), (-0.040327, 0.018177, 0.036126), (-0.043653, 0.01758, 0.033367), (-0.04626, 0.018968, 0.0266), (-0.038496, 0.018703, 0.037653), (-0.038436, 0.017303, 0.039761), (-0.041088, 0.016638, 0.037740998), (-0.041943997, 0.017707, 0.035802), (-0.041293997, 0.014469, 0.040071), (-0.043411, 0.01463, 0.037545), (-0.044451, 0.015129, 0.035327997), (-0.039033, 0.014299001, 0.042354997), (-0.044591, 0.013316999, 0.038071997), (-0.036684, 0.013778999, 0.04499), (-0.04222, 0.01123, 0.042985), (-0.039558, 0.012108999, 0.04464), (-0.038447, 0.01011, 0.047322996), (-0.044619996, 0.011316, 0.040370002), (-0.04152, 0.010255999, 0.044414), (-0.044755, 0.009621, 0.041984), (-0.036029, 0.009922, 0.049562998), (-0.041299, 0.007893, 0.046947997), (-0.03818, 0.008033999, 0.049341), (-0.034502998, 0.008537999, 0.051501002), (-0.035762, 0.007916, 0.051379997), (-0.031935997, 0.007361, 0.054038), (-0.035492, 0.004607, 0.053881), (-0.039917998, 0.00506, 0.050313), (-0.038039997, 0.0046659997, 0.051994), (-0.028803999, 0.0056749997, 0.056894), (-0.031178998, 0.004438, 0.05662), (-0.028267, 0.0034029998, 0.058734), (-0.033879, 0.0034569998, 0.055608008), (-0.031849, 0.001514, 0.058077), (-0.035088997, 0.001286, 0.056071), (-0.036677998, 0.002493, 0.054415002), (-0.033436, -0.000739, 0.058446996), (-0.041785996, 0.0010599999, 0.051733997), (-0.038015, 0.000369, 0.05484301), (-0.041785996, 0.0031589998, 0.049942996), (-0.040058, 0.000819, 0.053175), (-0.03652, -0.00112, 0.0567), (-0.039481997, -0.0019939998, 0.055057), (-0.041513, -0.002725, 0.054254998), (-0.03868, -0.003425, 0.056730997), (-0.035612, -0.004739, 0.059267), (-0.032418, -0.004526, 0.060907), (-0.041293997, -0.0058710002, 0.056096), (-0.03069, -0.002196, 0.060576), (-0.037779, -0.005995, 0.058589), (-0.026981, 0.0014599999, 0.060331997), (-0.027664999, -0.001976, 0.06191), (-0.023966, -0.000994, 0.062905), (-0.029675, -0.0050709997, 0.062506996), (-0.026431998, -0.005438, 0.064219), (-0.020295998, 0.0018719999, 0.062701), (-0.020796001, -0.00064999994, 0.063962996), (-0.016987, 0.001094, 0.06409101), (-0.021482, -0.0031609999, 0.064963), (-0.018631, -0.002066, 0.065109), (-0.014618999, 0.001878, 0.064243004), (-0.02352, -0.0053979997, 0.065244995), (-0.011767, 0.003436, 0.063843004), (-0.012625, -0.00035999998, 0.065785), (-0.014451999, -0.002131, 0.066158), (-0.019625999, -0.005875, 0.066732995), (-0.015597, -0.003655, 0.06688099), (-0.011894999, -0.003778, 0.067595), (-0.01615, -0.006876, 0.068022996), (-0.009742, -0.002358, 0.06707399), (-0.009365, -0.0057389997, 0.068965), (-0.020258, -0.00871, 0.067719), (-0.022987, -0.009549, 0.067062), (-0.019763, -0.01205, 0.06885201), (-0.025659, -0.008363, 0.06576), (-0.029203998, -0.006495, 0.063541), (-0.029727, -0.009509999, 0.06428599), (-0.032957, -0.008055, 0.062319987), (-0.027609, -0.012383999, 0.066255994), (-0.036561, -0.010296, 0.061111987), (-0.030783, -0.012015, 0.06469399), (-0.034854, -0.011505, 0.062340003), (-0.025309, -0.013757, 0.067451), (-0.029848, -0.016407, 0.066153), (-0.033422, -0.014655, 0.064095), (-0.037467, -0.014868, 0.061849996), (-0.031459, -0.019036999, 0.065942), (-0.035013, -0.017411, 0.063767), (-0.026984999, -0.018335, 0.067753), (-0.034075, -0.020538, 0.064846), (-0.031361, -0.021266, 0.06629), (-0.037226, -0.020086, 0.062944), (-0.034916, -0.022133, 0.064888), (-0.038321998, -0.01766, 0.061889), (-0.038345, -0.022744998, 0.06356), (-0.039848, -0.021445, 0.061778996), (-0.041409, -0.017391, 0.059903), (-0.035864, -0.023373999, 0.06527), (-0.040562, -0.01491, 0.059913997), (-0.042016, -0.020529, 0.059949998), (-0.039512, -0.010032, 0.059088998), (-0.04425, -0.018136999, 0.057942998), (-0.04169, -0.012409, 0.058417), (-0.041413996, -0.008206, 0.057125), (-0.044744, -0.015190999, 0.056865), (-0.043798998, -0.0059219995, 0.0542), (-0.044609, -0.01176, 0.055963), (-0.045963995, -0.008919, 0.053814), (-0.045169, -0.0041199997, 0.052148), (-0.047670998, -0.013679, 0.054098), (-0.043919, -0.002008, 0.051652998), (-0.046529997, -0.0064600003, 0.052119), (-0.0437, -0.000497, 0.050662998), (-0.048235998, -0.009879, 0.052244), (-0.04636, -0.002252, 0.04978), (-0.043672998, 0.0018219999, 0.049576998), (-0.047856, -0.005518, 0.050539996), (-0.04347, 0.004696, 0.047722995), (-0.048984, -0.007952, 0.05061), (-0.044414, 0.0060799997, 0.045338996), (-0.044106998, 0.007846, 0.044437), (-0.04735, 0.0034569998, 0.044689), (-0.046775, 0.006888, 0.042522997), (-0.047248, 0.0084689995, 0.040268), (-0.045408, 0.002198, 0.047415), (-0.046719998, 0.011584999, 0.037552), (-0.048024997, -0.00057599996, 0.046961997), (-0.048259, 0.0013959999, 0.045363), (-0.049281996, -0.0048869997, 0.048755), (-0.051325995, -0.000658, 0.043498997), (-0.050959, -0.007064, 0.048077002), (-0.051376, -0.0031339999, 0.045278), (-0.051103, -0.008118, 0.048768), (-0.053235997, -0.007661, 0.046051), (-0.051198, -0.01189, 0.05006), (-0.053266, -0.004425, 0.043839), (-0.049334995, -0.013177, 0.052456997), (-0.054457, -0.0025850001, 0.041114), (-0.048241, -0.017336, 0.054499), (-0.051140998, -0.017957, 0.051926997), (-0.046739995, -0.021210998, 0.056616), (-0.049635, -0.020748999, 0.05391), (-0.052860998, -0.015254, 0.049348), (-0.051736996, -0.020948999, 0.051729996), (-0.053524997, -0.0123, 0.047865), (-0.05391, -0.020360999, 0.049498), (-0.054889996, -0.017417, 0.047814), (-0.050453, -0.02224, 0.054171998), (-0.052326996, -0.023125, 0.053172), (-0.054997, -0.015015, 0.046935), (-0.052047, -0.024037, 0.055107), (-0.058231, -0.017988, 0.04389), (-0.057896998, -0.013557, 0.042905997), (-0.054498, -0.022395, 0.049924996), (-0.055714, -0.010086, 0.044244997), (-0.056080997, -0.022047, 0.047968), (-0.054896995, -0.024254, 0.053283), (-0.056925, -0.024021, 0.049892996), (-0.057579, -0.022118, 0.045849), (-0.057628002, -0.023768999, 0.05156), (-0.058761, -0.021318, 0.044131998), (-0.059548996, -0.024104, 0.047893), (-0.059601, -0.022716999, 0.044316), (-0.06003099, -0.020676, 0.042248), (-0.061306998, -0.022713998, 0.041752), (-0.062315, -0.020971999, 0.038659997), (-0.060707998, -0.017336, 0.040191997), (-0.064171, -0.023462, 0.039097), (-0.061023, -0.012754, 0.038036), (-0.062959, -0.023729999, 0.041331), (-0.059604, -0.012736999, 0.040054), (-0.062461, -0.024043, 0.044155), (-0.058386, -0.0101769995, 0.040711), (-0.062260997, -0.017529, 0.037844), (-0.055623997, -0.00697, 0.042712998), (-0.060312, -0.0093209995, 0.037272997), (-0.055074, -0.004819, 0.041676), (-0.056574997, -0.0051529994, 0.040064), (-0.058389, -0.0065439995, 0.038558), (-0.063003995, -0.012213, 0.034406), (-0.060519, -0.0067979996, 0.035292998), (-0.062427, -0.008208, 0.032922), (-0.059719, -0.004111, 0.034348), (-0.057674997, -0.0036629997, 0.037589), (-0.056766, -0.001962, 0.036973), (-0.056165, -0.00035100002, 0.036863998), (-0.058454998, -0.000098, 0.032854), (-0.054049, 0.001198, 0.038324), (-0.056662, 0.001206, 0.034376), (-0.059825, -0.0018989999, 0.031692), (-0.052279, 0.001949, 0.040433), (-0.061178003, -0.002599, 0.030294001), (-0.049635, 0.0027279998, 0.042884), (-0.051356, 0.0036199999, 0.039776), (-0.048332, 0.0047629997, 0.042424), (-0.049728997, 0.0065149995, 0.039628997), (-0.053857002, 0.002962, 0.037228), (-0.051971998, 0.005375, 0.037302), (-0.048584998, 0.009023, 0.038011), (-0.050342996, 0.0093789995, 0.035598), (-0.047994997, 0.0114750005, 0.035905), (-0.054071996, 0.005386, 0.034386), (-0.046102, 0.013776, 0.035181), (-0.049, 0.012135, 0.033805), (-0.045858998, 0.015511, 0.033841), (-0.044935998, 0.016108, 0.033508), (-0.047507, 0.015551999, 0.030955998), (-0.046299, 0.016959999, 0.030111998), (-0.047627, 0.013753001, 0.033522997), (-0.047449, 0.017019, 0.028563), (-0.049549997, 0.012433999, 0.03203), (-0.051866997, 0.009137, 0.033563), (-0.05183, 0.012457, 0.028754), (-0.051968, 0.007932999, 0.034514), (-0.051701996, 0.010629999, 0.0321), (-0.053038996, 0.008565, 0.032037), (-0.052673995, 0.010918, 0.029909), (-0.054713, 0.00682, 0.031783), (-0.050215997, 0.014618999, 0.027911998), (-0.055742998, 0.00413, 0.03285), (-0.058439, 0.00216, 0.030242), (-0.057087, 0.005337, 0.029091999), (-0.054576, 0.009, 0.029037), (-0.061238, -0.000864, 0.027920999), (-0.054144, 0.010819, 0.027376), (-0.056434, 0.007869, 0.026989), (-0.052216, 0.013072999, 0.02657), (-0.055411, 0.0102119995, 0.025438001), (-0.050692, 0.015641, 0.025384), (-0.054092996, 0.012740999, 0.023982998), (-0.051848, 0.0152509995, 0.023146998), (-0.047312003, 0.019217, 0.024495998), (-0.049498, 0.018293, 0.022074), (-0.052838996, 0.015859999, 0.019888), (-0.044965, 0.021382999, 0.023729), (-0.047427, 0.020327998, 0.021033), (-0.045438997, 0.022347, 0.019273), (-0.049303003, 0.019744, 0.018527), (-0.044187997, 0.024907, 0.016049), (-0.046398, 0.022744, 0.01673), (-0.046841, 0.023355998, 0.01177), (-0.049656, 0.020769, 0.013468999), (-0.046606, 0.024388999, 0.008891), (-0.050517, 0.019462, 0.015381), (-0.048246, 0.022908999, 0.008012), (-0.052424997, 0.017915, 0.015233), (-0.050757, 0.020356, 0.010426), (-0.049545996, 0.021458, 0.009399), (-0.051307, 0.020453999, 0.007149), (-0.049074996, 0.022744, 0.005367), (-0.04947, 0.022208, 0.0034029998), (-0.052380998, 0.019911999, 0.0038269998), (-0.052902002, 0.018594, 0.009506), (-0.053065, 0.018001, 0.011872999), (-0.054321, 0.017556999, 0.00902), (-0.053699, 0.01848, 0.0054559996), (-0.054503, 0.017864, 0.0028439998), (-0.056178, 0.01612, 0.004485), (-0.051951997, 0.020265, 0.002129), (-0.056505, 0.015642, 0.002149), (-0.049238, 0.022771, 0.00177), (-0.05362, 0.018997999, 0.00037999998), (-0.050539996, 0.021589998, -0.000443), (-0.051139, 0.020689001, 0.000686), (-0.048776, 0.023083998, 0.000031), (-0.047048, 0.025030999, -0.00072899996), (-0.050409, 0.021718, -0.0026109999), (-0.045803, 0.026350997, -0.003217), (-0.047326997, 0.024229, -0.004992), (-0.044784002, 0.026853, -0.004917), (-0.044492997, 0.026889, -0.0088059995), (-0.043326996, 0.026846, -0.011431), (-0.04538, 0.025436, -0.010365), (-0.04522, 0.024818, -0.013402999), (-0.0473, 0.023264999, -0.010632), (-0.044878, 0.023926, -0.016772998), (-0.045805, 0.023132, -0.015758999), (-0.047146, 0.022419, -0.015054999), (-0.049202, 0.022497999, -0.005323), (-0.050131995, 0.021242, -0.008136), (-0.052406996, 0.019671, -0.0047859997), (-0.050064996, 0.020871, -0.010632), (-0.052673, 0.019608999, -0.002048), (-0.052027002, 0.019486, -0.008665999), (-0.055184998, 0.017238999, -0.0038710001), (-0.053109, 0.018986, -0.0068139997), (-0.055274, 0.016586, -0.006251), (-0.054057002, 0.017607, -0.008796), (-0.051239, 0.019405, -0.01304), (-0.055608, 0.015766999, -0.009394), (-0.049873, 0.019811999, -0.01571), (-0.054325, 0.016698001, -0.012599), (-0.049912, 0.018995, -0.018834999), (-0.051590998, 0.018546999, -0.015269), (-0.052122, 0.016903, -0.018842999), (-0.054041, 0.015885, -0.015589), (-0.056191, 0.014412, -0.012337), (-0.057398, 0.013759, -0.0085), (-0.055897, 0.013657, -0.016411), (-0.053509995, 0.016285999, -0.016836999), (-0.053678997, 0.014701, -0.019876), (-0.058404002, 0.011773, -0.012998), (-0.05841, 0.010612, -0.015877), (-0.059953988, 0.009994, -0.011897), (-0.056408, 0.012023999, -0.018818), (-0.058863, 0.009125999, -0.018736), (-0.056264, 0.010474, -0.022823), (-0.050752, 0.017434, -0.021152), (-0.053542998, 0.013757, -0.022444999), (-0.047097, 0.020327, -0.021598998), (-0.047604, 0.020358, -0.019917), (-0.050403, 0.016526999, -0.023543), (-0.048627, 0.017118, -0.026002), (-0.052708, 0.013402999, -0.025001999), (-0.046543997, 0.018152999, -0.027169999), (-0.0507, 0.0147669995, -0.026442999), (-0.046297003, 0.017075999, -0.030222999), (-0.046318002, 0.015455, -0.032904), (-0.047454, 0.015578999, -0.030394001), (-0.048986, 0.015257999, -0.028608), (-0.044798996, 0.014239999, -0.036013), (-0.047765996, 0.013336, -0.033545), (-0.049624998, 0.013092, -0.031006), (-0.051567998, 0.012499999, -0.028915998), (-0.050914, 0.010599, -0.03279), (-0.045316, 0.012602, -0.037743), (-0.048656, 0.010206999, -0.036787), (-0.046076998, 0.010135, -0.039945), (-0.050704997, 0.0091119995, -0.035118), (-0.048730996, 0.008113, -0.03867), (-0.044755, 0.00822, -0.043077998), (-0.050317, 0.007142, -0.037954), (-0.047031, 0.006038, -0.042740997), (-0.049278002, 0.004796, -0.041374996), (-0.053467, 0.006812, -0.033680998), (-0.051043, 0.0045559998, -0.039135), (-0.052438002, 0.009893, -0.031433), (-0.052534997, 0.005513, -0.036294997), (-0.052959, 0.010644999, -0.029084), (-0.052974, 0.003145, -0.038144), (-0.055483, 0.007853, -0.028938), (-0.054917, 0.010232, -0.026487999), (-0.054496996, 0.004764, -0.033767), (-0.057800002, 0.0077420003, -0.024149), (-0.054281, 0.003968, -0.035458), (-0.057648, 0.009279, -0.021308), (-0.059653, 0.006106, -0.022002), (-0.056507, 0.0065899994, -0.028165), (-0.058346998, 0.0057709995, -0.025932), (-0.056925, 0.003957, -0.031164), (-0.058631, 0.003818, -0.027758999), (-0.061885998, 0.004124, -0.019074), (-0.061009996, 0.002802, -0.023709), (-0.060365, 0.0065679997, -0.018408999), (-0.061575998, 0.0062919995, -0.015391999), (-0.06371799, 0.000146, -0.020004), (-0.064261995, 0.00199, -0.014514), (-0.063256994, 0.004882, -0.011668), (-0.06118, 0.000297, -0.026592), (-0.06507599, 0.002323, -0.009802), (-0.059724, 0.000162, -0.029804999), (-0.063263, -0.001283, -0.023532), (-0.060812, -0.002053, -0.029746), (-0.058135, -0.0012999999, -0.034151997), (-0.056458, 0.001298, -0.034392), (-0.060960002, -0.004446, -0.032246), (-0.054771, 0.001111, -0.037143), (-0.056413997, -0.001725, -0.037162), (-0.052573998, 0.00069899997, -0.040637996), (-0.054938, -0.001149, -0.039015), (-0.050492, 0.0017389999, -0.042406), (-0.052941997, -0.001791, -0.042085998), (-0.047561, 0.003837, -0.043893), (-0.046275, 0.002205, -0.046685), (-0.051068, -0.003052, -0.045211), (-0.045121003, 0.0056999996, -0.045100998), (-0.049345, -0.00080399995, -0.045514997), (-0.042315, 0.003596, -0.049241), (-0.042686, 0.006886, -0.046419), (-0.046413, -0.00078, -0.048466), (-0.044012997, 0.0012129999, -0.049373), (-0.049134, -0.003697, -0.047753), (-0.046268, -0.003357, -0.050205987), (-0.039166, 0.000621, -0.053639997), (-0.040572, 0.007832, -0.047543995), (-0.040563002, 0.010829999, -0.044717997), (-0.042432, -0.001393, -0.05235701), (-0.039752, -0.0035299999, -0.055644), (-0.043076, -0.004207, -0.053545), (-0.035796, -0.0042109997, -0.058650997), (-0.039628, -0.006172, -0.057163), (-0.032306, -0.006569, -0.061838996), (-0.038422, -0.007925999, -0.058826998), (-0.041989002, -0.007674, -0.056156997), (-0.046235997, -0.00464, -0.051278), (-0.046947997, -0.007378, -0.052069996), (-0.043662, -0.008866999, -0.055486), (-0.048888996, -0.009, -0.050982997), (-0.050657, -0.005627, -0.047402), (-0.053239997, -0.0063849995, -0.044914998), (-0.051838, -0.008680999, -0.047836), (-0.055769, -0.007744, -0.042632), (-0.055100996, -0.010709999, -0.045126), (-0.055683997, -0.004446, -0.040571988), (-0.058333, -0.009113, -0.039901), (-0.058060996, -0.004363, -0.037113), (-0.060155, -0.006934, -0.035597), (-0.062273998, -0.008047, -0.032791), (-0.060852, -0.011173, -0.037211), (-0.058202, -0.01338, -0.042235997), (-0.063049994, -0.005736, -0.028873), (-0.062438, -0.0032499998, -0.027981), (-0.064431, -0.006776, -0.027257), (-0.065515, -0.00382, -0.020801999), (-0.065501995, -0.010821, -0.027975999), (-0.06538, -0.0011349999, -0.016343), (-0.066581, -0.006609, -0.021141), (-0.067145996, -0.004189, -0.015071), (-0.06624599, -0.000948, -0.01206), (-0.065735996, -0.008483999, -0.025550999), (-0.067881994, -0.0072839996, -0.017726), (-0.067626, -0.010625, -0.02204), (-0.066697, -0.012267999, -0.026108999), (-0.068496, -0.0057039997, -0.011647), (-0.068619, -0.010477, -0.018745), (-0.068818994, -0.0081279995, -0.015029), (-0.067951, -0.014129, -0.02412), (-0.069636, -0.014542, -0.018939), (-0.069918, -0.012145, -0.015608), (-0.066587, -0.015877, -0.028405001), (-0.068312, -0.017462999, -0.025001999), (-0.069733, -0.00961, -0.012643999), (-0.070929, -0.016914, -0.015750999), (-0.07060699, -0.013036, -0.013171), (-0.070356004, -0.018705, -0.019230999), (-0.071088, -0.012327, -0.009745), (-0.071902, -0.016913, -0.009936), (-0.071159, -0.021366999, -0.018118), (-0.070441, -0.009308, -0.007164), (-0.070166, -0.021264998, -0.021621), (-0.072036, -0.015377999, -0.0070399996), (-0.069337, -0.0063529997, -0.007918), (-0.072167, -0.019961, -0.011676), (-0.068734996, -0.0049559996, -0.009064), (-0.072553, -0.019398, -0.008409), (-0.06737, -0.002315, -0.009057), (-0.068012, -0.0030289998, -0.006911), (-0.06591, 0.00054499996, -0.00916), (-0.068628, -0.003928, -0.003808), (-0.064146, 0.004571, -0.007404), (-0.067444, -0.0017299999, -0.0042689997), (-0.06591, 0.001619, -0.005762), (-0.062044, 0.007436, -0.009089), (-0.063819, 0.005417, -0.003794), (-0.062532, 0.0073549994, -0.004989), (-0.060854, 0.0097509995, -0.007655), (-0.061742, 0.008841, -0.0054329997), (-0.058601998, 0.012676999, -0.007778), (-0.059963997, 0.011117, -0.005334), (-0.057989996, 0.01368, -0.004913), (-0.059403, 0.012211, -0.003138), (-0.056341, 0.015705, -0.002326), (-0.055653, 0.017201, -0.000107), (-0.057782, 0.014229, -0.001006), (-0.060475998, 0.010722999, -0.001472), (-0.058758, 0.013114001, 0.001076), (-0.062122997, 0.008649, -0.0027509998), (-0.061656997, 0.009211999, 0.0017489999), (-0.063081995, 0.00693, -0.000285), (-0.058214, 0.013762999, 0.0032139998), (-0.060560998, 0.010757, 0.00329), (-0.057327, 0.014428, 0.0048849997), (-0.058852, 0.012440999, 0.005824), (-0.056173, 0.015658999, 0.00665), (-0.061711997, 0.008854, 0.0059729996), (-0.057116996, 0.014684, 0.007835999), (-0.059247997, 0.011912, 0.007437), (-0.055001, 0.01639, 0.009667999), (-0.055458996, 0.015415, 0.011985), (-0.057003003, 0.013815, 0.010470999), (-0.054509, 0.015361, 0.0154719995), (-0.057163, 0.013028999, 0.013394999), (-0.05921, 0.011418999, 0.010499999), (-0.060865, 0.009878, 0.008618), (-0.059478, 0.010415, 0.013187), (-0.061042998, 0.008574, 0.011372), (-0.06220799, 0.007415, 0.008861), (-0.058625996, 0.010668, 0.014833), (-0.062727, 0.0068589994, 0.005504), (-0.059789, 0.009032, 0.016139999), (-0.057033, 0.01237, 0.016402), (-0.063888, 0.0056749997, 0.003784), (-0.06410699, 0.00469, 0.007307), (-0.064683, 0.004205, -0.0015530001), (-0.065212004, 0.00298, 0.003093), (-0.063048, 0.0052539995, 0.011785001), (-0.064964, 0.00262, 0.008932), (-0.066226, 0.0013869999, 0.002572), (-0.065225, 0.002801, -0.004006), (-0.066189, 0.001295, -0.003063), (-0.067016, -0.000269, -0.001817), (-0.067821994, -0.002012, 0.00003), (-0.066420995, 0.000383, 0.0073299995), (-0.06969, -0.006261, -0.002727), (-0.066998, -0.00067100005, 0.0037729999), (-0.065868, 0.000359, 0.010515), (-0.06722, -0.00193, 0.008653), (-0.068711, -0.004014, 0.001632), (-0.06828, -0.0029840001, 0.004636), (-0.068793, -0.004652, 0.0064939996), (-0.069628, -0.005833, 0.000619), (-0.06993, -0.0069939997, 0.0034400001), (-0.067425996, -0.002902, 0.010707), (-0.070145994, -0.008030999, 0.007019), (-0.068986, -0.005863, 0.008529999), (-0.071242996, -0.010556, 0.000701), (-0.069640994, -0.007994, 0.01021), (-0.071458995, -0.011938999, 0.004483), (-0.070863, -0.010434, 0.006925), (-0.070966, -0.009873999, -0.002236), (-0.071928, -0.013366999, -0.001035), (-0.069946, -0.007378, -0.005101), (-0.071562, -0.012642999, -0.004847), (-0.072537, -0.016768, -0.003532), (-0.072636, -0.019493999, -0.0060659996), (-0.07355, -0.021886, -0.004772), (-0.072643995, -0.017711, -0.002141), (-0.073224, -0.019522, -0.00252), (-0.072661996, -0.017237, 0.001952), (-0.073534995, -0.021502, -0.000556), (-0.073206, -0.020297999, 0.0020299999), (-0.073337, -0.021064, -0.0026679998), (-0.074806, -0.023245001, -0.001523), (-0.074333, -0.022655, 0.002195), (-0.07317699, -0.020938, 0.0040909997), (-0.07240499, -0.016252, 0.0049739997), (-0.072718, -0.018545, 0.006035), (-0.071577, -0.013905999, 0.007526), (-0.072055, -0.016749999, 0.009256), (-0.070842996, -0.011849, 0.010837999), (-0.072643995, -0.020041, 0.009121999), (-0.069298, -0.008553, 0.013805999), (-0.073096, -0.021354001, 0.006866), (-0.06761, -0.0047319997, 0.01444), (-0.074794, -0.023155998, 0.005385), (-0.074098, -0.022797, 0.0076619997), (-0.075984985, -0.023807999, 0.002404), (-0.076159, -0.023834, 0.005521), (-0.073793, -0.022850001, 0.010101), (-0.075224996, -0.023757, 0.009423999), (-0.077206, -0.023609, 0.004371), (-0.076617986, -0.023671998, 0.0096229995), (-0.074361, -0.023578, 0.013162), (-0.075454995, -0.023768, 0.015426), (-0.07272, -0.021321999, 0.010671), (-0.072485, -0.021657, 0.013497), (-0.071972996, -0.018544, 0.01127), (-0.073715, -0.023714999, 0.016103), (-0.071287, -0.015732, 0.012726999), (-0.0719, -0.020692, 0.014385), (-0.071329, -0.022223, 0.019888), (-0.07054399, -0.014208999, 0.014575999), (-0.070788994, -0.02076, 0.018796999), (-0.070583, -0.017013, 0.017688), (-0.069755, -0.011466, 0.015847), (-0.06982999, -0.014122999, 0.018060999), (-0.068551, -0.0079, 0.015989), (-0.068287, -0.010704, 0.020697), (-0.067306995, -0.0074409996, 0.020079998), (-0.066209994, -0.0036359997, 0.018211), (-0.066297, -0.0070319995, 0.022998), (-0.066076, -0.002346, 0.016038), (-0.065243, 0.000692, 0.013653999), (-0.064893, -0.000943, 0.01801), (-0.063889, 0.0029379998, 0.014321), (-0.064908996, -0.003273, 0.022009999), (-0.061704997, 0.0057419995, 0.016544), (-0.064435, -0.004655, 0.025196), (-0.057449996, 0.010692, 0.019640999), (-0.063762, -0.002351, 0.02371), (-0.05534, 0.01364, 0.017959999), (-0.053814996, 0.015705, 0.017632), (-0.054534, 0.013265999, 0.021087999), (-0.056995, 0.009399, 0.023548), (-0.059629995, 0.0072299996, 0.020529), (-0.057696998, 0.008052, 0.023594), (-0.059019998, 0.005509, 0.024992), (-0.060204, 0.004911, 0.022502998), (-0.059258997, 0.0034419997, 0.026819998), (-0.061817996, 0.001204, 0.023798), (-0.060301, 0.0010909999, 0.027975999), (-0.060906, 0.0014689999, 0.026099999), (-0.062744, -0.000207, 0.023963999), (-0.061521, 0.00374, 0.021022), (-0.063552, 0.0015520001, 0.018423), (-0.063101, 0.003204, 0.015965), (-0.062731, -0.0035370002, 0.027816), (-0.062534, -0.005581, 0.030511998), (-0.063726, -0.0057969997, 0.027897999), (-0.064569995, -0.008033999, 0.028359), (-0.064788, -0.010178, 0.029468), (-0.066497, -0.011609999, 0.026431), (-0.065097995, -0.013179, 0.030573001), (-0.067678, -0.012823, 0.024152), (-0.067258, -0.015377999, 0.026785), (-0.065984994, -0.016076999, 0.030234998), (-0.069324, -0.015163999, 0.020330999), (-0.068839, -0.017169999, 0.023564), (-0.069984004, -0.017663, 0.020299), (-0.068335, -0.020281998, 0.026382), (-0.069782, -0.021634, 0.023698999), (-0.067513995, -0.020843, 0.028936999), (-0.070887, -0.023427999, 0.024900999), (-0.069473, -0.023345001, 0.027839), (-0.065887, -0.019582, 0.031709), (-0.073234, -0.023761999, 0.019189), (-0.064078, -0.017724, 0.034746), (-0.06725299, -0.022002, 0.030562999), (-0.063408986, -0.020309998, 0.03662), (-0.06516, -0.020915998, 0.033762), (-0.065036, -0.02298, 0.036351), (-0.06647, -0.023738999, 0.035576), (-0.066905, -0.023173999, 0.033572998), (-0.068564, -0.023505999, 0.030748), (-0.069556996, -0.023981, 0.031836), (-0.071519986, -0.023934, 0.027718), (-0.068004, -0.023916999, 0.035768), (-0.07269, -0.023861, 0.024576), (-0.071985, -0.022467, 0.031297), (-0.073719, -0.022104999, 0.028447), (-0.074387, -0.02365, 0.021006), (-0.075343, -0.022211, 0.024072), (-0.076068, -0.022249, 0.020721), (-0.076893, -0.021979, 0.018245999), (-0.07802299, -0.023747, 0.020831998), (-0.074766, -0.023073, 0.029266), (-0.076734, -0.023684, 0.025023), (-0.072527, -0.022421999, 0.032514), (-0.068976, -0.022495, 0.037844997), (-0.065246, -0.023931, 0.040383), (-0.064064994, -0.023539, 0.043733), (-0.066114, -0.022411998, 0.042646997), (-0.063771, -0.022326, 0.046602998), (-0.061453998, -0.023884999, 0.046629), (-0.068412, -0.022456, 0.040829), (-0.06606, -0.022511998, 0.044292998), (-0.070550986, -0.022369001, 0.036802), (-0.066613995, -0.024295999, 0.045984), (-0.072358, -0.023999, 0.035325), (-0.071049, -0.023842001, 0.038123), (-0.073268, -0.023929, 0.03384), (-0.069506, -0.024084998, 0.040918), (-0.073926, -0.024565, 0.032279), (-0.068145, -0.024272, 0.042894), (-0.068105, -0.025023999, 0.042101), (-0.07033, -0.024727, 0.039263997), (-0.071747996, -0.024863, 0.036494996), (-0.0677, -0.025622, 0.040222995), (-0.072971, -0.024955, 0.03371), (-0.070332, -0.025704999, 0.034795), (-0.07188, -0.025553, 0.03223), (-0.065111, -0.025806999, 0.044039), (-0.067095, -0.025441, 0.037499998), (-0.065322995, -0.025453, 0.041002996), (-0.070755, -0.025522001, 0.030394001), (-0.067567, -0.024993999, 0.034785), (-0.065303, -0.024760999, 0.037688997), (-0.073369004, -0.025601, 0.029398998), (-0.067909986, -0.024228001, 0.031014), (-0.07509, -0.025208, 0.027409999), (-0.066878, -0.024407, 0.033041), (-0.075426, -0.02417, 0.028369), (-0.076963, -0.024567, 0.024268), (-0.074134, -0.025655, 0.025339), (-0.077293, -0.024161998, 0.02259), (-0.075763, -0.025396999, 0.023232), (-0.078, -0.024733, 0.019744), (-0.079018, -0.023994999, 0.016749), (-0.076143995, -0.025555998, 0.020436), (-0.077226, -0.025743999, 0.017192), (-0.073882, -0.025462998, 0.021572001), (-0.07514, -0.025548998, 0.017488), (-0.077612996, -0.025586, 0.014129), (-0.078998, -0.023264999, 0.016042), (-0.074815996, -0.025235, 0.014563), (-0.077741995, -0.022211, 0.013076), (-0.079359, -0.023612, 0.013928), (-0.079839, -0.024188, 0.011651999), (-0.079982, -0.023046, 0.011448), (-0.07835, -0.022402998, 0.0075749997), (-0.079339, -0.022460999, 0.0095), (-0.079821, -0.023345001, 0.008693), (-0.078899, -0.022393, 0.003928), (-0.079866, -0.02269, 0.0059680003), (-0.080056, -0.024059, 0.0065789996), (-0.078859, -0.022341, 0.00077600003), (-0.079074, -0.025318999, 0.010104999), (-0.079946, -0.022683999, 0.000505), (-0.076764, -0.024026, -0.001312), (-0.080555, -0.024292, 0.0034929998), (-0.078747, -0.022327, -0.003608), (-0.080322, -0.024075, 0.0011659999), (-0.075665995, -0.023893, -0.0056910003), (-0.076961, -0.023873, -0.005455), (-0.080582, -0.023421999, -0.003025), (-0.078268, -0.022528999, -0.008837), (-0.079964, -0.025223, 0.003935), (-0.07649, -0.023888, -0.011318), (-0.079658985, -0.023108998, -0.008253), (-0.077241994, -0.022626, -0.013993), (-0.078748, -0.022428999, -0.01069), (-0.079964995, -0.024331998, -0.008443), (-0.079446994, -0.023798, -0.0120399995), (-0.07753699, -0.022404999, -0.016004), (-0.079199, -0.025441999, -0.006294), (-0.079369, -0.025659999, -0.001376), (-0.078352995, -0.025766, -0.008352), (-0.078568, -0.025734, -0.0038629998), (-0.079045996, -0.025648998, 0.00199), (-0.077301994, -0.025593, -0.000498), (-0.078378, -0.025745, 0.004272), (-0.076708995, -0.025578998, -0.004601), (-0.078513995, -0.025701, 0.007644), (-0.076702, -0.025355998, 0.0046), (-0.077267, -0.025655, 0.01057), (-0.076083995, -0.025418, 0.010481), (-0.075081, -0.024542, 0.000851), (-0.074506, -0.024363998, 0.0069849994), (-0.074408, -0.024075, 0.0036359997), (-0.072551, -0.023487, 0.013197999), (-0.073486, -0.023652999, 0.010089001), (-0.073239, -0.022911, 0.0052920002), (-0.07314, -0.023224, 0.007694), (-0.072533004, -0.022697998, 0.011225999), (-0.07324, -0.022499, 0.003357), (-0.072138, -0.02083, 0.005846), (-0.07187, -0.020573001, 0.0090499995), (-0.073382, -0.022938, 0.001186), (-0.072177, -0.019335, 0.003203), (-0.072485, -0.020812, 0.0014470001), (-0.073699, -0.023587998, -0.000686), (-0.072860986, -0.021207, -0.000648), (-0.074591994, -0.02421, -0.00228), (-0.073281996, -0.022778, -0.003578), (-0.07183, -0.018215999, -0.000057), (-0.072296, -0.020978, -0.002442), (-0.072023, -0.019085, -0.002599), (-0.073252, -0.023059001, -0.005953), (-0.071950994, -0.020922, -0.0058939997), (-0.074277, -0.024254998, -0.0069689997), (-0.071763, -0.017966, -0.005087), (-0.076016, -0.025473, -0.009122999), (-0.072656, -0.022678, -0.008512), (-0.072876, -0.023505999, -0.010573), (-0.072156, -0.021275, -0.008618), (-0.073955, -0.024681998, -0.013221999), (-0.071456, -0.019142998, -0.0076169996), (-0.071827, -0.022334, -0.012322), (-0.071077995, -0.019077, -0.011577999), (-0.076344, -0.025715, -0.01181), (-0.071086995, -0.022049, -0.015584), (-0.078549996, -0.025462, -0.011535999), (-0.074981995, -0.025645, -0.016491), (-0.077355, -0.025827998, -0.014663), (-0.07871699, -0.025114, -0.014172999), (-0.073165, -0.024923, -0.017864), (-0.078827, -0.023550998, -0.01454), (-0.078447, -0.024024, -0.016992), (-0.077311, -0.025555, -0.018530998), (-0.077864, -0.024017, -0.019738998), (-0.075124, -0.026033001, -0.020081999), (-0.076547, -0.025012, -0.023632), (-0.076698, -0.022628, -0.020313), (-0.076439, -0.023516, -0.02431), (-0.07564, -0.025690999, -0.024081), (-0.075486995, -0.024944, -0.026779), (-0.07471, -0.022499, -0.026231), (-0.075274, -0.024035001, -0.027838), (-0.075715, -0.02262, -0.021449), (-0.074302, -0.024175998, -0.030206), (-0.073590994, -0.022411, -0.029509), (-0.073045, -0.022662, -0.028535), (-0.074505, -0.023797, -0.020454999), (-0.07189899, -0.02413, -0.027521998), (-0.074645, -0.024166998, -0.016098), (-0.072895996, -0.024216, -0.023418), (-0.073592, -0.024056999, -0.019073), (-0.07519, -0.024031999, -0.011046999), (-0.073204994, -0.023571998, -0.01664), (-0.073927, -0.023055999, -0.009024999), (-0.072101995, -0.023294998, -0.0199), (-0.073635, -0.022262001, -0.006255), (-0.072856, -0.021675, -0.008962), (-0.072958, -0.022077998, -0.011466), (-0.073818, -0.023608, -0.012455), (-0.07210299, -0.021518, -0.014066), (-0.071456, -0.023582, -0.023069), (-0.069173, -0.022506999, -0.026285), (-0.070281, -0.024118999, -0.027972), (-0.06783299, -0.02111, -0.02815), (-0.067029, -0.02252, -0.031331997), (-0.066766, -0.019828, -0.029514998), (-0.067736, -0.023806, -0.032639), (-0.069342986, -0.024154, -0.032436), (-0.065465994, -0.022146, -0.034207), (-0.066349, -0.024084998, -0.035768), (-0.069925986, -0.022406, -0.035708997), (-0.066909, -0.024265, -0.037439), (-0.064, -0.023092, -0.038083), (-0.064443, -0.020122001, -0.034096), (-0.063853, -0.022018999, -0.036691), (-0.064228, -0.018199, -0.034222), (-0.06247, -0.020748999, -0.038124), (-0.065939, -0.016160998, -0.030292999), (-0.065156996, -0.013603999, -0.030351), (-0.063516, -0.015947, -0.034923), (-0.063432, -0.011411999, -0.032799), (-0.062253997, -0.017156, -0.037281), (-0.061950002, -0.013709, -0.036584), (-0.060161, -0.017663, -0.040781002), (-0.060755, -0.020708999, -0.040888), (-0.056948, -0.016543, -0.044923), (-0.062642, -0.023085, -0.040137), (-0.058992, -0.020728, -0.043532), (-0.060484, -0.022731999, -0.043111), (-0.064168, -0.024058001, -0.040154), (-0.061550003, -0.024008999, -0.043681998), (-0.057928, -0.022744, -0.046195), (-0.064936996, -0.024168, -0.041350998), (-0.067557, -0.022441, -0.040444), (-0.06243299, -0.024202, -0.045699), (-0.063842, -0.022679, -0.046225), (-0.059976, -0.024444, -0.046825), (-0.058509, -0.024097, -0.050852988), (-0.055991996, -0.024270998, -0.050768), (-0.055451002, -0.024502, -0.052241), (-0.05682, -0.020924, -0.046336003), (-0.054765, -0.022549, -0.049776), (-0.053099997, -0.024151001, -0.053774998), (-0.054973, -0.015596, -0.047131), (-0.054173, -0.020801, -0.049457002), (-0.0528, -0.022853, -0.05203501), (-0.051834002, -0.021487, -0.052171987), (-0.053262, -0.018672999, -0.049847987), (-0.050688, -0.022479, -0.053648), (-0.050173998, -0.019075, -0.053007), (-0.050911, -0.016151, -0.051593), (-0.052766, -0.012339, -0.048448), (-0.050418, -0.012704999, -0.051051002), (-0.048088003, -0.013717, -0.053553), (-0.04665, -0.015949, -0.055454), (-0.046243, -0.011668, -0.054585), (-0.044115, -0.011624, -0.056305), (-0.043168996, -0.014754999, -0.057850998), (-0.04011, -0.011749, -0.05919), (-0.040705, -0.016432, -0.060044996), (-0.037333, -0.011073, -0.060774997), (-0.043084, -0.018063, -0.058811996), (-0.036822, -0.014268, -0.061978996), (-0.039481997, -0.018243998, -0.061301988), (-0.035542, -0.008192, -0.060727), (-0.032014, -0.010247999, -0.063418), (-0.033147, -0.013731, -0.063937), (-0.029426, -0.00794, -0.063821994), (-0.029567, -0.011907999, -0.065109), (-0.025708, -0.009459999, -0.066001), (-0.025506, -0.012642, -0.06702), (-0.022177, -0.011044, -0.067724995), (-0.025597999, -0.015798, -0.067710996), (-0.030011, -0.018013, -0.06645499), (-0.017993, -0.0125359995, -0.069312), (-0.019638998, -0.015091999, -0.06941799), (-0.013867, -0.014052, -0.070567004), (-0.022000998, -0.017732, -0.069407), (-0.011871, -0.016532, -0.071407996), (-0.016607, -0.017417, -0.070752), (-0.013348, -0.018937, -0.07176499), (-0.009701, -0.01759, -0.072034), (-0.014912999, -0.020104999, -0.07153099), (-0.004828, -0.018837, -0.072732), (-0.0107619995, -0.021123, -0.072413996), (-0.008580999, -0.020801999, -0.072772995), (-0.006027, -0.021923998, -0.07328), (-0.003366, -0.020476, -0.073041), (-0.001266, -0.019319, -0.07305201), (-0.003388, -0.023137, -0.07411599), (0.002849, -0.018948, -0.072858), (0.000946, -0.02175, -0.07351999), (0.006862, -0.018543, -0.072569996), (0.005505, -0.020067, -0.072757), (0.006307, -0.015450999, -0.07183), (0.0070740003, -0.013266999, -0.071317), (0.009966999, -0.018948998, -0.072193995), (0.008441, -0.021688001, -0.072860986), (0.010614, -0.013498, -0.070963), (0.01261, -0.017253999, -0.071409), (0.013828999, -0.01274, -0.070127), (0.017369, -0.01643, -0.07021199), (0.014954999, -0.019474, -0.07137899), (0.012128, -0.02286, -0.07269), (0.018476, -0.02197, -0.070995994), (0.01429, -0.022263, -0.072066985), (0.010254, -0.024108, -0.074044995), (0.014357001, -0.024593, -0.073874995), (0.006575, -0.023057, -0.07370298), (0.012676001, -0.025007999, -0.07495199), (0.004028, -0.023348998, -0.074042), (0.007041, -0.024389999, -0.074912), (0.0013529999, -0.023787, -0.07471299), (0.003585, -0.024714, -0.075833), (-0.001724, -0.024495, -0.075872), (0.010728, -0.024872, -0.076206), (0.006846, -0.024956, -0.076225996), (0.00020099999, -0.024542, -0.077192985), (0.00409, -0.024781998, -0.07676099), (0.007655, -0.024619998, -0.077001), (0.0021829999, -0.023234, -0.078806), (-0.004392, -0.024758998, -0.076738), (-0.002506, -0.023039, -0.07890699), (0.009101, -0.023187, -0.078319), (-0.005916, -0.023956, -0.07460299), (-0.009006, -0.024603, -0.076464996), (-0.008116, -0.024002999, -0.07458099), (-0.010983, -0.023675, -0.073839), (-0.008766, -0.023048, -0.078425996), (-0.012688, -0.022518, -0.072919), (-0.012941999, -0.024463998, -0.07459399), (-0.016627, -0.022047998, -0.071689), (-0.015513, -0.023819, -0.07311999), (-0.015108, -0.024578, -0.075532), (-0.018539999, -0.01993, -0.070842996), (-0.020436, -0.021489998, -0.070569), (-0.018777, -0.023209, -0.071907), (-0.019346999, -0.024490999, -0.073501), (-0.022215, -0.02006, -0.069558), (-0.024765, -0.021343, -0.069067), (-0.021528, -0.023105, -0.071083985), (-0.024335999, -0.023390999, -0.070335), (-0.022075, -0.024388, -0.072435), (-0.029244, -0.022363, -0.067698985), (-0.021681001, -0.024442, -0.073853), (-0.02799, -0.024367, -0.070365), (-0.028053999, -0.024256, -0.071788), (-0.027654, -0.020989, -0.067821), (-0.031178, -0.020233, -0.06613501), (-0.032837, -0.024377998, -0.068289), (-0.03216, -0.022513, -0.066665), (-0.032633, -0.017429, -0.06497), (-0.033808, -0.022335999, -0.06526), (-0.035999, -0.018258, -0.063344), (-0.030462999, -0.024486998, -0.070177995), (-0.038046997, -0.020153, -0.062371995), (-0.036505997, -0.022158, -0.064074), (-0.041602, -0.020817, -0.060222995), (-0.039054, -0.022842, -0.062920995), (-0.037072, -0.024242, -0.06567299), (-0.035704996, -0.024477998, -0.067765996), (-0.039506, -0.024447998, -0.064908), (-0.031996, -0.022969998, -0.071665), (-0.039532, -0.024102999, -0.066546984), (-0.036666, -0.022873001, -0.069575), (-0.027657999, -0.022969998, -0.07342599), (-0.034142, -0.022869, -0.071739), (-0.020744, -0.023176, -0.075373985), (-0.029319998, -0.023007, -0.073833995), (-0.015983999, -0.022983998, -0.07718101), (-0.025933001, -0.022935, -0.075075), (-0.02145, -0.022880001, -0.075953), (-0.014076, -0.023178998, -0.07829899), (-0.022118, -0.024302999, -0.07735799), (-0.016038999, -0.023283, -0.078706004), (-0.019505, -0.023627998, -0.077656984), (-0.027235, -0.023908999, -0.075468), (-0.0216, -0.025736, -0.076870985), (-0.017396, -0.023682998, -0.07860398), (-0.014126, -0.024561, -0.07906799), (-0.017354999, -0.025404999, -0.078281984), (-0.010904999, -0.023380999, -0.079156995), (-0.013073999, -0.026034, -0.07840301), (-0.007458, -0.023405, -0.07950399), (-0.009965999, -0.024839, -0.080088995), (-0.018125, -0.026312001, -0.077065), (-0.004022, -0.023556001, -0.080057), (-0.022039, -0.026368998, -0.075553), (-0.006722, -0.024732001, -0.08013699), (-0.0017159999, -0.023754, -0.08008699), (-0.002632, -0.024798999, -0.08038), (0.002254, -0.023413999, -0.08011499), (0.000369, -0.024565998, -0.08073099), (-0.004824, -0.026345998, -0.079261996), (0.004962, -0.023076, -0.07913301), (0.005451, -0.023952998, -0.080304004), (0.0084649995, -0.023269998, -0.07928399), (0.012920001, -0.023053, -0.078078985), (0.008535, -0.024781, -0.08001399), (0.011558999, -0.024172999, -0.079551), (0.003671, -0.025966, -0.079775), (0.007622, -0.026024, -0.079435), (0.01077, -0.025727998, -0.079217), (0.000154, -0.026150998, -0.079665996), (0.005846, -0.026449999, -0.078653984), (0.001827, -0.026563, -0.078616), (-0.002361, -0.026605, -0.078483), (0.010399999, -0.026492, -0.078187), (0.005029, -0.026342, -0.076886), (0.000110999994, -0.026391, -0.077415995), (0.008467, -0.026443997, -0.07682699), (-0.0025749998, -0.025613, -0.07562099), (0.0017599999, -0.025462, -0.075244), (0.0073559997, -0.025297, -0.07465899), (-0.005718, -0.026279999, -0.077126004), (0.004849, -0.024440998, -0.07405299), (-0.007572, -0.026161999, -0.079018), (-0.009889, -0.02639, -0.078531), (-0.009121999, -0.026350997, -0.076943), (-0.014033999, -0.026293, -0.07724), (-0.016185999, -0.026370998, -0.075791), (-0.006054, -0.025382, -0.07524899), (-0.011835999, -0.026124, -0.075718984), (-0.0077469996, -0.024714999, -0.074088), (-0.014215999, -0.025539, -0.074151), (-0.011253, -0.024395999, -0.073377), (-0.017603, -0.025704, -0.074066), (-0.014794, -0.023627, -0.071992), (-0.010651999, -0.023098, -0.072321), (-0.019049, -0.025058998, -0.07255799), (-0.012862999, -0.021675998, -0.071299), (-0.020765, -0.026056001, -0.07413099), (-0.018957, -0.02303, -0.070495), (-0.020766001, -0.024526998, -0.071435995), (-0.023670001, -0.026088, -0.07281), (-0.015349999, -0.020011, -0.070489995), (-0.023580998, -0.024275998, -0.07018499), (-0.026252, -0.026188, -0.072282), (-0.022725, -0.022556, -0.069278985), (-0.026304, -0.023882, -0.068787985), (-0.026703998, -0.026108, -0.074931994), (-0.029772999, -0.025295999, -0.074368), (-0.029423, -0.026233, -0.072899), (-0.032449998, -0.024256, -0.073488), (-0.031965, -0.025679, -0.073061995), (-0.037113, -0.024145, -0.07127399), (-0.037799, -0.02463, -0.071038), (-0.039667998, -0.022785999, -0.068806), (-0.03776, -0.025894, -0.070020996), (-0.041349, -0.024056999, -0.068948), (-0.040377997, -0.022922, -0.067477), (-0.044137, -0.022932999, -0.066188), (-0.043586, -0.024224, -0.063834), (-0.044752996, -0.022917999, -0.064759), (-0.048293, -0.022849, -0.063094), (-0.04277, -0.024277, -0.062920004), (-0.044869, -0.024193998, -0.066657), (-0.041792996, -0.023577001, -0.062023986), (-0.042957, -0.022867, -0.060457), (-0.043713, -0.024410998, -0.061715987), (-0.045785997, -0.021396998, -0.057476), (-0.045102, -0.023771998, -0.059931997), (-0.046414, -0.024519999, -0.061059996), (-0.04875, -0.023032999, -0.061659), (-0.048386, -0.024386, -0.058457997), (-0.049087, -0.024308, -0.059745), (-0.047386996, -0.023364998, -0.057423), (-0.049027998, -0.022347, -0.05531), (-0.050042, -0.023092, -0.054564), (-0.051999, -0.024612999, -0.055616003), (-0.045717, -0.01928, -0.056939997), (-0.05525, -0.024270998, -0.053985998), (-0.053324, -0.023614999, -0.057241), (-0.059486996, -0.02275, -0.05175), (-0.057304, -0.022924999, -0.05394), (-0.052594, -0.022925999, -0.058882996), (-0.055665996, -0.022901, -0.05624), (-0.052122995, -0.023415, -0.060855996), (-0.055453, -0.023527998, -0.058692), (-0.057740998, -0.023598999, -0.056188997), (-0.050584, -0.024100998, -0.062420998), (-0.058730997, -0.023887, -0.054837998), (-0.053614, -0.024388, -0.060183), (-0.047719996, -0.024156, -0.064792), (-0.050667, -0.026004, -0.061412986), (-0.054632, -0.02542, -0.058482), (-0.057389002, -0.025517, -0.055733), (-0.046308998, -0.02526, -0.065427), (-0.042740002, -0.025690999, -0.06744699), (-0.047442, -0.026026001, -0.063333), (-0.040625, -0.025922, -0.068534), (-0.044182, -0.026289, -0.064720996), (-0.041612, -0.026166998, -0.06650599), (-0.037746, -0.026281, -0.068082996), (-0.047842998, -0.026287999, -0.061515998), (-0.040127, -0.025755, -0.06490001), (-0.052913997, -0.026326, -0.05851601), (-0.044145998, -0.025364999, -0.061342), (-0.054853, -0.026301999, -0.05663199), (-0.051402, -0.02617, -0.057652008), (-0.048241, -0.025682, -0.058857996), (-0.054762, -0.025876999, -0.053347997), (-0.057077996, -0.026372999, -0.054045), (-0.060416, -0.025945, -0.051207), (-0.057908, -0.026122, -0.051454), (-0.061838, -0.025191, -0.051076002), (-0.062182, -0.026064, -0.049004998), (-0.060127, -0.023327, -0.053203), (-0.062892, -0.023283998, -0.049745996), (-0.063853, -0.024474, -0.048923995), (-0.064998, -0.023641, -0.047388), (-0.065015994, -0.025471, -0.045903), (-0.06668799, -0.023257999, -0.045268), (-0.066971995, -0.024124, -0.044812996), (-0.066534996, -0.0255, -0.043871988), (-0.066842, -0.022667, -0.042664997), (-0.063736, -0.026004, -0.04510301), (-0.065626, -0.026029998, -0.042035997), (-0.068583004, -0.022945, -0.040675998), (-0.06866899, -0.024129, -0.041496), (-0.066971995, -0.024124, -0.044812996), (-0.066534996, -0.0255, -0.043871988), (-0.071128, -0.023292, -0.036776), (-0.068435, -0.025548, -0.040361), (-0.065626, -0.026029998, -0.042035997), (-0.070854, -0.024872, -0.037556), (-0.07191, -0.022471001, -0.033039), (-0.072845, -0.024183, -0.033951998), (-0.06962399, -0.025931, -0.037211), (-0.072175, -0.025941998, -0.032305), (-0.073944, -0.025192998, -0.030353999), (-0.07412399, -0.025866998, -0.027655), (-0.065637, -0.025494, -0.039010998), (-0.064063, -0.024384, -0.038266998), (-0.067726, -0.025694, -0.036259998), (-0.063688, -0.023552, -0.036799), (-0.070245, -0.026066, -0.034094), (-0.06958, -0.025693, -0.031425), (-0.066144995, -0.024474, -0.034364), (-0.072221994, -0.026047, -0.029107999), (-0.071248, -0.02591, -0.028318997), (-0.067938, -0.024401, -0.030627), (-0.064626, -0.022665, -0.034295), (-0.062752, -0.021303, -0.035634), (-0.063469, -0.019528, -0.034257), (-0.06607, -0.023044, -0.031605), (-0.064914994, -0.021800999, -0.032442), (-0.063592, -0.017331, -0.032965), (-0.065471, -0.020131, -0.030559), (-0.06684999, -0.021886, -0.028331), (-0.065179, -0.017327, -0.03022), (-0.063953996, -0.014055999, -0.031147), (-0.068812, -0.024197, -0.027514998), (-0.065079994, -0.013559999, -0.028146999), (-0.062748, -0.009707, -0.030919), (-0.065674, -0.017151, -0.028594), (-0.064517, -0.011404, -0.028210001), (-0.062645994, -0.007995, -0.029489998), (-0.066019, -0.014106999, -0.026578), (-0.067181, -0.019759, -0.026531998), (-0.066769, -0.017275, -0.025908), (-0.068113, -0.021435, -0.024997), (-0.068202, -0.019182, -0.023273999), (-0.06588099, -0.011339999, -0.024685), (-0.069501996, -0.024008, -0.025414), (-0.070135996, -0.023527, -0.022446001), (-0.072979994, -0.025653997, -0.023099), (-0.069844, -0.022179, -0.021044), (-0.071578994, -0.024302999, -0.020379), (-0.074039, -0.026015, -0.02441), (-0.070975, -0.022958, -0.018377), (-0.069596, -0.020824999, -0.020349), (-0.07024899, -0.020977002, -0.017018), (-0.069143, -0.018867, -0.020124), (-0.067501, -0.016015, -0.023838999), (-0.069743, -0.017659, -0.016521), (-0.06873899, -0.015674999, -0.019582), (-0.067286, -0.013544, -0.022402), (-0.070927, -0.019967001, -0.0150109995), (-0.070974, -0.021162, -0.013506), (-0.070425, -0.016965998, -0.013997999), (-0.069949, -0.014447, -0.0125009995), (-0.069124, -0.013331, -0.015704), (-0.068633996, -0.012707, -0.018020999), (-0.071181, -0.016799001, -0.010143), (-0.067946, -0.012683999, -0.019609999), (-0.070922986, -0.015651999, -0.008517), (-0.066511996, -0.009753999, -0.021824999), (-0.067021, -0.009295, -0.019168999), (-0.064464, -0.007789, -0.025348999), (-0.068307, -0.0108199995, -0.016423), (-0.063537, -0.00695, -0.026492), (-0.068904, -0.010132999, -0.012617), (-0.063645, -0.007932, -0.027964), (-0.061968002, -0.005039, -0.02851), (-0.063250996, -0.0041159997, -0.024424), (-0.061223995, -0.003052, -0.027432), (-0.061753996, -0.002494, -0.026224), (-0.060585998, 0.000512, -0.024906), (-0.064934, -0.0061049997, -0.022227999), (-0.062497, -0.001533, -0.022672), (-0.064014, -0.003765, -0.021221), (-0.066399, -0.0064279996, -0.018260999), (-0.061511, 0.000846, -0.022428), (-0.059787996, 0.00378, -0.022481998), (-0.061024997, 0.0020309999, -0.021372002), (-0.063356996, -0.000512, -0.019274), (-0.061206, 0.0032249999, -0.019113999), (-0.058765996, 0.0054149996, -0.022056), (-0.06526999, -0.003837, -0.017580999), (-0.063556, -0.00075099996, -0.017477), (-0.059619002, 0.0060839998, -0.018370999), (-0.057563, 0.008427, -0.020517), (-0.067038, -0.006018, -0.014451999), (-0.058303997, 0.008878999, -0.017444), (-0.056723, 0.010565, -0.017965), (-0.067491, -0.008318, -0.016384), (-0.067916, -0.008227, -0.014040999), (-0.068477996, -0.007695, -0.01132), (-0.065248, -0.0023379999, -0.01538), (-0.065981, -0.0027739997, -0.012304), (-0.064609, -0.00077600003, -0.013943), (-0.063354, 0.001241, -0.014686), (-0.062450998, 0.002075, -0.01718), (-0.063827, 0.001232, -0.012449999), (-0.06107, 0.004696, -0.016906), (-0.062514, 0.003444, -0.013927), (-0.059906, 0.006897, -0.015565), (-0.061124, 0.005975, -0.013631), (-0.059603, 0.008172, -0.014076), (-0.062321, 0.004601, -0.011121), (-0.060484998, 0.007293, -0.012026), (-0.058193997, 0.00986, -0.014537999), (-0.058941, 0.009806, -0.011662), (-0.05688, 0.011107, -0.015097999), (-0.054941, 0.012661, -0.017442), (-0.05515, 0.013975, -0.014171999), (-0.056939997, 0.011977, -0.013213), (-0.053923998, 0.015901, -0.011609999), (-0.057334, 0.012017, -0.010500999), (-0.055883, 0.014191, -0.0095420005), (-0.054639, 0.015653, -0.008324999), (-0.052585, 0.017259998, -0.01043), (-0.058172997, 0.011749, -0.007965), (-0.059390996, 0.009687, -0.009333), (-0.055781998, 0.014974, -0.006143), (-0.061314996, 0.006883, -0.010396), (-0.059204, 0.010148999, -0.007219), (-0.063003995, 0.003991, -0.009126999), (-0.057635996, 0.012768, -0.00556), (-0.061356, 0.007384, -0.007198), (-0.060215, 0.009314, -0.00582), (-0.061658, 0.0061580003, -0.008041999), (-0.063071996, 0.0040929997, -0.0064439997), (-0.061369, 0.007855, -0.00415), (-0.063898, 0.002222, -0.011092), (-0.06421, 0.001737, -0.008905), (-0.06504399, 0.00028, -0.010156999), (-0.064325996, 0.00241, -0.0062669995), (-0.065362, -0.000196, -0.006711), (-0.06644499, -0.002473, -0.009301), (-0.065865, -0.001307, -0.0077749994), (-0.065316, 0.000604, -0.006077), (-0.067648, -0.005328, -0.010769), (-0.064229995, 0.0028819998, -0.003995), (-0.065862, -0.00021099999, -0.003934), (-0.066788, -0.002474, -0.0069), (-0.067616, -0.0049829995, -0.008741), (-0.068204, -0.005143, -0.005586), (-0.068878, -0.0071659996, -0.006594), (-0.069236, -0.010276, -0.01014), (-0.069781, -0.012312, -0.011894999), (-0.070372, -0.013142999, -0.00881), (-0.069385, -0.009423, -0.00841), (-0.070706, -0.0146739995, -0.0069359997), (-0.07045, -0.012305, -0.006888), (-0.069092, -0.009341, -0.006149), (-0.070987, -0.014132, -0.005163), (-0.07037, -0.011283999, -0.004138), (-0.06931499, -0.007994, -0.0031609999), (-0.071505986, -0.016004, -0.0026649998), (-0.070873, -0.013142, -0.001874), (-0.07181, -0.01575, -0.00083699997), (-0.071339004, -0.0149489995, 0.000635), (-0.071884, -0.016632, 0.002087), (-0.070681, -0.011805, 0.000718), (-0.071731, -0.018385, 0.00417), (-0.069797, -0.009145, -0.000701), (-0.071950994, -0.018691, 0.005655), (-0.071166, -0.014789999, 0.004144), (-0.071395, -0.017775, 0.007196), (-0.070545, -0.0113119995, 0.0028439998), (-0.071375996, -0.015121999, 0.006114), (-0.070208, -0.011678999, 0.004708), (-0.07042, -0.012665, 0.007443), (-0.070073, -0.010600999, 0.005705), (-0.0698, -0.009056, 0.004296), (-0.069805, -0.007979, 0.00244), (-0.068889, -0.0070990003, 0.0060399994), (-0.06902699, -0.0072500003, 0.004053), (-0.068670996, -0.0057920003, 0.00068899995), (-0.069207, -0.00881, 0.0073949997), (-0.068228, -0.004622, 0.003862), (-0.068279, -0.0061459998, 0.008978), (-0.067774, -0.005059, 0.007131), (-0.069274, -0.009322999, 0.009463), (-0.067397, -0.003447, 0.0058219996), (-0.06692, -0.0030349998, 0.008326), (-0.066651, -0.00177, 0.004133), (-0.067666, -0.003659, 0.002714), (-0.067632996, -0.0034659998, 0.00019400001), (-0.066814, -0.001701, 0.001953), (-0.067614004, -0.0036149998, -0.00237), (-0.068829, -0.006576, -0.001991), (-0.067517, -0.004314, -0.004049), (-0.067035, -0.0024909999, -0.003995), (-0.067318, -0.002286, -0.0021839999), (-0.066038996, -0.00076399994, 0.000657), (-0.065763, 0.000352, 0.00305), (-0.064884, 0.001976, 0.000092999995), (-0.065303, 0.0012999999, -0.0025600002), (-0.064719, 0.0017, 0.0054019997), (-0.063728, 0.003321, -0.002263), (-0.062816, 0.005235, -0.005037), (-0.061644, 0.0066879997, -0.005178), (-0.063039996, 0.005295, -0.0024799998), (-0.064084, 0.003181, -0.00037), (-0.063902, 0.0035769998, 0.0034130001), (-0.062701, 0.0057499995, 0.000584), (-0.063467994, 0.003845, 0.001232), (-0.061630998, 0.007447, -0.001977), (-0.059576996, 0.010400999, -0.002953), (-0.061929997, 0.0072669997, 0.000996), (-0.057922, 0.012618001, -0.003175), (-0.060643, 0.009451, -0.001116), (-0.058941998, 0.010985, -0.001285), (-0.055717, 0.014858, -0.00308), (-0.056957997, 0.013811999, -0.001476), (-0.05867, 0.011751999, 0.000204), (-0.060527, 0.009117, 0.0023299998), (-0.061449997, 0.007541, 0.00291), (-0.058907, 0.011216, 0.0020929999), (-0.062491, 0.005844, 0.0047819996), (-0.059959, 0.009994, 0.0044919997), (-0.060742997, 0.008521999, 0.006402), (-0.056413997, 0.014589, 0.001268), (-0.058505, 0.011978, 0.004181), (-0.054672997, 0.016311001, 0.000868), (-0.056234997, 0.014535, 0.003797), (-0.057957, 0.012081999, 0.0062769996), (-0.054685, 0.016629, -0.001446), (-0.054338, 0.016795, 0.0031229998), (-0.054232, 0.016543, -0.005105), (-0.053237, 0.01811, -0.00034899998), (-0.053007998, 0.018122999, -0.0033), (-0.053834, 0.017001, -0.0070889997), (-0.052835003, 0.017679, -0.009416), (-0.051798, 0.018684, -0.008043), (-0.052741997, 0.017987, -0.006203), (-0.050591, 0.019919999, -0.005737), (-0.051378, 0.019809, -0.002878), (-0.049161, 0.02148, -0.004294), (-0.051072996, 0.019756999, -0.001241), (-0.048491996, 0.022562, -0.002169), (-0.051027, 0.019933999, 0.002047), (-0.049390998, 0.021412, -0.00063100003), (-0.046945, 0.023911, 0.000519), (-0.05111, 0.020151999, 0.000207), (-0.048981998, 0.021784, 0.001913), (-0.047558, 0.023269, 0.0030579998), (-0.046012, 0.024816, 0.002446), (-0.049144, 0.021253, 0.00367), (-0.046235, 0.024242999, 0.005531), (-0.044383, 0.026117, 0.005279), (-0.045569, 0.024982, 0.007485), (-0.045699, 0.024356, 0.009292), (-0.047539, 0.022776999, 0.0074940003), (-0.047976997, 0.021677, 0.010046001), (-0.047883, 0.021339, 0.012317999), (-0.04992, 0.020624, 0.00564), (-0.050056, 0.020569999, 0.0086), (-0.049562998, 0.020378001, 0.010871), (-0.051407, 0.019639999, 0.005097), (-0.051437, 0.018878, 0.009407), (-0.051381998, 0.018203, 0.0127), (-0.050656, 0.018512, 0.0153169995), (-0.052319, 0.016226, 0.017007), (-0.052701995, 0.017958999, 0.005405), (-0.053095996, 0.017733, 0.007345), (-0.055380996, 0.015339, 0.0053250003), (-0.054833997, 0.015719, 0.007778), (-0.056969, 0.013809, 0.00593), (-0.056803, 0.013332999, 0.008945), (-0.053696997, 0.016511, 0.008965), (-0.05495, 0.015234999, 0.010565), (-0.053379, 0.016598, 0.011303999), (-0.056319997, 0.013218, 0.011763999), (-0.053783, 0.015423, 0.014868), (-0.055050995, 0.014253, 0.013660999), (-0.053969998, 0.014398, 0.016751999), (-0.054207, 0.0133259995, 0.019345999), (-0.056466, 0.011915999, 0.015627), (-0.057331, 0.011466, 0.013311), (-0.058319997, 0.01092, 0.010705), (-0.056771997, 0.010347, 0.018578), (-0.055898998, 0.010777, 0.020211998), (-0.058016, 0.009655, 0.0164), (-0.058014996, 0.008412, 0.019818999), (-0.056223996, 0.008291, 0.024388999), (-0.059242, 0.009314, 0.013573), (-0.05932, 0.007216, 0.017601), (-0.05941, 0.008819, 0.0123), (-0.060223997, 0.0068429997, 0.014846999), (-0.060026996, 0.009099, 0.009154), (-0.060895, 0.007317, 0.01212), (-0.062108997, 0.004843, 0.012704999), (-0.061639998, 0.0066549997, 0.008253), (-0.063304, 0.004321, 0.006912), (-0.06245, 0.0052420003, 0.010140999), (-0.063186996, 0.0034299998, 0.011019), (-0.065022, 0.000073999996, 0.009021), (-0.064109996, 0.002226, 0.009157), (-0.064843, 0.000291, 0.012247999), (-0.065387994, 0.000096, 0.0068849996), (-0.0656, -0.0012909999, 0.006794), (-0.065909, -0.0016519999, 0.010784), (-0.067438, -0.004903, 0.01067), (-0.068158, -0.0070249997, 0.011627999), (-0.066679, -0.0043889997, 0.012302999), (-0.06638, -0.003282, 0.0136049995), (-0.067356, -0.005754, 0.01401), (-0.065315, -0.001762, 0.0139379995), (-0.065998994, -0.003809, 0.014788999), (-0.063849, 0.0011029999, 0.013107999), (-0.065672, -0.003237, 0.016257), (-0.063463, 0.0024569998, 0.013566), (-0.06429999, -0.000635, 0.016030999), (-0.063479, 0.00083, 0.0152239995), (-0.06414, -0.000974, 0.017611999), (-0.062411997, 0.002754, 0.016555998), (-0.064733, -0.003732, 0.019791), (-0.060648996, 0.0054659997, 0.017996), (-0.06346399, -0.000498, 0.018370999), (-0.059081998, 0.005956, 0.020685), (-0.061079998, 0.0032769998, 0.019797), (-0.062813, 0.00096699997, 0.018740999), (-0.06361, -0.002046, 0.021089), (-0.062228996, 0.000726, 0.020758), (-0.059963, 0.004202, 0.021659998), (-0.061959, -0.000312, 0.022931), (-0.058135, 0.0068800002, 0.022072999), (-0.058124, 0.00563, 0.024298), (-0.056824997, 0.005216, 0.027661), (-0.059821, 0.003501, 0.023568999), (-0.058172, 0.0034319998, 0.027084), (-0.056973, 0.002757, 0.030131), (-0.060305998, 0.001287, 0.025164999), (-0.059843, -0.0018019999, 0.030081999), (-0.058273, -0.001083, 0.032043), (-0.059941, -0.000085, 0.027734999), (-0.057726998, -0.002804, 0.0346), (-0.062303, -0.002178, 0.025003), (-0.059178, -0.004566, 0.033706997), (-0.058135998, -0.004506, 0.035678), (-0.062516995, -0.001762, 0.022946), (-0.059215, -0.006199, 0.035607), (-0.058081, -0.0063639996, 0.037141), (-0.064881, -0.005, 0.021788001), (-0.060041998, -0.006998, 0.034244), (-0.063714996, -0.0041, 0.02402), (-0.060785998, -0.0059399996, 0.032394), (-0.060413998, -0.0032249999, 0.030731998), (-0.061688, -0.0072089997, 0.031019999), (-0.061487, -0.0040329997, 0.029203), (-0.062736, -0.007508, 0.030104998), (-0.062852, -0.00556, 0.027377998), (-0.06337, -0.005216, 0.025555), (-0.06415999, -0.0053109997, 0.023605999), (-0.06455, -0.0069279997, 0.024998), (-0.064148, -0.007932999, 0.027046999), (-0.061690997, -0.0091079995, 0.032902), (-0.063878, -0.009725, 0.029303998), (-0.064973995, -0.008562, 0.025181), (-0.064351, -0.010053999, 0.027562998), (-0.066319995, -0.009295, 0.022778999), (-0.065257, -0.011685999, 0.027478), (-0.066268, -0.01228, 0.024846999), (-0.066364996, -0.0071280003, 0.020363), (-0.066702, -0.014839999, 0.025943998), (-0.066277, -0.0055159996, 0.017699), (-0.067122996, -0.007433, 0.01797), (-0.067737, -0.008041999, 0.0154019995), (-0.067292, -0.0097159995, 0.019531999), (-0.069035, -0.009978, 0.012526999), (-0.068535, -0.011251, 0.017331999), (-0.070351, -0.0128959995, 0.01026), (-0.068639, -0.010792, 0.015242999), (-0.07099299, -0.016491, 0.009652), (-0.069928996, -0.014029, 0.012316001), (-0.069766, -0.014645999, 0.014901), (-0.071265, -0.01924, 0.011038001), (-0.070949, -0.017262999, 0.012316001), (-0.07036699, -0.017369999, 0.013802), (-0.070833996, -0.019795999, 0.013747999), (-0.07018799, -0.018582, 0.016242), (-0.071339995, -0.021558, 0.012932), (-0.071174994, -0.021681001, 0.015465), (-0.068831, -0.014103, 0.018375), (-0.072571, -0.024042001, 0.016648998), (-0.068279, -0.012739, 0.02016), (-0.072445, -0.025197, 0.023187999), (-0.067603, -0.012986999, 0.021645), (-0.067283, -0.013739, 0.023394998), (-0.068868, -0.0151970005, 0.019975), (-0.067317, -0.016625, 0.024647998), (-0.068389, -0.016732, 0.021577), (-0.065927, -0.016324, 0.028303001), (-0.067849, -0.018401999, 0.024765998), (-0.069459, -0.018545, 0.01941), (-0.068474, -0.019384, 0.023162), (-0.067334, -0.020000998, 0.026301), (-0.070128, -0.02039, 0.017574), (-0.07154, -0.023216, 0.017388), (-0.070478, -0.021779, 0.018612), (-0.071072, -0.023536, 0.020485999), (-0.069421, -0.020619, 0.020016998), (-0.069240995, -0.021185998, 0.021747999), (-0.069920994, -0.023691999, 0.024123), (-0.069075994, -0.022590999, 0.024254), (-0.071035, -0.024574, 0.024833), (-0.069375, -0.024238, 0.027681999), (-0.071504995, -0.025302999, 0.027813), (-0.067803994, -0.021898998, 0.026835), (-0.067558, -0.022765, 0.028742), (-0.066392, -0.022149, 0.030286), (-0.066833, -0.019844, 0.028152), (-0.066098, -0.019705, 0.029161999), (-0.065165, -0.016645, 0.029988), (-0.0659, -0.020613, 0.030803999), (-0.06494, -0.020146, 0.031703997), (-0.064766, -0.021800999, 0.033817), (-0.064236, -0.018578, 0.032887), (-0.064513, -0.015203, 0.030929), (-0.064794995, -0.023232, 0.035184), (-0.063441, -0.020976, 0.035174), (-0.063765995, -0.023556001, 0.037267), (-0.063829996, -0.024804, 0.039823998), (-0.062372997, -0.020672, 0.036762), (-0.062204998, -0.022313, 0.038796), (-0.062566, -0.024885999, 0.042395), (-0.061714, -0.023649001, 0.040412), (-0.060872, -0.018276, 0.038657), (-0.060661, -0.020717, 0.03931), (-0.059754, -0.020438, 0.041099), (-0.062679, -0.017753, 0.035645), (-0.063391, -0.015895, 0.033329), (-0.061812, -0.015889, 0.036036), (-0.063395, -0.012717, 0.032277), (-0.063821, -0.0123, 0.030673001), (-0.062403996, -0.014288, 0.034558), (-0.061746996, -0.011770999, 0.03482), (-0.060806997, -0.011774, 0.035906), (-0.059966, -0.0084689995, 0.035717998), (-0.058429997, -0.008051, 0.038101), (-0.05754, -0.009060999, 0.039573), (-0.059391998, -0.01092, 0.038073998), (-0.057835996, -0.0121949995, 0.040918), (-0.060622, -0.013230999, 0.037338), (-0.058775, -0.013953, 0.040280998), (-0.059833996, -0.015435999, 0.039013), (-0.057692, -0.016292, 0.042093), (-0.056708, -0.015036, 0.043633997), (-0.059387997, -0.018607, 0.040779), (-0.058179002, -0.018171, 0.042449), (-0.055917, -0.017849999, 0.045206), (-0.058642, -0.021315, 0.042958003), (-0.056848, -0.019229999, 0.044815), (-0.055447996, -0.020799, 0.046315998), (-0.057155, -0.020744, 0.044251997), (-0.057124, -0.021739999, 0.045617998), (-0.055380996, -0.022286, 0.047588), (-0.058002, -0.022813, 0.044668), (-0.060229, -0.023970999, 0.043693), (-0.056858, -0.023397999, 0.046843998), (-0.060654, -0.025407, 0.046901997), (-0.057596, -0.024614, 0.048305996), (-0.053967, -0.0234, 0.050085), (-0.054778, -0.02474, 0.051557), (-0.057977, -0.025736999, 0.051338), (-0.055194, -0.025818, 0.054604996), (-0.063990995, -0.025589999, 0.046767), (-0.060935996, -0.025762998, 0.049645), (-0.057291, -0.025813999, 0.054601), (-0.055704996, -0.025425, 0.056762), (-0.059541997, -0.025406, 0.053172998), (-0.062722, -0.025536, 0.048951), (-0.059948, -0.024236, 0.054043997), (-0.061522998, -0.024558999, 0.052112997), (-0.063294, -0.024237001, 0.050444), (-0.065861, -0.023791999, 0.047319997), (-0.063088, -0.023469, 0.050489), (-0.065122, -0.022983, 0.047722995), (-0.060521, -0.022530999, 0.051705997), (-0.06138, -0.022392001, 0.049695), (-0.058625, -0.022479998, 0.052610997), (-0.059123997, -0.023271, 0.054569), (-0.056321997, -0.022456998, 0.055883), (-0.057837, -0.024045998, 0.056774), (-0.055944, -0.024367, 0.057769988), (-0.053788, -0.024470998, 0.060302), (-0.055068, -0.023152001, 0.058287), (-0.054025996, -0.022428, 0.057524998), (-0.052883, -0.022829, 0.060398), (-0.051558997, -0.023643, 0.062188), (-0.050414998, -0.025439998, 0.062031), (-0.051057, -0.022581, 0.060468998), (-0.054050002, -0.023827, 0.055329997), (-0.050826, -0.024182, 0.057912), (-0.047976, -0.022451999, 0.062906), (-0.049569998, -0.023561, 0.063364), (-0.047797, -0.024987, 0.064573), (-0.048116002, -0.025843998, 0.063081004), (-0.044299997, -0.025981, 0.065349), (-0.04612, -0.023657, 0.066152), (-0.043930996, -0.025176998, 0.066929), (-0.04071, -0.02602, 0.067377), (-0.043564, -0.024093, 0.067921), (-0.040514, -0.025284, 0.069157), (-0.042487998, -0.022846, 0.067614995), (-0.035914, -0.026168, 0.07023601), (-0.035866, -0.026012, 0.06873), (-0.03226, -0.025818998, 0.06926001), (-0.044735998, -0.022787001, 0.065463), (-0.031232, -0.026120998, 0.07215799), (-0.041567, -0.024412999, 0.064966), (-0.028663998, -0.025920998, 0.07434899), (-0.041275, -0.022783998, 0.067356996), (-0.041345, -0.023605, 0.06885201), (-0.025069999, -0.026445, 0.07460299), (-0.032394, -0.025158998, 0.073671), (-0.028712, -0.024972, 0.075377), (-0.025112, -0.025466999, 0.076271996), (-0.022916999, -0.024908999, 0.077196), (-0.025225, -0.024265999, 0.076542005), (-0.020585, -0.024444, 0.078047), (-0.021654, -0.023640001, 0.077218994), (-0.027761, -0.023933, 0.07559999), (-0.016948, -0.025176998, 0.078626), (-0.030803, -0.023779, 0.074432), (-0.025196, -0.023408, 0.075502), (-0.028001001, -0.023285, 0.074493), (-0.034037, -0.023877999, 0.07302999), (-0.032920998, -0.023232998, 0.072114), (-0.035443, -0.024428999, 0.072467), (-0.037205, -0.025244998, 0.070973), (-0.037864998, -0.024015998, 0.071364), (-0.035311997, -0.022967, 0.070969), (-0.038305998, -0.023450999, 0.070539), (-0.037832998, -0.022939999, 0.0696), (-0.034245, -0.02463, 0.068902), (-0.038369, -0.024499, 0.066974), (-0.031264998, -0.024535999, 0.070928), (-0.036388, -0.024479998, 0.066834), (-0.02677, -0.024776, 0.072772995), (-0.038259998, -0.024096, 0.065441996), (-0.032514, -0.023750998, 0.067637), (-0.04135, -0.023896, 0.062583), (-0.028856998, -0.021870999, 0.067678995), (-0.043461, -0.023706999, 0.061138), (-0.044329, -0.024353001, 0.062562), (-0.047174, -0.024161998, 0.061181996), (-0.047658, -0.024116, 0.058755998), (-0.044324998, -0.022706, 0.059415), (-0.046873, -0.023103999, 0.057772998), (-0.049167998, -0.023167, 0.055908997), (-0.024867998, -0.020306999, 0.068709), (-0.023847999, -0.018152999, 0.0689), (-0.027716998, -0.02309, 0.068916), (-0.021886, -0.0154059995, 0.068965), (-0.023399, -0.022154, 0.069791004), (-0.019822, -0.017819, 0.07005), (-0.031264, -0.024386, 0.06929399), (-0.027319, -0.023970999, 0.069994), (-0.028922997, -0.024651, 0.070977), (-0.024392, -0.024059998, 0.071279995), (-0.021372002, -0.024399, 0.07267), (-0.021001998, -0.023211999, 0.071338), (-0.020762, -0.021452, 0.070478), (-0.022813, -0.024758, 0.07397), (-0.017008, -0.01973, 0.071081), (-0.021781001, -0.023552, 0.076414995), (-0.019327, -0.024811, 0.074926), (-0.018912999, -0.023384, 0.077305004), (-0.018614, -0.024215, 0.072909996), (-0.016117001, -0.02492, 0.075192), (-0.016526, -0.023471998, 0.078428), (-0.014969, -0.023682998, 0.07746599), (-0.016771, -0.022472998, 0.071764), (-0.013867, -0.024263998, 0.074366994), (-0.012441999, -0.024787, 0.076386), (-0.013508, -0.023117, 0.078857), (-0.011231001, -0.023224, 0.07847799), (-0.014234999, -0.023759998, 0.079542994), (-0.012087, -0.023478998, 0.07931399), (-0.01433, -0.025055999, 0.07925), (-0.011228, -0.024421, 0.07995699), (-0.009187, -0.022943, 0.079100996), (-0.0075819995, -0.025929999, 0.079573), (-0.008405, -0.023732, 0.079964995), (-0.007852, -0.024696, 0.080345), (-0.0041280002, -0.024879, 0.080503), (-0.005748, -0.02296, 0.07906899), (0.000066, -0.024635, 0.08045299), (-0.0047999998, -0.023139998, 0.079809), (0.000386, -0.023146, 0.080127), (-0.0013519999, -0.022822, 0.078929), (0.000731, -0.024751998, 0.07717999), (-0.0029409998, -0.024619998, 0.077494994), (-0.00847, -0.02441, 0.077438995), (-0.004537, -0.024879, 0.076384), (-0.009802, -0.024858, 0.076057), (-0.00122, -0.024681998, 0.075775996), (-0.0060989996, -0.023893, 0.074551), (-0.011742999, -0.024105, 0.074296), (-0.009079999, -0.024399, 0.074797), (-0.013995, -0.022708, 0.072786994), (-0.010252, -0.023128, 0.073528), (-0.013681999, -0.020497, 0.071765), (-0.011142, -0.020969998, 0.07241099), (-0.006896, -0.021895, 0.073108), (-0.012934, -0.017589001, 0.071609996), (-0.016025, -0.016755, 0.070787), (-0.014632, -0.013840999, 0.070602), (-0.009687, -0.013796999, 0.071367994), (-0.016701, -0.010832, 0.069264), (-0.013071001, -0.009023, 0.069465), (-0.007614, -0.017779, 0.072298996), (-0.009529, -0.010445, 0.070527), (-0.0033629998, -0.020011999, 0.073046), (-0.006912, -0.007803, 0.069861), (-0.004817, -0.010729, 0.071039), (-0.006355, -0.013073999, 0.071642), (-0.002295, -0.016546, 0.072414994), (-0.002176, -0.013929999, 0.072018996), (-0.001644, -0.009776, 0.070848994), (-0.003937, -0.006413, 0.069745), (-0.0062679998, -0.0038339999, 0.068232), (-0.00065999996, -0.004594, 0.068854995), (-0.00596, -0.0021179998, 0.067526), (0.0012149999, -0.0061239996, 0.06963901), (-0.00070699997, -0.001875, 0.067751996), (0.0017589999, -0.002476, 0.067839), (-0.000684, 0.00073399994, 0.066297), (0.0050190003, -0.003393, 0.067975), (-0.0038969999, 0.0017169999, 0.065694995), (0.0067189997, -0.008079, 0.070028), (-0.009284, -0.000446, 0.066437), (-0.004376, 0.0033109998, 0.065075), (-0.006682, 0.001932, 0.065353), (-0.009459999, 0.00080499996, 0.065606), (-0.008074, 0.002832, 0.065202996), (-0.005383, 0.005707, 0.063488), (-0.008331, 0.005288, 0.063523), (-0.007262, 0.0072000003, 0.062257998), (-0.009362999, 0.008378999, 0.061472), (-0.0072759995, 0.009621, 0.060605), (-0.003567, 0.009021, 0.061578996), (-0.000829, 0.01281, 0.058421995), (0.0023999999, -0.008218, 0.070245), (0.003504, -0.010385999, 0.070967), (0.002205, -0.0130819995, 0.071807), (0.0079189995, -0.0111569995, 0.070712), (0.0014920001, -0.018461, 0.07281499), (0.0059689996, -0.01364, 0.071692), (0.010470999, -0.008318, 0.069616996), (0.011086, -0.011457, 0.070551), (0.013304, -0.006657, 0.06845201), (0.014285, -0.00993, 0.069329), (0.017243, -0.009525999, 0.06860799), (0.015521999, -0.013987999, 0.070222), (0.010456, -0.014226, 0.071237996), (0.009027, -0.018243998, 0.07220799), (0.012852, -0.017923, 0.071550995), (0.005058, -0.018256, 0.072555), (0.015377, -0.017749999, 0.07087399), (0.002287, -0.021356, 0.073182), (0.018142998, -0.015416999, 0.069894), (0.017206, -0.019795, 0.070963), (0.020213, -0.0112499995, 0.068343), (0.022246, -0.010345, 0.067298), (0.020934999, -0.014861999, 0.069079), (0.019733999, -0.017742999, 0.069727995), (0.025311999, -0.014492, 0.067387), (0.024679, -0.007795, 0.065593), (0.025936, -0.010810999, 0.066137), (0.029168999, -0.013077, 0.065454), (0.023280999, -0.018568, 0.069085), (0.026761, -0.017742999, 0.06742499), (0.031594, -0.01725, 0.065189), (0.025464999, -0.021129, 0.068417), (0.02881, -0.020458, 0.067222), (0.031614, -0.019914, 0.065708995), (0.02198801, -0.020697998, 0.069607), (0.025445001, -0.023738, 0.069548994), (0.022067001, -0.022544, 0.070103996), (0.018272, -0.022161, 0.071124), (0.013579, -0.022313, 0.072125), (0.020885998, -0.023929, 0.071329), (0.017095, -0.023882998, 0.072252996), (0.020783, -0.025057001, 0.072686), (0.010674, -0.021175, 0.07228), (0.012187, -0.024210999, 0.073642), (0.009315999, -0.024163999, 0.073983), (0.0074879997, -0.022384, 0.073130995), (0.0074349996, -0.024933, 0.075445995), (0.002725, -0.024949998, 0.075924), (0.004609, -0.02434, 0.074949995), (0.004206, -0.022849, 0.073869996), (0.002159, -0.023126999, 0.07401999), (-0.00067599997, -0.023643998, 0.074422), (-0.0033899997, -0.022935, 0.073951), (-0.001482, -0.021544, 0.073346), (0.023186008, -0.025085, 0.07335899), (0.023748, -0.024904, 0.071755), (0.022917999, -0.023526, 0.075192995), (0.02812901, -0.023409, 0.073458), (0.027223999, -0.025132, 0.07183001), (0.027676, -0.024658, 0.069665), (0.027611, -0.023185, 0.074723), (0.033639, -0.0235, 0.070943), (0.030625999, -0.024165, 0.074273996), (0.031464, -0.023211999, 0.072816), (0.034128, -0.024014, 0.072885), (0.035643008, -0.024781, 0.072171), (0.031735, -0.025185, 0.069741), (0.036364008, -0.023328999, 0.070489995), (0.029728, -0.024554, 0.068422996), (0.037100997, -0.023954999, 0.07122), (0.03143001, -0.022662, 0.06643499), (0.03180201, -0.024524, 0.067937), (0.034846, -0.021658, 0.064408995), (0.035023, -0.02399, 0.065377), (0.036787, -0.024022, 0.064137995), (0.035353, -0.025013, 0.067005), (0.038727988, -0.025004, 0.065271), (0.036833, -0.025141, 0.06737), (0.041129988, -0.024871, 0.063038), (0.03969301, -0.023464998, 0.067923), (0.044436987, -0.023447001, 0.066253), (0.040469997, -0.023403, 0.06854), (0.039669998, -0.024395999, 0.069878), (0.043432, -0.024281, 0.067497), (0.039134, -0.025891999, 0.069797), (0.04442501, -0.025762, 0.066629), (0.041887, -0.026821, 0.066414), (0.038671996, -0.026789, 0.068687), (0.035806, -0.026507, 0.070935), (0.036156, -0.026937999, 0.06921599), (0.033336, -0.026863, 0.070859), (0.031061, -0.024583999, -0.07412999), (0.03111801, -0.024406, -0.074057), (0.03109601, -0.024474999, -0.074085), (0.029717008, -0.024438, -0.074707985), (0.031565, -0.024066998, -0.073748), (0.03111801, -0.024406, -0.074057), (0.031225, -0.025836, -0.073615), (0.03058501, -0.023229, -0.073387995), (0.033563, -0.024418, -0.073158), (0.02811501, -0.024168, -0.075415984), (0.028938, -0.023238, -0.073357), (0.03537601, -0.023598, -0.07175599), (0.025850998, -0.023178, -0.074909), (0.033571, -0.023318999, -0.071333), (0.02572701, -0.024377, -0.07613799), (0.02213, -0.023012, -0.075904), (0.025911, -0.025906, -0.07557), (0.022181999, -0.025648998, -0.076909), (0.021905, -0.024433998, -0.077408), (0.022658998, -0.02647, -0.075831994), (0.01932, -0.02581, -0.077546), (0.019466, -0.023247, -0.077072), (0.018916, -0.024245998, -0.078234), (0.028038, -0.026514001, -0.07379999), (0.015743999, -0.023132, -0.07783198), (0.031721998, -0.026774999, -0.071609996), (0.016928999, -0.023296, -0.076782994), (0.014827, -0.024252998, -0.079213), (0.016101, -0.024869, -0.075349), (0.01539, -0.025777, -0.078427), (0.016615, -0.026531998, -0.077164), (0.01292201, -0.026436998, -0.076410994), (0.018607, -0.026638998, -0.075401), (0.011411, -0.025636999, -0.074830994), (0.015426, -0.025959998, -0.074241996), (0.021657, -0.026656, -0.07434099), (0.007752, -0.023887, -0.072859), (0.025237998, -0.026556998, -0.072884), (0.019746, -0.025957998, -0.073059), (0.024644999, -0.025919, -0.071427), (0.029423999, -0.026616, -0.071536), (0.02890901, -0.026106, -0.07005699), (0.031813, -0.026159998, -0.068762995), (0.035198, -0.026858, -0.070172), (0.030760009, -0.024558999, -0.067113), (0.035392, -0.025793, -0.071853), (0.034369, -0.026163, -0.067481995), (0.037742, -0.026905, -0.069203), (0.032915, -0.024177998, -0.065515995), (0.037502997, -0.026417999, -0.066255994), (0.035524998, -0.025069, -0.06508801), (0.035145998, -0.023714999, -0.064003), (0.037632998, -0.024596, -0.063231), (0.035313, -0.021589998, -0.063272), (0.031992998, -0.022007998, -0.06472), (0.029089998, -0.023262998, -0.066793986), (0.033053, -0.020290999, -0.064164), (0.028036999, -0.024767, -0.068742), (0.025933001, -0.024741001, -0.06931299), (0.026963, -0.024293998, -0.06802999), (0.02654901, -0.023139998, -0.067835994), (0.022699999, -0.024447, -0.070338), (0.024254998, -0.023566, -0.069001004), (0.028737, -0.020445999, -0.066134), (0.02249, -0.022878, -0.069053985), (0.030093, -0.020636, -0.065893985), (0.025902, -0.019495, -0.06728499), (0.02941401, -0.017539, -0.065377995), (0.031187009, -0.018237999, -0.06478398), (0.02016901, -0.023518, -0.069981985), (0.02121201, -0.020792, -0.06914), (0.017964, -0.024349999, -0.07149199), (0.016368998, -0.025009999, -0.07276699), (0.016123, -0.022823, -0.07095699), (0.013396, -0.024839, -0.072974), (0.013247, -0.023376, -0.071949), (0.011189999, -0.0242, -0.072937004), (0.015302, -0.01988, -0.070223995), (0.010522, -0.022729, -0.071816), (0.01784101, -0.020153, -0.070114985), (0.0134459995, -0.01893, -0.070842996), (0.017033, -0.017935999, -0.06967999), (0.008165, -0.022406999, -0.072093), (0.010748, -0.020557, -0.071202986), (0.015124, -0.018215999, -0.07021199), (0.009184999, -0.018818, -0.071324), (0.012747999, -0.017045999, -0.070297986), (0.016045999, -0.016345, -0.069465995), (0.019032, -0.018747998, -0.069218), (0.018605, -0.014362, -0.068482), (0.022885999, -0.018671, -0.068050995), (0.020000998, -0.016404001, -0.068241), (0.02173901, -0.017182, -0.068397), (0.020932, -0.014167, -0.067873), (0.023336, -0.015872, -0.067182995), (0.024533, -0.016168999, -0.06709), (0.023222, -0.013394, -0.066752), (0.020497998, -0.011863, -0.067254), (0.028032, -0.015298001, -0.065254), (0.024541011, -0.012697999, -0.066223994), (0.02571301, -0.0132720005, -0.06529799), (0.029191, -0.013327, -0.06462299), (0.026276, -0.011836999, -0.06515), (0.031592, -0.013845, -0.063249), (0.028097998, -0.010516999, -0.064229004), (0.025018, -0.009567, -0.06494101), (0.033303, -0.016239, -0.063053004), (0.02621, -0.009520999, -0.063823), (0.021918, -0.009481, -0.06584999), (0.024865, -0.0073720003, -0.064224), (0.023334, -0.0077839997, -0.064717), (0.027976999, -0.008099, -0.063031994), (0.02650701, -0.0038479997, -0.061778996), (0.021552999, -0.0064359996, -0.065147), (0.029648999, -0.0072899996, -0.062207997), (0.022887, -0.004226, -0.063456), (0.030272998, -0.009537, -0.06247001), (0.024565998, -0.0025389998, -0.06191), (0.031978, -0.011053, -0.062269), (0.032575, -0.0098, -0.061453998), (0.03374501, -0.011483999, -0.061617997), (0.031790998, -0.006886, -0.06087), (0.034972, -0.013533, -0.061369), (0.029858999, -0.006031, -0.060923), (0.028065, -0.005167, -0.06159699), (0.031756, -0.005081, -0.059829995), (0.033915997, -0.00767, -0.059811), (0.034355, -0.00944, -0.060487997), (0.034319997, -0.004071, -0.057745), (0.035102997, -0.0054989997, -0.058332), (0.038475, -0.010414, -0.05826), (0.03658101, -0.008285999, -0.058575), (0.03708901, -0.005989, -0.057122), (0.03726301, -0.013607, -0.059987996), (0.039224997, -0.007839, -0.056378), (0.036918, -0.0027090001, -0.055462997), (0.04036001, -0.006096, -0.055001), (0.040577002, -0.008758999, -0.056174), (0.040813997, -0.01075, -0.05633901), (0.042903006, -0.006301, -0.052963), (0.040711, -0.012711999, -0.057533998), (0.043240998, -0.010147999, -0.05440101), (0.042392995, -0.011356, -0.055981997), (0.04011, -0.01501, -0.05821199), (0.043909002, -0.015082, -0.055738), (0.044770997, -0.014038, -0.05390901), (0.036978, -0.015718, -0.060876), (0.041973, -0.016412, -0.057827007), (0.034794, -0.017957, -0.062831), (0.035906997, -0.019588, -0.062594), (0.040303, -0.017903, -0.059057996), (0.037551, -0.021419998, -0.061589997), (0.037349, -0.018183, -0.060680997), (0.039139, -0.017277999, -0.059988987), (0.03889101, -0.02035, -0.060570996), (0.03880801, -0.022627, -0.060720008), (0.04095601, -0.020996, -0.059454), (0.040195998, -0.025323, -0.062506), (0.041045, -0.023886, -0.060744), (0.040388998, -0.026781, -0.065781996), (0.04297801, -0.025294, -0.060451996), (0.045121003, -0.026266, -0.060556997), (0.04212901, -0.023032999, -0.059011996), (0.044910002, -0.024832001, -0.058328), (0.044612, -0.022372998, -0.056652002), (0.043211997, -0.020227998, -0.057749), (0.045399, -0.019314999, -0.055344), (0.046485, -0.023675999, -0.055891998), (0.04586, -0.016340999, -0.054314), (0.048652, -0.021554, -0.053363), (0.047323998, -0.01957, -0.054199), (0.046949, -0.016555, -0.053084), (0.048344996, -0.023829998, -0.054675996), (0.050314996, -0.01935, -0.05116), (0.048637, -0.025125999, -0.055699), (0.049969, -0.024456, -0.053542998), (0.048502002, -0.026463998, -0.058305997), (0.051788997, -0.026096, -0.054849), (0.051400006, -0.023577001, -0.05165), (0.052266, -0.025348999, -0.052371997), (0.050693996, -0.022000998, -0.05128099), (0.05259201, -0.024201, -0.050203998), (0.052706998, -0.022397, -0.049544), (0.054169998, -0.024989, -0.049812), (0.052144997, -0.019474, -0.049544986), (0.055064, -0.026715, -0.052959), (0.054272998, -0.020438999, -0.047431), (0.05500201, -0.022844, -0.047269), (0.053522, -0.018260999, -0.047357995), (0.051301997, -0.014979, -0.048844), (0.055122998, -0.017617, -0.045478), (0.052341, -0.01601, -0.047732), (0.049545996, -0.016541999, -0.05072701), (0.05031201, -0.013431, -0.04894799), (0.048887, -0.015090999, -0.05140201), (0.04748801, -0.014299999, -0.052621987), (0.04877, -0.013533999, -0.05044701), (0.04598501, -0.013578, -0.053209), (0.04807101, -0.010832, -0.050507996), (0.04527501, -0.012399999, -0.053666), (0.04628001, -0.010516, -0.05210401), (0.044230998, -0.009926, -0.052897), (0.044728998, -0.008565, -0.052339), (0.047966998, -0.008882, -0.048898), (0.04474, -0.005926, -0.051326998), (0.042666998, -0.004055, -0.051504), (0.04886501, -0.009583, -0.049369987), (0.041799, -0.003429, -0.05235701), (0.051486, -0.01174, -0.04725101), (0.044292998, -0.00257, -0.049735), (0.05333601, -0.013923, -0.046189), (0.049742997, -0.008787, -0.047357995), (0.051183, -0.00887, -0.046403997), (0.046592, -0.00586, -0.049477007), (0.048515, -0.0063859997, -0.047751997), (0.04960101, -0.0071789995, -0.047372997), (0.049856, -0.0055909995, -0.045742), (0.051665, -0.007909, -0.044569995), (0.04810701, -0.0030349998, -0.045903), (0.053163998, -0.00974, -0.04467401), (0.051058996, -0.005016, -0.044336), (0.054914996, -0.013385, -0.04449), (0.052480996, -0.0062679998, -0.043614), (0.055751, -0.015852999, -0.043651998), (0.053285997, -0.006853, -0.04246), (0.05042301, -0.0025479998, -0.043221), (0.052664008, -0.003801, -0.041539997), (0.054364998, -0.008094, -0.042532), (0.053544, -0.00414, -0.040173), (0.055440996, -0.010466, -0.041778002), (0.05451601, -0.005589, -0.040282), (0.056112, -0.013618999, -0.042173), (0.056076996, -0.008408, -0.039669), (0.056602996, -0.0109709995, -0.040955), (0.057708, -0.014493, -0.040921), (0.056813, -0.018147, -0.043204002), (0.056765005, -0.010842, -0.039849997), (0.055630002, -0.022140998, -0.045725003), (0.058427, -0.020353999, -0.042002), (0.056360997, -0.023237, -0.044645), (0.059300005, -0.017475, -0.039816), (0.056283, -0.024703, -0.047045), (0.058692, -0.014369, -0.038373), (0.057816, -0.026256, -0.048026), (0.057793997, -0.011154999, -0.039222), (0.05613201, -0.026383, -0.050439), (0.057638995, -0.009608, -0.037653), (0.058397997, -0.027046999, -0.050921), (0.059313, -0.010643999, -0.03645), (0.060012, -0.014206999, -0.036689), (0.059636008, -0.010400999, -0.035056), (0.061767995, -0.0172, -0.035387002), (0.061185997, -0.012559, -0.034156), (0.058291998, -0.009033999, -0.035258), (0.06014101, -0.010032999, -0.034477), (0.05795001, -0.008024, -0.03602), (0.05911601, -0.008009, -0.033826), (0.061311, -0.010519, -0.032553997), (0.061982997, -0.013340999, -0.032593), (0.060848996, -0.009481, -0.031781998), (0.062192, -0.009679, -0.030081), (0.063509, -0.017066998, -0.032140996), (0.06296501, -0.013433999, -0.030497), (0.06467901, -0.020808998, -0.03115), (0.062803, -0.02184, -0.03529), (0.064858, -0.016864, -0.029152999), (0.065545, -0.019799, -0.028986), (0.066332, -0.017019, -0.025313), (0.060872998, -0.020002, -0.037313998), (0.061355, -0.022539, -0.037896), (0.058530997, -0.022284, -0.041341), (0.059422, -0.023552, -0.041867997), (0.060891, -0.025183998, -0.041125), (0.057148, -0.024000999, -0.045563), (0.058739, -0.025241, -0.04447001), (0.062083, -0.026891, -0.044766996), (0.060416996, -0.026987, -0.04783401), (0.06280401, -0.027255, -0.045894988), (0.061359, -0.027044998, -0.049523), (0.06300701, -0.02646, -0.048987), (0.06003001, -0.026637001, -0.052455), (0.060739998, -0.024503, -0.052677), (0.056824997, -0.027057, -0.054123), (0.05967801, -0.024927, -0.054663), (0.05902501, -0.024170998, -0.055177998), (0.054099996, -0.026921999, -0.05510301), (0.057673, -0.025518999, -0.056473996), (0.056773, -0.026630001, -0.055797), (0.055678, -0.023936998, -0.05715), (0.058284, -0.023682, -0.054601), (0.055869002, -0.023887, -0.055529997), (0.056465, -0.025004, -0.057185996), (0.052934997, -0.025153, -0.060732), (0.053520996, -0.02697, -0.057001), (0.052196, -0.026578, -0.059956), (0.04979001, -0.026991, -0.06014601), (0.046189, -0.026994, -0.062114), (0.047737002, -0.026384, -0.0637), (0.042834, -0.026974, -0.06525599), (0.045012, -0.026665999, -0.065290995), (0.040834997, -0.026547, -0.068318), (0.038289, -0.026038999, -0.069922), (0.04435501, -0.024807, -0.067423), (0.038069997, -0.024561998, -0.070827), (0.04111001, -0.02492, -0.069053985), (0.038512, -0.023513999, -0.06945601), (0.042322002, -0.024012, -0.06799399), (0.042865, -0.024579998, -0.067891), (0.037313, -0.02352, -0.06930099), (0.041932, -0.023424, -0.066795), (0.04455201, -0.023450999, -0.06666699), (0.046174996, -0.025979, -0.065447), (0.04563, -0.023988, -0.066226), (0.047397997, -0.024515, -0.065051995), (0.048752, -0.024903, -0.064404), (0.047413997, -0.023371998, -0.063875), (0.04433, -0.023657998, -0.064856), (0.04981101, -0.023847, -0.062543996), (0.051293, -0.025287, -0.062364995), (0.051955998, -0.023663001, -0.060385007), (0.048008, -0.023520999, -0.062561), (0.053228997, -0.023636999, -0.058248), (0.047656, -0.02499, -0.061118), (0.051297996, -0.0253, -0.057434), (0.055278, -0.025241, -0.054204997), (0.053365, -0.025418999, -0.054274), (0.04946, -0.025116999, -0.05691999), (0.050084, -0.023877999, -0.054369), (0.047862, -0.025376998, -0.059615), (0.047779996, -0.024202, -0.056806996), (0.048496988, -0.021073999, -0.054369), (0.044542998, -0.025174, -0.062807), (0.046775997, -0.021997001, -0.056220997), (0.04795101, -0.018631, -0.05466701), (0.04489701, -0.024953999, -0.060794), (0.043596, -0.019473, -0.058298), (0.04423501, -0.023138, -0.058797996), (0.04234001, -0.021054, -0.059301), (0.039571, -0.020590998, -0.061433), (0.042210996, -0.022376, -0.060248), (0.04406701, -0.024056, -0.05985701), (0.041291, -0.022965, -0.060859997), (0.041588, -0.025178999, -0.063625), (0.040011, -0.02417, -0.062765), (0.040995, -0.025234, -0.064964), (0.038627997, -0.022333, -0.062087987), (0.03857, -0.025092999, -0.066803), (0.037963, -0.024958, -0.065360986), (0.035173, -0.025208, -0.068249), (0.036523998, -0.023661999, -0.06437201), (0.034920998, -0.024714, -0.066697), (0.031845, -0.025102999, -0.069927), (0.030927999, -0.024833, -0.068824), (0.028638998, -0.024925001, -0.071719), (0.024791999, -0.025069, -0.072754), (0.027739009, -0.025089, -0.07080999), (0.032217, -0.02302, -0.066168986), (0.024479998, -0.024147999, -0.070469), (0.028365, -0.023199, -0.068145), (0.021821, -0.024853, -0.073934995), (0.020757, -0.024973, -0.073033), (0.017641999, -0.024609, -0.073456), (0.018776, -0.024375, -0.072561994), (0.021918, -0.023629999, -0.07085299), (0.020822998, -0.021052, -0.070108), (0.024902, -0.021436, -0.06885), (0.019545, -0.018574, -0.070155), (0.019876, -0.015885, -0.069481), (0.02239201, -0.018261999, -0.0692), (0.023217, -0.013026, -0.067706995), (0.026031, -0.014498, -0.066971995), (0.027257, -0.018207999, -0.067368), (0.029226998, -0.016862, -0.066219), (0.032274, -0.014683, -0.06423999), (0.031015, -0.019292999, -0.065933), (0.033764, -0.019596, -0.064522), (0.027162, -0.020542, -0.067744), (0.029845, -0.020941999, -0.066609), (0.035733998, -0.022106, -0.063797995), (0.036221, -0.019352999, -0.06322801), (0.037961, -0.019345999, -0.062139), (0.037341, -0.016371999, -0.061722998), (0.023276, -0.0071679996, 0.064784), (0.021565001, -0.006563, 0.064928), (0.02529, -0.006224, 0.063644), (0.021403998, -0.0039089997, 0.063998), (0.024544999, -0.003974, 0.062842004), (0.026991999, -0.004162, 0.061785996), (0.02036, -0.003143, 0.063577), (0.020335, -0.005921, 0.065418), (0.017811, -0.005258, 0.065601), (0.022604, -0.002606, 0.062582), (0.025827998, -0.001701, 0.061154988), (0.027625, -0.001174, 0.060033), (0.022246, -0.000452, 0.061904), (0.02452701, 0.00057599996, 0.060495), (0.02727901, 0.001168, 0.058842), (0.019321, -0.000748, 0.062800996), (0.018293, -0.002397, 0.064289995), (0.018288, 0.001238, 0.06217299), (0.016993, -0.003259, 0.064667), (0.021896, 0.000851, 0.061168987), (0.015831, -0.000395, 0.063907996), (0.0149799995, -0.003542, 0.065620996), (0.015450999, -0.0057289996, 0.066207), (0.015059, 0.0027469997, 0.062277), (0.012747, -0.003659, 0.06630899), (0.0125049995, -0.0067439997, 0.067684), (0.014603999, -0.00127, 0.064543), (0.013272999, -0.0025240001, 0.064944), (0.014470009, 0.000677, 0.063656), (0.012488, 0.000396, 0.064166), (0.010303, -0.000085, 0.064966), (0.014300999, 0.0016419999, 0.06278), (0.012463, 0.003601, 0.062597), (0.010307999, 0.002803, 0.063232), (0.0103980005, -0.002658, 0.066004), (0.010625, 0.0045399996, 0.062566), (0.010865999, -0.004692, 0.066589996), (0.008704, -0.0022469999, 0.06633), (0.010040999, -0.0057099997, 0.067645), (0.009431, -0.0077209994, 0.068204), (0.00783, -0.004657, 0.067511), (0.0066009997, -0.008535, 0.069155), (0.008288, 0.000049, 0.06485499), (0.0061839996, -0.005749, 0.068035), (0.005988, -0.001347, 0.065807), (0.008248, 0.003662, 0.063237), (0.0053769997, -0.003262, 0.066928), (0.0044159996, -0.005425, 0.068181), (0.00269, -0.007098, 0.068866), (0.0045539998, -0.010314999, 0.069944), (0.001912, -0.010549999, 0.070101), (0.003239, -0.003535, 0.067288995), (0.002902, -0.001583, 0.066248), (0.0054689995, 0.001476, 0.064502), (0.0013979999, -0.001832, 0.066736), (0.004882, 0.004843, 0.06264), (0.000524, -0.000846, 0.065689), (0.0061299996, 0.0059680003, 0.062358998), (0.001953, -0.000146, 0.06596), (0.0025, 0.0014300001, 0.064802), (0.004028, 0.004158, 0.063314), (-0.000275, -0.0029789999, 0.06703199), (-0.000665, 0.002169, 0.06466), (0.0012620001, -0.0040169996, 0.067751), (0.000937, -0.005526, 0.067948), (-0.0034869998, -0.00077499996, 0.065986), (-0.0021789998, -0.0032249999, 0.06722099), (0.000899, -0.007239, 0.068484), (-0.000915, -0.0061119995, 0.068628), (-0.000399, -0.007956, 0.06904901), (-0.0036359997, -0.0039649997, 0.067333), (-0.0016329999, -0.010926, 0.070091), (0.00006699999, -0.012819999, 0.0708), (-0.0019679999, -0.0145849995, 0.071031995), (-0.002716, -0.008173, 0.069247), (-0.003956, -0.008029999, 0.068977), (-0.004028, -0.011802, 0.070088), (-0.004045, -0.014939999, 0.071090996), (-0.004741, -0.009488, 0.069675), (-0.004472, -0.005693, 0.068495), (-0.00611, -0.010151, 0.069491), (-0.0074449996, -0.008386, 0.068972), (-0.0070909997, -0.011993, 0.070187), (-0.0066360002, -0.004944, 0.067704), (-0.00786, -0.014198999, 0.070563994), (-0.005995, -0.017183, 0.071339995), (-0.007275, -0.018315999, 0.071343), (-0.00966, -0.011016, 0.069612004), (-0.00933, -0.01608, 0.07085999), (-0.009156, -0.020204999, 0.071548), (-0.0114009995, -0.013206, 0.069846), (-0.010994999, -0.015431, 0.070183), (-0.011887999, -0.016934, 0.07067), (-0.012237, -0.020064, 0.071279995), (-0.012515, -0.009685, 0.06878699), (-0.014741, -0.01174, 0.068876), (-0.013582, -0.016175, 0.070133), (-0.014691, -0.018334, 0.07032), (-0.014809999, -0.021682998, 0.071061), (-0.016197, -0.013939, 0.069289), (-0.016897, -0.018631, 0.070043996), (-0.016944999, -0.021698, 0.070492), (-0.017068999, -0.01643, 0.069506), (-0.01929, -0.020034, 0.069602996), (-0.019648999, -0.022639, 0.070125), (-0.019297, -0.015707, 0.068748996), (-0.01682, -0.01076, 0.068207), (-0.014152, -0.008744, 0.067948), (-0.022411998, -0.017156, 0.068217), (-0.012395999, -0.005118, 0.067077994), (-0.021545999, -0.021343, 0.06925), (-0.010825, -0.008602, 0.068601996), (-0.008684, -0.00624, 0.06821), (-0.022657001, -0.023010999, 0.069598), (-0.023446, -0.024883, 0.070993), (-0.024193, -0.022107, 0.068601996), (-0.024117999, -0.019031, 0.067971), (-0.025704, -0.023343999, 0.068695), (-0.026361998, -0.020208001, 0.067322), (-0.026238, -0.016402, 0.066662), (-0.027197, -0.024830999, 0.069697), (-0.027557999, -0.026034998, 0.071908996), (-0.027367, -0.022811, 0.067578), (-0.030378, -0.024507, 0.068018), (-0.03226, -0.025818998, 0.06926001), (-0.029488001, -0.021798, 0.066712), (-0.028822, -0.023387998, 0.067553), (-0.033457, -0.024347, 0.066241995), (-0.035866, -0.026012, 0.06873), (-0.030594, -0.021192, 0.065689996), (-0.028793, -0.017446, 0.065794), (-0.0374, -0.025477, 0.06626699), (-0.04071, -0.02602, 0.067377), (-0.03562, -0.023775999, 0.064724), (-0.040598996, -0.025223, 0.063951), (-0.034261998, -0.021350998, 0.0638), (-0.038363, -0.024414, 0.06364299), (-0.037205, -0.022966001, 0.063075), (-0.033824, -0.019289, 0.063834), (-0.039706, -0.022061, 0.060977995), (-0.036877997, -0.0186, 0.062000997), (-0.038108, -0.02101, 0.061792996), (-0.040668998, -0.023845999, 0.061803002), (-0.040374998, -0.019708, 0.05988), (-0.042307, -0.022147, 0.059341997), (-0.042122997, -0.023613, 0.060328), (-0.043793, -0.025114, 0.061678), (-0.043553, -0.023368001, 0.059024), (-0.043493, -0.025926001, 0.064203), (-0.044299997, -0.025981, 0.065349), (-0.046595998, -0.025804998, 0.061606), (-0.048116002, -0.025843998, 0.063081004), (-0.050288, -0.025991, 0.059738997), (-0.050414998, -0.025439998, 0.062031), (-0.046515003, -0.024923999, 0.059067), (-0.053119, -0.025873, 0.058663998), (-0.053788, -0.024470998, 0.060302), (-0.055704996, -0.025425, 0.056762), (-0.055194, -0.025818, 0.054604996), (-0.050532997, -0.025509, 0.057301), (-0.045700997, -0.023554001, 0.057871997), (-0.047279, -0.02361, 0.056781996), (-0.044966, -0.020978, 0.05688), (-0.048154, -0.023684999, 0.055689), (-0.042834, -0.019373, 0.058128), (-0.050437998, -0.023961, 0.05413), (-0.048426, -0.021505998, 0.05428699), (-0.052891996, -0.024284998, 0.052476), (-0.054778, -0.02474, 0.051557), (-0.053967, -0.0234, 0.050085), (-0.051689, -0.022894999, 0.052101996), (-0.052548997, -0.021487998, 0.049992), (-0.055380996, -0.022286, 0.047588), (-0.050929997, -0.021419, 0.052034), (-0.054352, -0.019286, 0.047419), (-0.055447996, -0.020799, 0.046315998), (-0.055917, -0.017849999, 0.045206), (-0.050443, -0.019076, 0.051669996), (-0.055135, -0.017584, 0.046664), (-0.05224, -0.018869, 0.04992), (-0.054858997, -0.014818999, 0.045739997), (-0.056708, -0.015036, 0.043633997), (-0.053645, -0.01762, 0.047588), (-0.053188, -0.014866, 0.047705997), (-0.051090997, -0.019768, 0.050803), (-0.051630996, -0.016602, 0.049647998), (-0.055021, -0.011792, 0.044362996), (-0.052151997, -0.012348999, 0.047886), (-0.053288996, -0.01199, 0.046789996), (-0.050931, -0.014432, 0.050219), (-0.051973, -0.009737, 0.046928), (-0.049642, -0.011937999, 0.050343998), (-0.04947, -0.016583, 0.051701996), (-0.048253, -0.017510999, 0.053531997), (-0.048527997, -0.013995, 0.052348), (-0.046786, -0.018439999, 0.054928), (-0.047150996, -0.0148559995, 0.053508), (-0.044120003, -0.016405, 0.056388997), (-0.044836, -0.014117, 0.055433996), (-0.042749, -0.013983999, 0.056898996), (-0.04112, -0.016143, 0.058621995), (-0.043261997, -0.011583, 0.055999987), (-0.03854, -0.016509, 0.060351), (-0.040359996, -0.012085, 0.058162987), (-0.040071998, -0.013954999, 0.058716), (-0.040818, -0.010385999, 0.056968987), (-0.039068, -0.010844999, 0.058532), (-0.036927, -0.015366999, 0.060801), (-0.036849, -0.012889, 0.060668997), (-0.035027, -0.015302, 0.062402), (-0.035214, -0.01824, 0.062619), (-0.033774, -0.014299999, 0.062633), (-0.037159, -0.009776, 0.059389), (-0.032269, -0.017986, 0.064187996), (-0.038466, -0.0082560005, 0.057903998), (-0.031037, -0.018458, 0.065078), (-0.032056, -0.015048999, 0.063815), (-0.029475, -0.015261, 0.065054), (-0.027387999, -0.015281, 0.066009), (-0.030789, -0.012158, 0.06387899), (-0.032796, -0.011231001, 0.062363), (-0.030102, -0.010257999, 0.063404), (-0.027425, -0.012234, 0.065244004), (-0.03559, -0.009951, 0.060218), (-0.027207999, -0.009006, 0.064281), (-0.035414, -0.0069529996, 0.059370987), (-0.031879, -0.0064149997, 0.061216995), (-0.028442, -0.006417, 0.06281), (-0.025731001, -0.010562, 0.06532), (-0.025745999, -0.007195, 0.064333), (-0.022942, -0.013976, 0.067377), (-0.020961, -0.011985, 0.067540996), (-0.023337, -0.009396, 0.065845996), (-0.023105, -0.007218, 0.065176), (-0.021666998, -0.009060999, 0.066509), (-0.018976, -0.008839, 0.067055), (-0.020336999, -0.007303, 0.066130996), (-0.016902, -0.007358, 0.066938), (-0.018523999, -0.0061119995, 0.066195), (-0.015451999, -0.0085849995, 0.067953), (-0.014043, -0.0058139996, 0.067186), (-0.017211, -0.004353, 0.065611), (-0.020967, -0.0051959995, 0.06505301), (-0.019232, -0.002782, 0.064444), (-0.022646999, -0.00568, 0.064412996), (-0.023918, -0.005203, 0.06397799), (-0.0217, -0.003666, 0.063831), (-0.025016, -0.0061879996, 0.063641), (-0.026394, -0.005207, 0.062988), (-0.026874, -0.003482, 0.062071998), (-0.023629, -0.0021439998, 0.062723994), (-0.030043, -0.005186, 0.061202), (-0.028136998, -0.002, 0.06070601), (-0.031228, -0.002203, 0.059186), (-0.033765, -0.004603, 0.059215), (-0.030079, -0.00022399999, 0.058714997), (-0.033264, -0.00089799997, 0.05748), (-0.035294, -0.0029759998, 0.057150997), (-0.028182, 0.00125, 0.05886), (-0.037483998, -0.005709, 0.057625998), (-0.026597999, -0.000032, 0.060427997), (-0.030186998, 0.0021199998, 0.057331), (-0.025566, 0.0028799998, 0.059057996), (-0.031865, 0.00111, 0.056786988), (-0.024844998, 0.000052, 0.060883), (-0.034244, 0.000534, 0.055843), (-0.03397, 0.003562, 0.054307), (-0.035919, -0.000171, 0.055619996), (-0.035556998, 0.002199, 0.054281), (-0.037258, 0.002178, 0.052831996), (-0.032049, 0.004915, 0.054583997), (-0.038134, -0.0028499998, 0.055483997), (-0.030093, 0.0042089997, 0.056202997), (-0.036837, -0.004075, 0.056504), (-0.027507, 0.004158, 0.057473), (-0.040029995, -0.004731, 0.055237997), (-0.038004998, 0.0002, 0.053628996), (-0.039387, -0.0015029999, 0.053673), (-0.039187, 0.0013230001, 0.052119996), (-0.040595997, -0.006405, 0.055781987), (-0.040843, 0.000488, 0.051585), (-0.040994, -0.00782, 0.055595), (-0.042453, -0.007052, 0.054748997), (-0.041971996, -0.003326, 0.05292), (-0.042679, -0.005366, 0.053151), (-0.04301, -0.009025999, 0.05478), (-0.043948002, -0.005429, 0.052605), (-0.044812, -0.011036, 0.054123), (-0.044776, -0.008199, 0.053049996), (-0.045812, -0.01047, 0.053442), (-0.045879997, -0.0067559998, 0.051758997), (-0.046887, -0.0109790005, 0.052339), (-0.048846997, -0.0100259995, 0.050833), (-0.04466, -0.004137, 0.051044002), (-0.049241, -0.008621, 0.049429998), (-0.048325, -0.0071030003, 0.049677), (-0.045978, -0.003851, 0.05024), (-0.047921, -0.0053509995, 0.048759), (-0.049531996, -0.006866, 0.04798), (-0.050584998, -0.008156, 0.048005), (-0.049166, -0.004123, 0.046872), (-0.050472002, -0.003693, 0.045084), (-0.052701, -0.0064109997, 0.044583995), (-0.047426, -0.0029969998, 0.048192), (-0.048241, -0.0025369998, 0.046318997), (-0.043607, -0.002089, 0.050644), (-0.044931002, -0.0017749999, 0.049385), (-0.042479, -0.001024, 0.051525), (-0.043576997, -0.000484, 0.050052), (-0.044999998, -0.000683, 0.047973998), (-0.047353, -0.00010099999, 0.046286), (-0.046357002, 0.00055399997, 0.046285), (-0.04324, 0.001433, 0.049213), (-0.048937, -0.001339, 0.045384996), (-0.041849, 0.002005, 0.049418997), (-0.045088, 0.002258, 0.046121), (-0.043227, 0.002383, 0.047855), (-0.040251996, 0.004282, 0.049137), (-0.047319997, 0.0027649999, 0.043716997), (-0.043576002, 0.0041389996, 0.046802), (-0.048829, 0.000031, 0.043944), (-0.041784, 0.0049139997, 0.047522996), (-0.044014, 0.004818, 0.045107), (-0.046142, 0.004343, 0.044111), (-0.044577997, 0.005841, 0.043647), (-0.042722, 0.007854, 0.044152997), (-0.045914996, 0.0063300002, 0.042278998), (-0.041592997, 0.007124, 0.046072997), (-0.043899998, 0.008302, 0.042297), (-0.041820996, 0.008873, 0.044875998), (-0.041869998, 0.010062, 0.042995), (-0.04419, 0.009584, 0.041034), (-0.04006, 0.00893, 0.045499), (-0.040215, 0.010966, 0.043418), (-0.043214, 0.011553, 0.039996), (-0.040567998, 0.0124429995, 0.041474998), (-0.039605998, 0.013710001, 0.041461), (-0.041325998, 0.01381, 0.039134), (-0.038925, 0.011553, 0.043886), (-0.037706997, 0.013777999, 0.042539), (-0.038103998, 0.015178, 0.040680997), (-0.036523, 0.013845, 0.044148996), (-0.037724, 0.009997, 0.046680998), (-0.039431, 0.008533, 0.046865), (-0.035034, 0.015781999, 0.042737998), (-0.039147, 0.0061299996, 0.048864998), (-0.037988998, 0.007573, 0.048249), (-0.036725998, 0.008092999, 0.049248), (-0.039091997, 0.0031249998, 0.050493997), (-0.037416, 0.0034909998, 0.05210299), (-0.03597, 0.0056279995, 0.051820997), (-0.034985002, 0.006886, 0.050928995), (-0.033701997, 0.007462, 0.051620997), (-0.03464, 0.008939, 0.050138), (-0.034881998, 0.011407, 0.047371), (-0.030597998, 0.0063899998, 0.054261997), (-0.032256, 0.009264, 0.051383), (-0.028917998, 0.0064429995, 0.055379), (-0.029457, 0.007898, 0.05396), (-0.0274, 0.0063239997, 0.055971988), (-0.025044998, 0.005798, 0.057579), (-0.025438001, 0.008196, 0.055626), (-0.029798, 0.010228, 0.051901), (-0.031313, 0.01136, 0.050095), (-0.027766999, 0.0100610005, 0.052979), (-0.032746, 0.0135699995, 0.046957996), (-0.027850999, 0.011852, 0.051542), (-0.026352998, 0.010241999, 0.053913), (-0.027706001, 0.014887, 0.049105), (-0.023702, 0.010667, 0.054517), (-0.025604, 0.011956, 0.052491996), (-0.025764, 0.015731, 0.048923), (-0.030302, 0.0145580005, 0.047468), (-0.028259, 0.016156, 0.047193997), (-0.031824, 0.015450999, 0.045454998), (-0.030413, 0.016773999, 0.045173995), (-0.033104997, 0.015550999, 0.044614), (-0.031794, 0.017999, 0.042712), (-0.033347998, 0.016404001, 0.043207), (-0.034598, 0.018083, 0.040317), (-0.036333, 0.017036999, 0.040310998), (-0.037053, 0.018295, 0.037835), (-0.032089, 0.019318, 0.040865), (-0.038721, 0.017222, 0.037692), (-0.03244, 0.020436998, 0.03899), (-0.034541998, 0.020332, 0.037166), (-0.030418998, 0.020193, 0.04074), (-0.036206998, 0.020790998, 0.03466), (-0.032573998, 0.021571, 0.036974), (-0.040579, 0.015811, 0.037493996), (-0.041009, 0.017548999, 0.035132), (-0.042659998, 0.015279, 0.036215), (-0.043590996, 0.0139379995, 0.036769), (-0.038556002, 0.019126, 0.035047), (-0.043863, 0.015525, 0.034123998), (-0.040415, 0.018803999, 0.033145998), (-0.037279, 0.021127999, 0.033078), (-0.045352, 0.011045999, 0.038276996), (-0.045128003, 0.012634999, 0.036248), (-0.046694, 0.0076499996, 0.04008), (-0.04703, 0.011786999, 0.035422), (-0.048418, 0.004659, 0.041118998), (-0.048455, 0.008068, 0.037811), (-0.047243, 0.010132999, 0.036927998), (-0.049313996, 0.002169, 0.042325), (-0.048379, 0.011431, 0.034247), (-0.050316, -0.001723, 0.043987997), (-0.050883997, -0.000073999996, 0.041672), (-0.051494997, -0.00208, 0.042684), (-0.052154, -0.0044819997, 0.043847997), (-0.050605997, 0.002952, 0.039937), (-0.052329, -0.0031279998, 0.042064), (-0.049749997, 0.00543, 0.038721), (-0.053435, -0.004298, 0.041882), (-0.052945, -0.0017929999, 0.040731), (-0.052699998, -0.000110999994, 0.040051997), (-0.053460002, -0.000586, 0.038962), (-0.050739, 0.001285, 0.040276997), (-0.052378997, 0.001348, 0.038805), (-0.051307, 0.003335, 0.038135), (-0.0521, 0.004009, 0.037269), (-0.054194, 0.000964, 0.036916), (-0.049825, 0.006979, 0.036767), (-0.053277, 0.0037409998, 0.035218), (-0.049815, 0.009467999, 0.034421), (-0.05222, 0.006024, 0.034911), (-0.051404, 0.008172, 0.033492), (-0.053143, 0.005967, 0.033245), (-0.049134, 0.0106689995, 0.033205), (-0.051751997, 0.009664, 0.031310998), (-0.053607997, 0.007432, 0.030713998), (-0.05475, 0.0044879997, 0.032401), (-0.049666, 0.012068, 0.030903), (-0.052194998, 0.010629999, 0.028467), (-0.047094002, 0.012936999, 0.033317998), (-0.045731, 0.014524999, 0.033333), (-0.046899, 0.015094, 0.030710999), (-0.04414, 0.015981, 0.032576), (-0.04494, 0.016936999, 0.030924998), (-0.042894, 0.018134, 0.031108), (-0.045735996, 0.01632, 0.030032998), (-0.04431, 0.019057, 0.027715001), (-0.046832997, 0.016619999, 0.028326001), (-0.048227, 0.0147359995, 0.028724998), (-0.051347, 0.012568999, 0.027506001), (-0.048604, 0.016261999, 0.025832), (-0.045857, 0.017781, 0.027002), (-0.045960996, 0.019048, 0.025092999), (-0.047615997, 0.017842999, 0.023773998), (-0.044062, 0.020322, 0.024518), (-0.049861003, 0.015558999, 0.024586), (-0.042804997, 0.021091001, 0.026394999), (-0.043926, 0.021301, 0.022869999), (-0.040899, 0.021459, 0.0277), (-0.041989997, 0.022170998, 0.024771), (-0.04023, 0.02298, 0.026041998), (-0.042540003, 0.023493, 0.021076), (-0.040808, 0.023703, 0.023308), (-0.04684, 0.019435, 0.022393998), (-0.049147, 0.017477, 0.022005), (-0.047659997, 0.018988, 0.020924998), (-0.045773, 0.021096, 0.020072998), (-0.050164998, 0.017644, 0.018784), (-0.047329, 0.020186, 0.018338999), (-0.050392, 0.015879, 0.022458), (-0.052673995, 0.013014999, 0.023634), (-0.049434, 0.018756999, 0.017101001), (-0.051448002, 0.013332999, 0.025043001), (-0.053214997, 0.011341999, 0.02615), (-0.054564, 0.010304, 0.024705), (-0.052076, 0.015004999, 0.021215), (-0.054022, 0.012373, 0.022002), (-0.051365998, 0.015973998, 0.019954), (-0.054207, 0.0133259995, 0.019345999), (-0.052319, 0.016226, 0.017007), (-0.055898998, 0.010777, 0.020211998), (-0.050656, 0.018512, 0.0153169995), (-0.056223996, 0.008291, 0.024388999), (-0.055255998, 0.008209, 0.026751999), (-0.056824997, 0.005216, 0.027661), (-0.053921998, 0.009013, 0.028211998), (-0.055423997, 0.0059229997, 0.029558), (-0.056973, 0.002757, 0.030131), (-0.056529, 0.0018419999, 0.032454), (-0.058273, -0.001083, 0.032043), (-0.054892, 0.0016069999, 0.034934998), (-0.056337997, -0.0009529999, 0.035242), (-0.057726998, -0.002804, 0.0346), (-0.054899998, -0.00072400004, 0.036779), (-0.055825, -0.0020219998, 0.037106), (-0.058135998, -0.004506, 0.035678), (-0.058081, -0.0063639996, 0.037141), (-0.054984998, -0.0029499999, 0.039142), (-0.055749, -0.00415, 0.038671996), (-0.056293, -0.006148, 0.040047), (-0.05754, -0.009060999, 0.039573), (-0.054481, -0.0056959996, 0.041746996), (-0.055907, -0.009024999, 0.041701), (-0.057835996, -0.0121949995, 0.040918), (-0.054334, -0.0087669995, 0.043635998), (-0.053565998, -0.010125, 0.045324), (-0.056126997, -0.011372, 0.042995), (-0.056658, -0.012937999, 0.042322997), (0.039784, -0.003759, -0.054024), (0.040191002, -0.00139, -0.052378997), (0.038006, -0.001576, -0.053734), (0.042435996, -0.000051, -0.04967501), (0.03875, 0.001374, -0.051932), (0.04401, -0.000704, -0.048450988), (0.037425008, 0.000121, -0.053628), (0.046226, -0.0014489999, -0.04685699), (0.044127997, 0.00093, -0.047408), (0.047027998, -0.000801, -0.045099), (0.048727997, -0.0019939998, -0.04503901), (0.046396, 0.00123, -0.044903), (0.04836501, -0.00005, -0.04347), (0.044762995, 0.0032769998, -0.044913), (0.04957901, -0.00007, -0.042299), (0.047479, 0.0035640001, -0.04203), (0.051343996, 0.00036099998, -0.039630998), (0.049408, 0.0019689999, -0.040535998), (0.051774997, -0.0018000001, -0.040176), (0.052752, -0.0013809999, -0.039245997), (0.050419997, 0.0023069999, -0.039256997), (0.052923996, 0.00091899995, -0.037414998), (0.054493997, -0.002327, -0.037828), (0.049528997, 0.004025, -0.038987998), (0.051904995, 0.0031249998, -0.036541), (0.054571, -0.000601, -0.035903998), (0.054997, -0.004673, -0.038551), (0.056023996, -0.002578, -0.035641998), (0.0556, -0.007358, -0.038966), (0.056058995, -0.005029, -0.037841), (0.056441996, -0.006325, -0.037335), (0.05798701, -0.00624, -0.034258), (0.057295, -0.005382, -0.035511997), (0.057657998, -0.0038249998, -0.033795), (0.05940601, -0.0051039997, -0.031812), (0.056494996, -0.002165, -0.033733997), (0.056610998, -0.00041900002, -0.032871), (0.058428995, -0.002522, -0.030896), (0.055679996, 0.0012909999, -0.032525998), (0.057505, 0.00046100002, -0.030111998), (0.059558008, -0.002885, -0.029040998), (0.05471301, 0.002384, -0.033269), (0.055227008, 0.003009, -0.030947), (0.056491997, 0.002958, -0.029216), (0.054386, 0.004638, -0.030889), (0.052800998, 0.004473, -0.034275997), (0.049871996, 0.0068809995, -0.035822), (0.052913997, 0.0063899998, -0.03187), (0.049284007, 0.006398, -0.037374), (0.053993, 0.0055549997, -0.029932), (0.04792401, 0.005985, -0.038554), (0.055654995, 0.00522, -0.028454999), (0.047447, 0.005901, -0.039741002), (0.047221012, 0.007543, -0.037903998), (0.046164997, 0.006164, -0.040459998), (0.045015, 0.0067189997, -0.041803997), (0.047855, 0.008932999, -0.036110997), (0.045305, 0.009196, -0.03944), (0.043047, 0.0051929997, -0.045427997), (0.049321998, 0.008599, -0.034996), (0.041945, 0.0042419997, -0.047161996), (0.051133998, 0.007217, -0.033724997), (0.043193, 0.002387, -0.047572996), (0.05132801, 0.009164999, -0.03144), (0.040866997, 0.0029789999, -0.048483), (0.052775998, 0.007986999, -0.029630998), (0.040335998, 0.001887, -0.050225), (0.039285008, 0.00549, -0.048427), (0.05002201, 0.009869, -0.031717), (0.052916996, 0.009315999, -0.027864), (0.048467997, 0.0109, -0.032815002), (0.04990901, 0.012121, -0.028892), (0.048923, 0.012173999, -0.031022), (0.047343, 0.01432, -0.028857999), (0.04691801, 0.012022999, -0.034079), (0.05171401, 0.011359, -0.026338), (0.04532501, 0.011917, -0.03573), (0.045817, 0.013502999, -0.03285), (0.044064, 0.013080999, -0.035156), (0.044043, 0.0105099995, -0.039022997), (0.04336701, 0.01312, -0.036907), (0.043277, 0.009067999, -0.041731), (0.042582996, 0.011151, -0.039964), (0.042554997, 0.0075819995, -0.04346601), (0.040689, 0.010269, -0.042850997), (0.041704, 0.006425, -0.044927), (0.040728997, 0.007985, -0.045215998), (0.04087101, 0.012072999, -0.04103), (0.038916998, 0.00865, -0.046454), (0.042069, 0.013717999, -0.038074996), (0.038808998, 0.009942, -0.044864997), (0.037224, 0.009230999, -0.04675), (0.037715998, 0.012211, -0.04347), (0.038650997, 0.011987999, -0.04225801), (0.039440997, 0.013485, -0.040695), (0.037535, 0.013775, -0.041587), (0.040328, 0.014195, -0.038413998), (0.04243701, 0.0151579995, -0.035372), (0.038968008, 0.0148209995, -0.039619997), (0.04511301, 0.015035, -0.031551998), (0.03977101, 0.015937, -0.037256997), (0.046745, 0.014730999, -0.030222999), (0.042951003, 0.01728, -0.031073), (0.044233996, 0.016871, -0.030449), (0.046578, 0.015829, -0.027938), (0.041269, 0.017959999, -0.032318998), (0.048233, 0.014687, -0.02747), (0.04470001, 0.017462999, -0.027298), (0.041507, 0.01987, -0.028928), (0.04579701, 0.017746, -0.026145), (0.04043701, 0.016899, -0.035584), (0.03969301, 0.018404, -0.033635), (0.03831501, 0.017665999, -0.035678), (0.03776101, 0.017238999, -0.037603), (0.036931, 0.019559, -0.035047), (0.036434, 0.017647, -0.03803), (0.036141, 0.015594999, -0.041422), (0.034084, 0.019053, -0.038496997), (0.03760801, 0.020376, -0.032330997), (0.03880201, 0.021394998, -0.029049), (0.035299, 0.021489, -0.033423), (0.040241998, 0.021565001, -0.027716998), (0.034213, 0.019797, -0.036838), (0.042343996, 0.020255, -0.026333), (0.044611, 0.019568, -0.025058), (0.041494, 0.022160001, -0.024066), (0.046009, 0.018011, -0.024165), (0.04419401, 0.020383999, -0.022783), (0.047039, 0.016917, -0.025287999), (0.048891, 0.014744999, -0.025278), (0.049106, 0.016187, -0.023110999), (0.05090901, 0.013617999, -0.024646001), (0.047082, 0.018734999, -0.020833999), (0.05377201, 0.010404, -0.024043), (0.046605, 0.018775, -0.022676999), (0.055510998, 0.007929999, -0.024842998), (0.05257, 0.012716, -0.022005), (0.056909997, 0.003587, -0.026989998), (0.050504997, 0.015053, -0.021847), (0.058185, 0.002496, -0.026508), (0.048768, 0.017392, -0.020541), (0.058168996, -0.000227, -0.028406998), (0.057259, 0.0056739994, -0.024291), (0.059587996, 0.000304, -0.026422998), (0.060500998, -0.0019979998, -0.026738998), (0.058814995, 0.002594, -0.024709), (0.060517997, -0.00006699999, -0.024082), (0.060381997, 0.002387, -0.02107), (0.060555007, -0.004512, -0.029365), (0.061747998, -0.006017, -0.027679), (0.061449997, -0.002088, -0.024301), (0.059782, -0.00666, -0.031783), (0.062069997, -0.003494, -0.025239998), (0.059675988, -0.008207, -0.03194), (0.062657006, -0.008495, -0.028053999), (0.061764996, -0.003196, -0.023618), (0.063181, -0.009575999, -0.028729998), (0.06299901, -0.004602, -0.023779), (0.063751996, -0.012758, -0.028548999), (0.064197, -0.014459999, -0.029605), (0.064807, -0.0128, -0.026696), (0.065526, -0.014889999, -0.024883), (0.066402994, -0.015631, -0.022056), (0.066691995, -0.013365999, -0.022844), (0.066963, -0.014958, -0.021077001), (0.06498701, -0.010768, -0.024799999), (0.066563, -0.012947, -0.021092), (0.06723499, -0.015113999, -0.018937), (0.067113, -0.01294, -0.018296), (0.063381, -0.006875, -0.024724), (0.06501501, -0.008917, -0.023616), (0.063969, -0.007185, -0.022919), (0.06580101, -0.0099289995, -0.021594997), (0.06367, -0.004602, -0.021867001), (0.064468995, -0.0063639996, -0.020941999), (0.067299, -0.011534999, -0.019097), (0.067273, -0.012302, -0.018591), (0.06730501, -0.012335, -0.018475), (0.067361996, -0.012184, -0.018394), (0.067389995, -0.012087999, -0.018412), (0.067403995, -0.011959, -0.018468), (0.06734701, -0.011914, -0.017149), (0.066378996, -0.008676, -0.018609), (0.06681799, -0.008924999, -0.016095), (0.06552801, -0.006052, -0.018329998), (0.065379, -0.005762, -0.016914), (0.064577, -0.004034, -0.01774), (0.066339, -0.005916, -0.015361), (0.066759996, -0.007316, -0.014208999), (0.065313, -0.00451, -0.014916), (0.06534501, -0.003385, -0.0134), (0.06397601, -0.0022490001, -0.016843999), (0.062817, -0.0018569999, -0.019771), (0.064316, -0.001708, -0.013943), (0.064546995, -0.000792, -0.011522), (0.063691, 0.000259, -0.014860999), (0.063319996, 0.001219, -0.012165), (0.063957006, 0.0014129999, -0.008978999), (0.062273, 0.000588, -0.017516), (0.06216, 0.002406, -0.014237), (0.062067, 0.003809, -0.010911999), (0.063419, 0.002692, -0.006367), (0.061478, 0.0044899997, -0.01271), (0.061270997, 0.002528, -0.017967999), (0.061817, 0.0049059996, -0.008137), (0.061774, 0.00096199993, -0.019674), (0.06189701, 0.005093, -0.006517), (0.06306301, 0.003882, -0.004045), (0.061286997, 0.0059769996, -0.010287), (0.061534, 0.0052859997, -0.005004), (0.061673, 0.005693, -0.0017739999), (0.060762, 0.007813, -0.0015289999), (0.060482997, 0.0065789996, -0.00624), (0.059871, 0.008532, -0.005449), (0.060550008, 0.006904, -0.0077259997), (0.059393, 0.009515, -0.0012559999), (0.059171, 0.008658, -0.010332), (0.057996996, 0.0113820005, -0.004003), (0.058114998, 0.011311, -0.00056899997), (0.055976, 0.013836, 0.00063), (0.058192, 0.010153, -0.0088059995), (0.055543005, 0.014598, -0.002195), (0.054588005, 0.0156229995, 0.000809), (0.057547998, 0.011668, -0.006248), (0.055433, 0.014630999, -0.004648), (0.054489996, 0.01588, -0.0017939999), (0.056098998, 0.013358999, -0.007121), (0.052219, 0.018060999, -0.00093999994), (0.052937, 0.017412, 0.002513), (0.051893, 0.018143998, 0.0032139998), (0.053231, 0.017156, -0.004591), (0.054906998, 0.014533999, -0.008722), (0.056128, 0.0129889995, -0.0104209995), (0.051246, 0.018811, -0.004194), (0.05265001, 0.017081, -0.006468), (0.053487, 0.016273, -0.009889), (0.050874, 0.019385, -0.001975), (0.054514997, 0.014130999, -0.011872999), (0.050418, 0.019815, 0.000087), (0.04858201, 0.021157999, -0.003607), (0.051648002, 0.018119, -0.007585), (0.049510002, 0.020265998, 0.002964), (0.049822, 0.020074999, 0.0047009997), (0.04732601, 0.022186998, 0.005829), (0.048699997, 0.021184001, -0.000627), (0.047652, 0.022456, 0.0035309999), (0.048219, 0.022015, 0.001177), (0.047446005, 0.022313999, -0.0016760001), (0.046774, 0.0232, 0.000661), (0.046058998, 0.023796, 0.0038969999), (0.045735996, 0.024098, 0.007101), (0.046487, 0.023707999, -0.0017489999), (0.044037998, 0.025685, 0.0055949995), (0.043987002, 0.02538, 0.00926), (0.045925003, 0.024479, 0.002435), (0.042106, 0.026426999, 0.007322), (0.042751003, 0.02608, 0.01064), (0.044609, 0.025643999, 0.003792), (0.045009, 0.025189, 0.000871), (0.041441, 0.026519999, 0.0048559997), (0.042404998, 0.026363, 0.002383), (0.045452, 0.02437, -0.001648), (0.04305501, 0.026075, 0.000269), (0.04461401, 0.025741, -0.0015739999), (0.045684, 0.024653, -0.005295), (0.042748008, 0.026431, -0.00142), (0.046522997, 0.023314, -0.004144), (0.04792401, 0.022028, -0.0058170003), (0.050113, 0.019498, -0.008307), (0.047994997, 0.021379001, -0.008499), (0.049843997, 0.019141998, -0.009985), (0.046156, 0.023101998, -0.007694), (0.052090995, 0.01729, -0.010566), (0.048898008, 0.019888999, -0.011933), (0.051107, 0.017651, -0.012048), (0.04703701, 0.021682, -0.00969), (0.045481, 0.023316, -0.011731), (0.045059998, 0.023877999, -0.009351), (0.043819, 0.025391, -0.010109), (0.046511997, 0.021379001, -0.013599), (0.043493, 0.025887, -0.0075089997), (0.048607, 0.019568, -0.014356), (0.043576997, 0.026041998, -0.004131), (0.041620996, 0.026622, -0.004845), (0.041223012, 0.026282, -0.002691), (0.04035901, 0.026401998, -0.006594), (0.041642, 0.026575, -0.009289), (0.038534, 0.026293, -0.0023049999), (0.04263, 0.025641998, -0.012181999), (0.038798, 0.026182, -0.0042689997), (0.037742, 0.026313, -0.006703), (0.040553, 0.026671, -0.0110989995), (0.038516, 0.026198, -0.009628), (0.044885997, 0.022460999, -0.015033999), (0.04014901, 0.02644, -0.0133650005), (0.046318997, 0.021298999, -0.016036), (0.038004998, 0.026279999, -0.012354), (0.047723997, 0.019413, -0.016484), (0.047315, 0.019746, -0.017818), (0.049448006, 0.017708, -0.018221999), (0.046529997, 0.019392, -0.019260999), (0.045266, 0.02099, -0.019388), (0.044112, 0.022583999, -0.0176), (0.044015996, 0.021867001, -0.018887), (0.04304, 0.024714999, -0.015399999), (0.043888997, 0.021738999, -0.021259), (0.041517, 0.025911, -0.015979), (0.04289, 0.022846999, -0.019849999), (0.04222001, 0.022358, -0.021723), (0.041238, 0.024596, -0.019692), (0.041220997, 0.023325, -0.022901), (0.039667998, 0.024, -0.02309), (0.039784, 0.022679, -0.025973), (0.03912199, 0.025698999, -0.020341), (0.037479, 0.022901, -0.028891), (0.038507998, 0.026034998, -0.021643), (0.036424, 0.022274999, -0.031321), (0.037265, 0.023891, -0.0268), (0.035645, 0.023227999, -0.029847), (0.034879, 0.023113, -0.031563), (0.037228, 0.025543999, -0.024849998), (0.035969, 0.025092999, -0.028150998), (0.033942997, 0.025766999, -0.029509), (0.035326, 0.02618, -0.025613), (0.036073, 0.026535999, -0.023743998), (0.033870008, 0.026287999, -0.023099), (0.034075, 0.026084, -0.025764998), (0.033715997, 0.026593, -0.023952), (0.032718997, 0.026506, -0.026888), (0.031347997, 0.026465999, -0.024410998), (0.031107, 0.026628999, -0.022211999), (0.030490998, 0.026250998, -0.030181), (0.029186001, 0.026005, -0.023257), (0.029134009, 0.026285999, -0.025439998), (0.031214999, 0.026149001, -0.020434), (0.03049901, 0.026535, -0.028254999), (0.035676997, 0.026556998, -0.020649), (0.037097, 0.026728, -0.020438999), (0.036889996, 0.026445998, -0.018222999), (0.033692997, 0.026247999, -0.017946), (0.03975, 0.02624, -0.018136999), (0.038599, 0.026456, -0.016554), (0.038363, 0.026630001, -0.014779), (0.03548, 0.026228001, -0.015739), (0.035662, 0.026336998, -0.013455), (0.032472, 0.025866998, -0.0138139995), (0.035455998, 0.026083, -0.011991), (0.036355, 0.026306, -0.010198999), (0.03255101, 0.025897, -0.010978), (0.034732, 0.026041998, -0.0072399997), (0.03637599, 0.026070999, -0.004769), (0.032167997, 0.025722, -0.00682), (0.033132996, 0.025894, -0.004657), (0.034748998, 0.026027998, -0.002953), (0.035338998, 0.025697, -0.001692), (0.03279, 0.026043998, -0.00083499996), (0.035474, 0.026119001, 0.00084899995), (0.038886, 0.026166, -0.000405), (0.040369, 0.026442999, 0.00183), (0.038383998, 0.026212, 0.0027849998), (0.03709, 0.026152998, 0.0053609996), (0.034892, 0.026189, 0.0043740002), (0.03894901, 0.026366, 0.0064529995), (0.034052, 0.026136998, 0.0072219996), (0.040347, 0.026468, 0.008768), (0.037906997, 0.026184998, 0.007838), (0.040169, 0.026197, 0.010767), (0.037455, 0.026551, 0.009567999), (0.035595, 0.025896, 0.008393), (0.041188, 0.026454, 0.012793), (0.043699, 0.024602, 0.013285), (0.03851901, 0.026531998, 0.012366001), (0.035299998, 0.026163999, 0.010036), (0.037084997, 0.026233, 0.012861), (0.03880201, 0.026299, 0.014493999), (0.041498005, 0.025933001, 0.015176), (0.043826997, 0.023234999, 0.016348999), (0.04005, 0.026261998, 0.01676), (0.04126501, 0.025065, 0.018415), (0.04192601, 0.02321, 0.020272), (0.036684997, 0.026519999, 0.016982), (0.03895, 0.026108999, 0.019013999), (0.04084301, 0.023791999, 0.022032), (0.04257301, 0.021511, 0.023496998), (0.037226, 0.026403, 0.019856), (0.040005002, 0.023225999, 0.023791), (0.039061997, 0.025082, 0.022642), (0.036627, 0.02639, 0.022449), (0.035255, 0.026367, 0.020385), (0.038173, 0.02491, 0.024282), (0.039481, 0.021995, 0.027346998), (0.041178998, 0.020471001, 0.027453998), (0.04064801, 0.019644, 0.030002998), (0.038992, 0.023405, 0.025757998), (0.03632201, 0.025820998, 0.025276998), (0.03712101, 0.022744, 0.029409999), (0.038598, 0.020327998, 0.030652), (0.038764, 0.018901, 0.033973), (0.036337, 0.021241, 0.032772), (0.034142997, 0.025481999, 0.02908), (0.035694998, 0.020009998, 0.035534), (0.038096998, 0.017319, 0.037076), (0.034362998, 0.023703, 0.031603), (0.034227, 0.021564, 0.034473), (0.035487, 0.017886, 0.038957), (0.037871998, 0.015453, 0.040058997), (0.033090997, 0.020322999, 0.037547998), (0.032111, 0.02315, 0.034261998), (0.03489301, 0.016627999, 0.040822), (0.031614, 0.025167, 0.032537), (0.032644, 0.019171, 0.039355), (0.034537997, 0.015542999, 0.042865), (0.037559, 0.01344, 0.042536996), (0.035715, 0.012670999, 0.044752996), (0.033552, 0.017446999, 0.041202996), (0.033166, 0.013741, 0.045808), (0.034656, 0.011627001, 0.046834), (0.03009901, 0.019091, 0.041835997), (0.031245999, 0.016576, 0.044134002), (0.030345999, 0.014608, 0.046850998), (0.033774998, 0.010186, 0.048712), (0.029486, 0.017272, 0.044166002), (0.028276, 0.017396, 0.045088), (0.027932, 0.019028999, 0.042979997), (0.029916009, 0.021134, 0.0394), (0.02548, 0.018569, 0.045360997), (0.030927999, 0.021742, 0.037575), (0.028152999, 0.021385, 0.039731), (0.031910997, 0.021732999, 0.036206998), (0.027881999, 0.023157, 0.037955), (0.029532999, 0.023789998, 0.036218), (0.025664998, 0.023362998, 0.039446), (0.027007999, 0.020736, 0.041571002), (0.026161, 0.02522, 0.037125997), (0.025909, 0.020395998, 0.043181), (0.023963, 0.021874001, 0.042145), (0.024856, 0.025132999, 0.038419), (0.023764, 0.020395998, 0.044069998), (0.021724999, 0.021317, 0.044355), (0.022553999, 0.023761999, 0.04088), (0.019944008, 0.023401, 0.042584), (0.022708, 0.026083, 0.037787), (0.020265998, 0.025560997, 0.040258), (0.020897, 0.026308998, 0.038902), (0.024791999, 0.026619999, 0.034032), (0.02236001, 0.026438, 0.035873998), (0.021294998, 0.026605, 0.034922), (0.01836, 0.026456999, 0.038778998), (0.027904999, 0.025929, 0.034779), (0.02887701, 0.026492, 0.032325998), (0.026379999, 0.026447, 0.031358), (0.03007, 0.026326, 0.030724999), (0.032507, 0.025601, 0.029811), (0.024202, 0.026703, 0.030833), (0.032617, 0.026413, 0.027309999), (0.022344999, 0.026361, 0.03142), (0.024656998, 0.026189, 0.029033998), (0.027777, 0.026377998, 0.028763), (0.030362, 0.026621, 0.029010998), (0.029981999, 0.026347999, 0.026795), (0.027846, 0.026156, 0.025396999), (0.031307008, 0.026635999, 0.026000999), (0.0253, 0.026313, 0.026442), (0.02983201, 0.026333999, 0.023959998), (0.027604, 0.026305, 0.023076998), (0.03260601, 0.026324, 0.024179999), (0.034736, 0.026252, 0.027044), (0.034467008, 0.026452998, 0.025322), (0.03108201, 0.026314, 0.021651), (0.034435008, 0.026522, 0.022742), (0.032417, 0.026217, 0.020192001), (0.029258, 0.026068999, 0.01959), (0.033579, 0.026456999, 0.018552), (0.026312001, 0.025890999, 0.021062), (0.034929, 0.026243, 0.016392), (0.030744, 0.026142001, 0.017138999), (0.032929998, 0.026068, 0.015305), (0.03545801, 0.026261998, 0.013312), (0.033048008, 0.026391, 0.0116799995), (0.034105, 0.026022, 0.011794999), (0.031517, 0.026038999, 0.010466999), (0.030922, 0.025961999, 0.012995999), (0.031538, 0.026061, 0.00834), (0.029646, 0.025569998, 0.009916999), (0.029829, 0.025796, 0.0065899994), (0.027841998, 0.025897, 0.011109999), (0.027293, 0.025693, 0.008932999), (0.032856, 0.025882998, 0.004435), (0.029194, 0.025943, 0.005476), (0.031787, 0.025804, 0.001826), (0.026088, 0.025546998, 0.0058209994), (0.027794, 0.025548, 0.0031459997), (0.029990999, 0.025639998, -0.001048), (0.027553, 0.025782, 0.0017149999), (0.030837, 0.02561, -0.003477), (0.029019998, 0.025773998, -0.003571), (0.026761, 0.025589999, -0.0013359999), (0.02411901, 0.025675, 0.003815), (0.025092999, 0.025272999, 0.0018359999), (0.024047999, 0.02543, -0.000062), (0.021319, 0.025446, 0.001886), (0.021914998, 0.025315, 0.0045849998), (0.026324999, 0.025562998, -0.004394), (0.022937, 0.025593, -0.000249), (0.029056009, 0.025636999, -0.006181), (0.024563, 0.025318999, -0.003009), (0.023513999, 0.025541998, -0.003391), (0.02639, 0.025394998, -0.0061129997), (0.018924, 0.025158998, 0.000348), (0.024349, 0.025682999, -0.006147), (0.021480998, 0.025225999, -0.0033109998), (0.019457009, 0.02522, 0.0029339998), (0.019935999, 0.025534, -0.002669), (0.020256, 0.025422, 0.0055989996), (0.020824999, 0.025178999, -0.005395), (0.021774001, 0.025287999, 0.0068099997), (0.01667201, 0.025404999, 0.0043619997), (0.024667999, 0.025704, 0.007989), (0.020682001, 0.025491, 0.009346), (0.025576, 0.025518, 0.011853999), (0.021968, 0.025826, 0.010799), (0.023634, 0.02552, 0.0100960005), (0.022958, 0.025613, 0.012518999), (0.026937, 0.025984999, 0.014491), (0.028785998, 0.025587998, 0.013305), (0.029082999, 0.025997, 0.014634), (0.02240601, 0.025524, 0.0147629995), (0.028599998, 0.026052, 0.016743999), (0.02690701, 0.025620999, 0.016466), (0.02757201, 0.025999, 0.018826999), (0.024507, 0.025896, 0.016289), (0.025007999, 0.026081, 0.019285), (0.025013, 0.026054999, 0.023423), (0.02297101, 0.025436, 0.017959999), (0.023434, 0.026202999, 0.025171), (0.022495998, 0.025981, 0.022688998), (0.021614999, 0.02615, 0.02704), (0.021487, 0.025797999, 0.017146999), (0.020373, 0.025843998, 0.018933998), (0.019514, 0.025543, 0.014469), (0.018483, 0.025638001, 0.016576), (0.019345999, 0.025725, 0.020374998), (0.018692, 0.025285, 0.011383999), (0.02071, 0.02601, 0.023187), (0.016884, 0.025429001, 0.009055), (0.019811999, 0.025838, 0.025069), (0.016954, 0.025532, 0.012112), (0.01642, 0.02523, 0.007038), (0.0147319995, 0.025253998, 0.010029), (0.014672, 0.025067998, 0.004717), (0.01411, 0.02553, 0.00827), (0.012234, 0.025121, 0.006218), (0.01409101, 0.025391, 0.012352), (0.0125040095, 0.025157, 0.004264), (0.010885, 0.025287999, 0.010166), (0.013882999, 0.025253, 0.01434), (0.016965, 0.025566999, 0.015687), (0.011647, 0.02553, 0.013509999), (0.016351, 0.025516, 0.019407), (0.014586, 0.02571, 0.015958), (0.011619999, 0.025357, 0.016226), (0.012474, 0.025425, 0.018423), (0.017341, 0.02585, 0.022465), (0.014183, 0.025831, 0.019379), (0.017215, 0.026050998, 0.025348999), (0.014485, 0.025818998, 0.023750998), (0.018663, 0.026147999, 0.027198998), (0.01592, 0.025841998, 0.025260998), (0.020784011, 0.026205, 0.02924), (0.019452, 0.026354, 0.030458), (0.015111, 0.026045, 0.029028999), (0.020799, 0.02625, 0.033225), (0.017715, 0.025878, 0.028146999), (0.018902, 0.026545, 0.034639), (0.018585, 0.026174, 0.036881), (0.016987, 0.026091, 0.029827999), (0.016308, 0.026152, 0.032079), (0.017175, 0.026165, 0.033689), (0.017125, 0.026805999, 0.037735), (0.0144609995, 0.026294, 0.033272), (0.014986, 0.026211, 0.035988), (0.016303001, 0.026345, 0.040489), (0.014559999, 0.026321001, 0.038873997), (0.018418, 0.025144998, 0.041374), (0.016524, 0.025179999, 0.042409), (0.012937999, 0.026463998, 0.040913), (0.014139, 0.025541998, 0.042392995), (0.018173, 0.022446001, 0.044506002), (0.013911999, 0.024372999, 0.043982), (0.02026501, 0.021019999, 0.044917997), (0.016046999, 0.023432, 0.044208996), (0.01915801, 0.02034, 0.046392996), (0.012223001, 0.025478998, 0.043658998), (0.022788998, 0.018062, 0.047515996), (0.016003, 0.02084, 0.04705), (0.018849999, 0.018439999, 0.048747), (0.012722009, 0.023516, 0.045365), (0.014104, 0.02204, 0.046747997), (0.008737, 0.02399, 0.045770995), (0.013982, 0.019691, 0.049126), (0.012763999, 0.021152, 0.047568996), (0.0105719995, 0.022025, 0.047465), (0.010952999, 0.020480001, 0.049085002), (0.006779, 0.021723999, 0.048403), (0.009555, 0.025411, 0.044492), (0.006254, 0.025666, 0.044601), (0.008889, 0.0263, 0.043031), (0.009556, 0.02664, 0.041488), (0.010908, 0.026461, 0.039325), (0.009032, 0.026443997, 0.040057), (0.011256999, 0.026586, 0.037788), (0.012982, 0.026174, 0.036339), (0.0104869995, 0.02621, 0.036441), (0.01242, 0.026436, 0.034419), (0.008409, 0.026115999, 0.037320998), (0.010892, 0.025913, 0.033784), (0.008599, 0.026247, 0.035751), (0.007285, 0.026576, 0.039052), (0.005791, 0.026433, 0.040841997), (0.0045169997, 0.026127, 0.037796), (0.006255, 0.026161, 0.036041), (0.00488, 0.026693, 0.042335), (0.002935, 0.026379, 0.040726), (0.003813, 0.026068999, 0.044345003), (0.001831, 0.026494, 0.043491997), (0.0039669997, 0.023936, 0.046623997), (0.002199, 0.025162999, 0.045788996), (-0.00022199999, 0.026577, 0.042914), (0.002867, 0.022415, 0.048076), (-0.000063, 0.025922999, 0.044928998), (0.001117, 0.022603, 0.04804), (-0.00114799, 0.024000999, 0.046676), (-0.002558, 0.025648, 0.045005), (0.002897, 0.020745, 0.049773), (0.004254, 0.021164, 0.049441), (-0.00039799997, 0.020914, 0.049895), (0.0023929998, 0.019126, 0.051740997), (0.003608, 0.019459, 0.051062003), (0.004645, 0.019144999, 0.051666003), (0.006354, 0.019098, 0.051174), (0.0043619997, 0.016825, 0.053882997), (0.008262, 0.020061, 0.050093003), (0.006619, 0.017453998, 0.053214997), (0.008920999, 0.018423, 0.05179), (0.010187, 0.018893, 0.050713), (0.0121059995, 0.017051, 0.052509997), (0.0093510095, 0.015956, 0.05387), (0.007314, 0.014504, 0.055612), (0.01417, 0.017874, 0.050732), (0.005478, 0.014586999, 0.055538), (0.015786, 0.018329998, 0.050228998), (0.017128, 0.017033, 0.050658997), (0.01528, 0.016425, 0.052171998), (0.019935999, 0.015966, 0.051029), (0.017618, 0.015682999, 0.052176), (0.021062, 0.017258, 0.048927), (0.02321801, 0.015297, 0.050149), (0.02081601, 0.013251999, 0.052956), (0.016524, 0.014292, 0.053742997), (0.013905999, 0.015144, 0.053944), (0.011996999, 0.014969, 0.054263), (0.015605, 0.011526999, 0.056525), (0.009974, 0.013503999, 0.055822), (0.013677999, 0.011936999, 0.056511), (0.011453, 0.011782, 0.057145), (0.006522, 0.013588999, 0.056911), (0.009193, 0.01074, 0.058482), (0.013945, 0.009405, 0.058590002), (0.011767, 0.009276999, 0.058858998), (0.006772, 0.011604, 0.057880998), (0.009757, 0.008508, 0.059876997), (0.004401, 0.011332999, 0.058489), (0.006168, 0.009993, 0.059497997), (0.012434999, 0.007295, 0.060237996), (0.008192, 0.007813, 0.060771998), (0.009023, 0.005526, 0.061813995), (0.006559, 0.007712, 0.060723), (0.004848, 0.00879, 0.060707998), (0.0042459997, 0.007231, 0.061550997), (0.012479, 0.0055739996, 0.061293), (0.014696999, 0.005055, 0.060932998), (0.015231, 0.006594, 0.06025), (0.016981, 0.004819, 0.060686998), (0.016221, 0.007169, 0.059176), (0.01741601, 0.008292, 0.058428), (0.018971, 0.002223, 0.061692998), (0.020118, 0.0032089998, 0.060493), (0.019400999, 0.004824, 0.060069), (0.021705998, 0.002166, 0.060932998), (0.022297, 0.003127, 0.059506997), (0.020833999, 0.005875, 0.058333), (0.019222999, 0.007799, 0.058295), (0.024744999, 0.003086, 0.0589), (0.022641, 0.0055659995, 0.058394987), (0.02617, 0.003648, 0.057887), (0.029135, 0.001588, 0.05748), (0.024976, 0.004151, 0.057737), (0.02775, 0.003608, 0.057163), (0.03004, 0.003508, 0.055833), (0.026192, 0.0067379996, 0.055944), (0.02874801, 0.005044, 0.05559401), (0.030848, 0.004553, 0.055054996), (0.022132, 0.0068099997, 0.057389002), (0.030762, 0.0062929997, 0.054022), (0.032598, 0.0052389996, 0.053213), (0.021793999, 0.007656, 0.057400998), (0.032048, 0.006749, 0.052588), (0.033219, 0.008159, 0.051041998), (0.020118, 0.008012, 0.057259995), (0.02237, 0.008454, 0.056305997), (0.019436998, 0.0103629995, 0.056323), (0.015878, 0.009845, 0.057506997), (0.017653, 0.0123499995, 0.055093996), (0.021210998, 0.011375, 0.054393), (0.023064, 0.010742, 0.054495), (0.024714999, 0.011044, 0.053285997), (0.024595, 0.013818999, 0.051029), (0.025043001, 0.008344, 0.055361), (0.02607, 0.015096999, 0.048835), (0.028327, 0.008012, 0.053926), (0.026386999, 0.012839, 0.050814), (0.026833, 0.010992, 0.052537996), (0.030062, 0.009848, 0.0514), (0.028584, 0.013854999, 0.04879), (0.03206, 0.00975, 0.050185997), (0.03106801, 0.011568, 0.049654998), (0.030492, 0.012577999, 0.048802998), (0.027011, 0.016246, 0.047257), (0.035035, 0.0273, 0.026211), (0.036945, 0.026856, 0.025114), (0.034461997, 0.027399, 0.021705998), (0.039394, 0.026065, 0.023273), (0.037153, 0.027284998, 0.022115), (0.03897701, 0.027214998, 0.019852), (0.035981, 0.027356999, 0.017662), (0.042127, 0.023943, 0.021803), (0.041353002, 0.025824001, 0.020139), (0.043790996, 0.022395, 0.022114), (0.04422801, 0.023620998, 0.018213), (0.045689996, 0.021215, 0.021129), (0.045992, 0.021325, 0.019163), (0.048838, 0.019701999, 0.017482), (0.047251, 0.021215, 0.017434), (0.047058, 0.021452, 0.016037), (0.051464, 0.016901, 0.018455999), (0.049012005, 0.020367999, 0.014529999), (0.054001, 0.014987, 0.016291), (0.05262, 0.017149, 0.013958), (0.050285, 0.018904999, 0.014982), (0.055267, 0.013229, 0.01702), (0.054127987, 0.014758, 0.015140999), (0.054681, 0.014908, 0.014253), (0.05512701, 0.015289, 0.010031), (0.050296, 0.019427, 0.013834), (0.051983997, 0.018428, 0.010418), (0.056311, 0.014708, 0.0057419995), (0.053786997, 0.01708, 0.007844999), (0.055962, 0.0151269995, 0.002879), (0.054682996, 0.016246999, 0.0068139997), (0.055426, 0.016083, -0.00037099997), (0.055489, 0.016082, 0.005812), (0.055040997, 0.016014, 0.004586), (0.053327996, 0.018036999, 0.004762), (0.05468001, 0.016774999, 0.001772), (0.052916996, 0.018333, 0.002327), (0.052248996, 0.019526, -0.001109), (0.056137, 0.015071, -0.0046369997), (0.052912995, 0.018535, -0.002556), (0.055715, 0.014957, -0.0060399994), (0.05524901, 0.015593999, -0.00759), (0.05264, 0.018640999, -0.004766), (0.050208997, 0.020973999, -0.0033109998), (0.053392, 0.017058, -0.0093209995), (0.052105997, 0.018873, -0.007165), (0.049886998, 0.020683, -0.007861), (0.048513997, 0.022408, -0.0054909997), (0.04967801, 0.02079, -0.009551), (0.05387101, 0.016293, -0.012308), (0.050630998, 0.019111, -0.012526999), (0.051859997, 0.01751, -0.014713), (0.05382101, 0.015297, -0.016135), (0.048267, 0.021401998, -0.012266999), (0.050071, 0.018469, -0.017324999), (0.047719996, 0.021129, -0.016092), (0.055602998, 0.013200999, -0.0155609995), (0.053792, 0.014457999, -0.017886), (0.057034995, 0.010621, -0.017781), (0.051736012, 0.016115, -0.01936), (0.054482996, 0.013096, -0.019809), (0.057199996, 0.009943, -0.019631999), (0.054215, 0.0120210005, -0.022431), (0.058063995, 0.008054, -0.021019), (0.058979, 0.005465, -0.022839999), (0.056971997, 0.007551, -0.024228001), (0.05983301, 0.002946, -0.024626998), (0.055605, 0.009477, -0.024476), (0.056673996, 0.0062889997, -0.027165), (0.060791, -0.00030999997, -0.026454), (0.05323901, 0.010239, -0.027993), (0.061267998, -0.0045379996, -0.030158998), (0.05696701, 0.002966, -0.030615998), (0.05857001, -0.000494, -0.031383), (0.055068, 0.0056660003, -0.030806998), (0.05329, 0.0118700005, -0.025158), (0.055151, 0.004287, -0.032548), (0.052272, 0.014479, -0.022377), (0.053474996, 0.0041839997, -0.035147), (0.053177997, 0.007177, -0.032559), (0.051814005, 0.011668, -0.027975999), (0.056248, 0.00015699999, -0.034750998), (0.049668998, 0.015102, -0.026356999), (0.056835998, -0.002841, -0.0365), (0.050890997, 0.014719999, -0.024595), (0.058867, -0.0052539995, -0.03523), (0.049284007, 0.017402, -0.022053), (0.047905996, 0.017266, -0.025394), (0.048670996, 0.018809, -0.020169001), (0.045731, 0.019671, -0.024189), (0.04585001, 0.022106, -0.017374), (0.044705, 0.021921, -0.020769998), (0.04483201, 0.019087, -0.026821), (0.046167, 0.023008998, -0.0141630005), (0.042255, 0.021981, -0.025407), (0.046893, 0.01597, -0.029648999), (0.042109005, 0.019878, -0.029595999), (0.04992, 0.012945999, -0.029611), (0.05038, 0.010296, -0.032927997), (0.046878, 0.012792, -0.034404), (0.05061201, 0.007854, -0.035524), (0.048866, 0.0097469995, -0.035653), (0.050621, 0.0052429996, -0.038327), (0.05007901, 0.0068949996, -0.037042998), (0.047561, 0.0072129997, -0.040195998), (0.046669, 0.010821, -0.037227), (0.043186, 0.013890999, -0.037538998), (0.044999998, 0.010676, -0.039347), (0.044334, 0.015624, -0.034033), (0.044931002, 0.016509, -0.031307), (0.042744998, 0.017359, -0.033017002), (0.04216, 0.016238, -0.035671), (0.04018401, 0.019351, -0.033275), (0.041821998, 0.014157999, -0.038947), (0.039596, 0.018121, -0.035802), (0.041587, 0.012661999, -0.040875), (0.04024901, 0.017772, -0.036376), (0.039451, 0.016633, -0.038002998), (0.038285, 0.015268, -0.040976), (0.039862, 0.011165, -0.044313002), (0.037933, 0.017776, -0.038319997), (0.044826, 0.007702, -0.042797998), (0.037832, 0.019326, -0.036009), (0.048109002, 0.004135, -0.042347997), (0.037919, 0.020411, -0.034061998), (0.03544001, 0.018999, -0.038831998), (0.035143, 0.021280998, -0.036096998), (0.038482998, 0.021968, -0.030747), (0.035409, 0.023380999, -0.032226), (0.03993801, 0.022850001, -0.027302), (0.035972, 0.024853999, -0.029747), (0.037974, 0.024802, -0.027093), (0.039447997, 0.024763998, -0.025151), (0.040875, 0.024872998, -0.022465), (0.035777, 0.026407, -0.02728), (0.043179, 0.023525, -0.020651), (0.039222, 0.026649, -0.021642), (0.037567, 0.0267, -0.024451999), (0.04274001, 0.025727998, -0.016549999), (0.041127, 0.026721999, -0.017799), (0.044295996, 0.024896, -0.015187), (0.042740997, 0.026733, -0.013192), (0.04554901, 0.024172999, -0.011907), (0.045728996, 0.024716, -0.010153), (0.038993, 0.027139, -0.01948), (0.035465, 0.027385, -0.023942001), (0.039313998, 0.027423998, -0.015948), (0.035543, 0.027427, -0.020502), (0.033949997, 0.027273, -0.026967999), (0.031726, 0.02729, -0.023044), (0.034985002, 0.027160998, -0.015967999), (0.031271, 0.027014999, -0.018896), (0.031103, 0.027405, -0.026271999), (0.036361, 0.027235998, -0.013482999), (0.029409999, 0.027035998, -0.022402), (0.03931901, 0.027416999, -0.011692999), (0.042083997, 0.027321, -0.010325), (0.026372, 0.026901, -0.023307), (0.043755002, 0.026673999, -0.010448999), (0.028225997, 0.027218001, -0.027119998), (0.031884998, 0.026886, -0.015538), (0.03153, 0.026803998, -0.012388), (0.037104, 0.027174, -0.010043), (0.033694, 0.026914999, -0.008815), (0.033356, 0.026856, -0.005364), (0.036895, 0.027096, -0.005854), (0.040472, 0.027332, -0.009256), (0.035444, 0.027007, -0.002202), (0.041711997, 0.027392, -0.005619), (0.03854001, 0.027228998, -0.0034079999), (0.033616, 0.026968999, 0.002816), (0.038376, 0.027234001, 0.001409), (0.041631997, 0.027376, -0.00104), (0.044078, 0.026742, -0.0064649996), (0.04426301, 0.026907999, -0.002274), (0.040752, 0.027348999, 0.004024), (0.043011997, 0.027262999, 0.003901), (0.036507, 0.027158998, 0.005249), (0.040201, 0.027420001, 0.0073619997), (0.033894, 0.026976999, 0.007799), (0.038803, 0.0273, 0.009552), (0.04280301, 0.027060999, 0.00851), (0.029186001, 0.026686, 0.00425), (0.027444998, 0.026561, 0.006503), (0.030778999, 0.026895, 0.009961), (0.032931, 0.027123, 0.012662999), (0.028115999, 0.026842, 0.014414999), (0.032198, 0.027081, 0.015399999), (0.03655301, 0.027269, 0.011926), (0.039315, 0.027453998, 0.012639), (0.03887499, 0.027368, 0.015973), (0.04126801, 0.027028, 0.01526), (0.041494, 0.025859999, 0.018260999), (0.042333, 0.026045, 0.016995), (0.043129, 0.026159998, 0.0149), (0.043126997, 0.026610998, 0.012045999), (0.045124, 0.023965001, 0.014465999), (0.045896, 0.023954999, 0.012683999), (0.047477998, 0.021898998, 0.01429), (0.04542201, 0.024655001, 0.011282001), (0.046963, 0.022465, 0.012094), (0.048662, 0.021387998, 0.012348), (0.049148, 0.019942999, 0.013339), (0.044555, 0.026208, 0.01088), (0.050124995, 0.019816, 0.0113820005), (0.045012, 0.025702, 0.008982), (0.05191901, 0.018582, 0.008259), (0.048061, 0.021293001, 0.011019), (0.052384, 0.019015, 0.0059429994), (0.050349995, 0.02034, 0.008206), (0.047818013, 0.022444, 0.009899), (0.045110997, 0.024907, 0.010054999), (0.048010997, 0.022521999, 0.0081859995), (0.044787996, 0.026554, 0.005505), (0.04675, 0.024301, 0.0057039997), (0.045645, 0.026147999, 0.002361), (0.048446998, 0.022915, 0.002622), (0.04939001, 0.021649, 0.006085), (0.045588996, 0.026135001, -0.003082), (0.047863, 0.023431, -0.000352), (0.046924, 0.024488999, -0.003661), (0.045466006, 0.025843, -0.006059), (0.045945, 0.024733, -0.006366), (0.047565997, 0.023533, -0.005859), (0.050532, 0.020787, 0.000488), (0.051016998, 0.020472, 0.0030289998), (0.052821, 0.018915, 0.003654), (0.05185601, 0.019287, 0.0047069998), (0.059633, -0.02382, -0.052251007), (0.05902501, -0.024170998, -0.055177998), (0.058284, -0.023682, -0.054601), (0.055869002, -0.023887, -0.055529997), (0.060739998, -0.024503, -0.052677), (0.05790699, -0.025473, -0.050614998), (0.055278, -0.025241, -0.054204997), (0.061036, -0.023857, -0.049963), (0.055544, -0.02533, -0.05160501), (0.053365, -0.025418999, -0.054274), (0.061674, -0.0241, -0.050675), (0.052799, -0.024628, -0.052828), (0.050084, -0.023877999, -0.054369), (0.06349699, -0.025008999, -0.049126), (0.06300701, -0.02646, -0.048987), (0.053084, -0.023261001, -0.051125996), (0.050489, -0.021812, -0.052784), (0.048496988, -0.021073999, -0.054369), (0.056852, -0.025000999, -0.048968), (0.049758, -0.020267, -0.053303998), (0.04795101, -0.018631, -0.05466701), (0.052881997, -0.021270001, -0.050264), (0.055522997, -0.023285998, -0.048295002), (0.06018, -0.025727, -0.047666002), (0.057559006, -0.024156, -0.046603996), (0.056248, -0.021702, -0.046385), (0.063185, -0.023780998, -0.047102988), (0.060303997, -0.025364999, -0.045363996), (0.063951, -0.024238, -0.047865), (0.063007995, -0.025302999, -0.043948002), (0.066215, -0.024946999, -0.045440998), (0.066268, -0.023864998, -0.043743), (0.067853995, -0.023748, -0.040368), (0.064943, -0.027019, -0.045181997), (0.06280401, -0.027255, -0.045894988), (0.062083, -0.026891, -0.044766996), (0.068343006, -0.024992999, -0.042445), (0.06724, -0.026594998, -0.042704), (0.06531, -0.027177999, -0.042273), (0.069693, -0.024542999, -0.039933), (0.069551006, -0.026159, -0.039228), (0.067627005, -0.027107, -0.040166996), (0.063523, -0.026127, -0.040151), (0.060891, -0.025183998, -0.041125), (0.066133, -0.026731, -0.037182), (0.063156, -0.025443, -0.038187), (0.061355, -0.022539, -0.037896), (0.062624, -0.023938999, -0.036682), (0.062803, -0.02184, -0.03529), (0.064004995, -0.024858998, -0.035866998), (0.065634996, -0.025339, -0.03303), (0.063629985, -0.022231, -0.033204), (0.06467901, -0.020808998, -0.03115), (0.065783, -0.023487, -0.030413), (0.066444, -0.022938, -0.027995998), (0.066480994, -0.025264999, -0.031423), (0.067667, -0.023652999, -0.027383), (0.067883, -0.024869, -0.027709998), (0.068466, -0.024818, -0.025555), (0.070012, -0.026385, -0.027323999), (0.069056, -0.026653, -0.031010998), (0.068921, -0.027058998, -0.034169), (0.07146, -0.027293, -0.030353), (0.073240004, -0.027302, -0.026166998), (0.068633996, -0.027126, -0.036947), (0.070754, -0.027187, -0.033859), (0.070838995, -0.026551, -0.036116), (0.07357299, -0.026849, -0.029895999), (0.072493, -0.026438998, -0.033311), (0.071302, -0.025023, -0.037204), (0.072585, -0.024628, -0.034822), (0.07036601, -0.023784, -0.036215), (0.073996, -0.024914, -0.031744), (0.072227, -0.023740001, -0.03213), (0.066362, -0.025525998, -0.038341), (0.069922, -0.02529, -0.032642), (0.062395, -0.025222, -0.042579997), (0.067448, -0.025323, -0.033692997), (0.059049, -0.023729, -0.04429501), (0.06395401, -0.025065, -0.039265), (0.061595, -0.024043, -0.040811), (0.058817, -0.021447, -0.04305), (0.062353, -0.022679998, -0.03818), (0.064738, -0.024061998, -0.036026), (0.060244, -0.020193998, -0.041001), (0.064474, -0.022025999, -0.034373), (0.066245995, -0.023568, -0.032072), (0.058373008, -0.019962, -0.043737), (0.062831, -0.018950999, -0.036537), (0.05573801, -0.019048, -0.046657), (0.05815, -0.01587, -0.042428), (0.061288998, -0.016972, -0.038165), (0.054227, -0.020337999, -0.048773997), (0.052470997, -0.017814, -0.04999), (0.056192998, -0.01497, -0.044671997), (0.049167998, -0.016188, -0.052658), (0.053691, -0.014555, -0.047543), (0.04710101, -0.013498, -0.053824), (0.045645, -0.016323, -0.055847008), (0.044345003, -0.012667, -0.055847995), (0.05061201, -0.012391999, -0.050149996), (0.046645, -0.010492999, -0.05317101), (0.043720998, -0.009138, -0.054997), (0.046147007, -0.008555, -0.052635986), (0.052481998, -0.01067, -0.047383), (0.045752008, -0.0066829994, -0.051872), (0.049158, -0.008013, -0.049592998), (0.044085, -0.005163, -0.052681997), (0.041339997, -0.0063300002, -0.055595998), (0.0478, -0.005547, -0.049542), (0.040819995, -0.0027509998, -0.053887), (0.050307002, -0.0063639996, -0.047385), (0.047686, -0.0034639998, -0.04819201), (0.04469201, -0.002773, -0.050623998), (0.04077401, 0.000406, -0.051904995), (0.037417, 0.0022759999, -0.053212), (0.042999, 0.000666, -0.050137), (0.042399, 0.002328, -0.049289998), (0.044977, 0.00029599998, -0.048319), (0.03962901, 0.0038119997, -0.05076301), (0.035722997, 0.004791, -0.052913997), (0.04441101, 0.003472, -0.046750996), (0.047562998, -0.000247, -0.046243), (0.050707, -0.0038229998, -0.045307998), (0.041177, 0.005496, -0.048118), (0.052945, -0.00546, -0.043811), (0.039414, 0.00537, -0.04940001), (0.05287501, -0.008319, -0.045781), (0.037156, 0.006226, -0.050680008), (0.056087, -0.008335, -0.041753), (0.035367, 0.007161, -0.05144), (0.033687, 0.0065069995, -0.05274199), (0.032438, 0.007991999, -0.052638996), (0.039611, 0.007121, -0.04830601), (0.038048, 0.008546, -0.04798901), (0.042628013, 0.007142, -0.045427), (0.033366, 0.008853, -0.05113899), (0.045094006, 0.004991, -0.04466001), (0.03526101, 0.010559999, -0.048613), (0.03220201, 0.012193, -0.049148), (0.029439, 0.0107350005, -0.051987), (0.03768301, 0.011272, -0.045799997), (0.029945, 0.013057999, -0.049913995), (0.027178999, 0.014239999, -0.05043), (0.03389201, 0.013719999, -0.046329003), (0.029527, 0.015124, -0.04775399), (0.030633999, 0.015944, -0.046522997), (0.028605001, 0.016531, -0.047136), (0.02572101, 0.016813, -0.04835099), (0.026483, 0.017923, -0.04659801), (0.024017, 0.019388, -0.046451997), (0.028330008, 0.019630998, -0.043369997), (0.02570301, 0.020729, -0.043665998), (0.024199, 0.021509, -0.043436997), (0.02553401, 0.021958001, -0.041801), (0.022555001, 0.023204999, -0.042363), (0.027105, 0.021463001, -0.042257), (0.027221998, 0.021918999, -0.041107997), (0.024395999, 0.025105, -0.039605), (0.023018999, 0.025014998, -0.04007401), (0.028577, 0.023657998, -0.038334), (0.030306999, 0.021809999, -0.039415), (0.031047, 0.018451, -0.043238), (0.031767, 0.021287, -0.038822997), (0.033261, 0.015497, -0.045138996), (0.032043, 0.01978, -0.040788002), (0.037051, 0.013701, -0.04395), (0.03491601, 0.016626, -0.042464998), (0.033322, 0.018042, -0.042042997), (0.032187, 0.022641, -0.036626), (0.039456997, 0.009523, -0.046474), (0.045992, 0.004039, -0.044881), (0.047638, 0.0014049999, -0.044998996), (0.050328996, 0.002568, -0.040864), (0.050442, -0.0017169999, -0.044184998), (0.051241, 0.00071299996, -0.041403998), (0.0523, 0.0029789999, -0.037811), (0.053376, 0.002048, -0.03752), (0.054918006, -0.001277, -0.038074996), (0.053662, -0.0039109997, -0.041788), (0.055947, -0.004917, -0.039483998), (0.057639997, -0.0068679997, -0.038603), (0.059752, -0.0100960005, -0.037453998), (0.061656997, -0.009581, -0.03384), (0.058511, -0.01279, -0.040695), (0.06359601, -0.010402, -0.030624), (0.06127201, -0.01335, -0.036696), (0.064380996, -0.009179, -0.027911), (0.064004995, -0.013431, -0.031814), (0.06600601, -0.008742, -0.023255), (0.066098996, -0.012163, -0.026122998), (0.067548, -0.010844001, -0.020858), (0.069059, -0.012347, -0.017288), (0.068168, -0.016988, -0.023906), (0.071038, -0.016703, -0.012735999), (0.069125, -0.0153169995, -0.019601999), (0.06644, -0.016784, -0.028067999), (0.064489, -0.016301, -0.032076), (0.06792, -0.019503, -0.026099999), (0.065728, -0.019232, -0.030992), (0.056427002, -0.011545, -0.04310801), (0.065690994, -0.021580998, -0.031386998), (0.067526, -0.02075, -0.02719), (0.068289004, -0.023539, -0.027576), (0.068803, -0.021979, -0.024402), (0.069443, -0.025198, -0.029098999), (0.069382, -0.024051001, -0.02528), (0.07011301, -0.025487999, -0.030216), (0.071805, -0.025423998, -0.023965001), (0.072814, -0.025485, -0.025143001), (0.07089301, -0.024402, -0.021745), (0.07262001, -0.025364999, -0.020417), (0.070902005, -0.023223, -0.019274), (0.069421, -0.019004, -0.021294), (0.070589, -0.019141, -0.01752), (0.071038, -0.021889, -0.016622), (0.072877, -0.025215, -0.017181), (0.071792, -0.021458, -0.013111), (0.074382, -0.025604, -0.019732999), (0.072553, -0.024165, -0.014979), (0.072482, -0.023589998, -0.01353), (0.07181399, -0.019607, -0.012043), (0.072496, -0.022658998, -0.009845), (0.073354, -0.024519, -0.011654), (0.074916005, -0.02552, -0.011508), (0.07218599, -0.020611998, -0.009516999), (0.071809, -0.017851999, -0.009197), (0.072863, -0.021932, -0.0067479997), (0.072086, -0.016592, -0.003238), (0.07245, -0.019758, -0.00614), (0.07358699, -0.024017999, -0.007623), (0.072785, -0.022442998, -0.005132), (0.073607996, -0.023515, -0.00451), (0.072652996, -0.019779, -0.003301), (0.073304, -0.022934, -0.001938), (0.07198201, -0.016325999, 0.00081699993), (0.07274601, -0.0194, 0.00037599998), (0.072821, -0.021182999, 0.002413), (0.072854996, -0.022427, 0.0066589997), (0.073606, -0.023734, 0.00282), (0.07491399, -0.024814999, -0.0022480001), (0.07309, -0.023896, 0.010333), (0.074788995, -0.025000999, -0.00468), (0.075779, -0.025475, 0.0028529998), (0.074601, -0.025028998, -0.008575), (0.076825, -0.025577, -0.000542), (0.076386996, -0.025507, -0.0059309998), (0.076403, -0.025481999, -0.009043), (0.074248, -0.024453001, 0.0058509996), (0.076678, -0.025441999, 0.005722), (0.074328996, -0.025039999, 0.0092629995), (0.075471, -0.025307, 0.007808), (0.075693995, -0.025364999, 0.0110639995), (0.072964005, -0.024653, 0.01299), (0.072726995, -0.024098, 0.014156999), (0.077923, -0.02375, 0.011636999), (0.078074984, -0.023771998, 0.009095), (0.07863201, -0.023961999, 0.004043), (0.07862401, -0.024040999, -0.000081), (0.077624, -0.025129, -0.002864), (0.078788005, -0.024166, -0.003339), (0.07939001, -0.024208, -0.004415), (0.079094, -0.023620998, -0.006261), (0.08058201, -0.024981, -0.0073479996), (0.0784, -0.024202999, -0.007796), (0.079654984, -0.024293, -0.008281), (0.078117, -0.024068998, -0.010734), (0.078993, -0.026783999, -0.009385), (0.079071, -0.024456998, -0.012096), (0.07960701, -0.025657, -0.011142), (0.078315005, -0.026858998, -0.014315999), (0.079205, -0.025085999, -0.014759), (0.077477984, -0.024015, -0.014076999), (0.077204, -0.026902, -0.019035999), (0.078244, -0.025436, -0.018579), (0.075315, -0.027158, -0.022881), (0.077025, -0.026354998, -0.022), (0.07478401, -0.026803, -0.027054999), (0.076000996, -0.02499, -0.026728999), (0.077308, -0.024842998, -0.023162), (0.07794, -0.024472, -0.018992), (0.075761996, -0.023822999, -0.024159), (0.074147, -0.023822999, -0.027741998), (0.077405006, -0.024014, -0.017546), (0.075842, -0.024084998, -0.02128), (0.075636, -0.025560997, -0.014834), (0.033469, 0.025927, -0.031267), (0.032016, 0.027198998, -0.029857999), (0.032739997, 0.024395999, -0.033776), (0.031408, 0.026198, -0.032996), (0.030425, 0.025199, -0.034939), (0.028738998, 0.026070999, -0.035696), (0.029916998, 0.027321, -0.030603), (0.026914999, 0.027023, -0.034704998), (0.026888, 0.027411, -0.03147), (0.062091988, -0.0020599999, -0.022258), (0.061023995, 0.000064, -0.021807998), (0.06186901, -0.001769, -0.021135999), (0.059829995, 0.0040889997, -0.02065), (0.05822, 0.004944, -0.022160001), (0.059485998, 0.004932, -0.018706), (0.056416996, 0.00764, -0.022627), (0.057685997, 0.0074839997, -0.02036), (0.055157006, 0.0105719995, -0.02073), (0.056065, 0.008506, -0.021094998), (0.058555, 0.0072359997, -0.017483), (0.056451995, 0.009382, -0.019479001), (0.055665, 0.010455, -0.018401), (0.057621997, 0.009195, -0.016695), (0.05494401, 0.012557, -0.016219), (0.053246003, 0.013514, -0.018397), (0.05220601, 0.014542, -0.019709), (0.050285, 0.017037999, -0.016671), (0.05064801, 0.017882, -0.014276), (0.052073997, 0.016151, -0.015397), (0.053406, 0.014737999, -0.014048), (0.055768006, 0.011770999, -0.014172999), (0.05638401, 0.012084, -0.011980999), (0.05829401, 0.008895, -0.013929999), (0.057523012, 0.009894, -0.013273999), (0.058596, 0.009498999, -0.011941), (0.060229, 0.006114, -0.0132949995), (0.060309, 0.0055319997, -0.015366999), (0.061248, 0.004081, -0.015923), (-0.033458, -0.026356999, -0.070661), (-0.030941, -0.026136, -0.070472986), (-0.034319, -0.026089, -0.069086), (-0.028233, -0.024772, -0.069095), (-0.032449, -0.025067998, -0.067995), (-0.035981, -0.024883999, -0.065524995), (-0.038083997, -0.025060998, -0.064682), (-0.031006, -0.023882998, -0.067009), (-0.039602, -0.024447, -0.062877), (-0.028735999, -0.023134, -0.067391), (-0.032867998, -0.022945, -0.065328), (-0.029956, -0.020861, -0.06568899), (-0.026461998, -0.022256998, -0.067776985), (-0.028241, -0.020294001, -0.066585), (-0.023187, -0.01969, -0.068340994), (-0.025009999, -0.017894, -0.06735), (-0.028589, -0.018041, -0.065876), (-0.026449, -0.015729, -0.066504), (-0.022093998, -0.015295, -0.067779996), (-0.020236999, -0.020201001, -0.069364), (-0.022327999, -0.01764, -0.068406), (-0.017632, -0.019942999, -0.070033), (-0.019603, -0.014845001, -0.068531), (-0.017484, -0.016873999, -0.069545), (-0.018322, -0.016026, -0.06882999), (-0.014713, -0.015225, -0.069811985), (-0.016478999, -0.012625999, -0.068611), (-0.01407, -0.018540999, -0.070708), (-0.013838, -0.013613, -0.069713995), (-0.01167, -0.020202998, -0.07139599), (-0.012138999, -0.015283999, -0.070239), (-0.011784, -0.017769, -0.070688), (-0.00993, -0.021003, -0.071789995), (-0.009946, -0.017484, -0.071077995), (-0.010396, -0.013158999, -0.069942), (-0.012956, -0.011371, -0.069152996), (-0.007504, -0.015765999, -0.070886), (-0.00837, -0.017744, -0.071023), (-0.0058759996, -0.019664, -0.071894), (-0.007444, -0.022612, -0.072432), (-0.006406, -0.017586, -0.071437), (-0.003697, -0.019875, -0.0719), (-0.004541, -0.024144001, -0.073672), (-0.004783, -0.022415, -0.072987996), (-0.00256299, -0.021684, -0.072448), (-0.002209, -0.023605999, -0.07358899), (0.00033799998, -0.023999, -0.073733), (0.00046399998, -0.022031, -0.072547), (-0.002793, -0.01807, -0.07165), (0.003309, -0.023566, -0.073133), (0.001938, -0.022193, -0.072999), (0.004721, -0.021905998, -0.072435), (0.0021179998, -0.020469, -0.072108984), (0.000312, -0.018412, -0.071972996), (0.003158, -0.018555999, -0.071968004), (0.0058299997, -0.01838, -0.071708), (0.003671, -0.016074, -0.071249), (-0.002439, -0.0155340005, -0.071338), (0.002389, -0.013676999, -0.070999995), (-0.003898, -0.014479999, -0.070886), (0.00041101, -0.014159, -0.070946), (-0.00269, -0.013909, -0.07052299), (-0.000298, -0.011113999, -0.07025599), (-0.005151, -0.010829, -0.069781), (-0.006643, -0.0129579995, -0.070281), (-0.008688, -0.010757, -0.069501), (-0.011595, -0.010039999, -0.068653), (-0.007573, -0.008293, -0.068826), (-0.014578, -0.009412999, -0.068185), (-0.010883, -0.008711, -0.068787985), (-0.012522, -0.007577, -0.067899995), (-0.017741999, -0.008979999, -0.067187), (-0.009368, -0.006628, -0.067937), (-0.018532999, -0.011481, -0.067879), (-0.014412, -0.00782, -0.06746599), (-0.020533, -0.012659, -0.067361996), (-0.02046, -0.009772, -0.066922), (-0.022174, -0.013223999, -0.067407995), (-0.023192, -0.012852, -0.066715986), (-0.018362999, -0.0069099995, -0.066382), (-0.023954999, -0.010392999, -0.065833), (-0.020669, -0.008697, -0.066325), (-0.025434999, -0.013415, -0.066219), (-0.028536998, -0.01501, -0.06539499), (-0.025731001, -0.010606, -0.06515), (-0.021707999, -0.006765, -0.065186), (-0.031127999, -0.018710999, -0.064884), (-0.024828, -0.0075379997, -0.064691), (-0.019431999, -0.004574, -0.064806), (-0.023457, -0.006455, -0.064109), (-0.016129, -0.004137, -0.065553), (-0.022753999, -0.004562, -0.064052), (-0.02422, -0.004855, -0.063498996), (-0.026233999, -0.008723999, -0.06410399), (-0.020027, -0.003005, -0.06396), (-0.028908998, -0.011667, -0.064327), (-0.026391, -0.0065439995, -0.06317699), (-0.030018998, -0.01444, -0.064331), (-0.028297998, -0.009603, -0.063887), (-0.032867, -0.013104, -0.062869), (-0.032406, -0.010501999, -0.06225901), (-0.031587, -0.014658, -0.063996), (-0.033308, -0.017223999, -0.063710995), (-0.034231, -0.016438, -0.062672), (-0.032701, -0.020316, -0.064482), (-0.033503998, -0.011868, -0.062031), (-0.034879997, -0.022351999, -0.06398499), (-0.035775002, -0.021509, -0.062983), (-0.037154, -0.023324, -0.063447), (-0.035382, -0.019693, -0.062901), (-0.037768, -0.021816999, -0.062174), (-0.040792998, -0.022586, -0.06064301), (-0.036252, -0.016982, -0.061871998), (-0.036809, -0.019165, -0.061674997), (-0.04024, -0.020952, -0.060103), (-0.038066, -0.016395, -0.06064), (-0.039672997, -0.018957, -0.060244), (-0.040654, -0.018279, -0.059228), (-0.042646997, -0.021705998, -0.05874), (-0.041637, -0.024117, -0.061173), (-0.043937, -0.023915999, -0.059690997), (-0.043843, -0.022974, -0.058294), (-0.04527, -0.024275, -0.058732), (-0.047052998, -0.023661, -0.056546997), (-0.044745997, -0.021805998, -0.057266995), (-0.043139, -0.020237999, -0.057827007), (-0.049349997, -0.024565, -0.055991), (-0.042557, -0.017993, -0.05794701), (-0.052112002, -0.024567999, -0.053313), (-0.049560998, -0.023503, -0.054339), (-0.047161, -0.020729, -0.055125996), (-0.044194, -0.019512, -0.056636), (-0.048244, -0.020485999, -0.053579997), (-0.046648998, -0.018334, -0.054622002), (-0.051319998, -0.022927, -0.05242), (-0.049418, -0.021944, -0.053783), (-0.052114, -0.023108, -0.051216986), (-0.051124, -0.020313999, -0.051557), (-0.049938, -0.02055, -0.05228), (-0.048846997, -0.018668, -0.053196996), (-0.049956996, -0.017314, -0.051145), (-0.052075, -0.01922, -0.049803), (-0.055345997, -0.024737, -0.050222997), (-0.05336, -0.021350998, -0.049038), (-0.060723, -0.025987, -0.047861), (-0.054867, -0.022901, -0.048330996), (-0.063387, -0.025378, -0.042041), (-0.064063, -0.024384, -0.038266998), (-0.059683997, -0.025055999, -0.046164997), (-0.056276996, -0.024110999, -0.048155), (-0.062206995, -0.023675999, -0.039621), (-0.063688, -0.023552, -0.036799), (-0.060870998, -0.024136, -0.042212), (-0.058979, -0.023516, -0.043944), (-0.059694, -0.022653, -0.041938), (-0.057416, -0.022344999, -0.044559002), (-0.05688, -0.023122, -0.046067), (-0.055947, -0.023227999, -0.046839), (-0.055825, -0.020327, -0.045211), (-0.054576997, -0.020662, -0.047601), (-0.056774, -0.019667, -0.044351), (-0.055176, -0.018301, -0.046051998), (-0.052287, -0.016239999, -0.048699997), (-0.059773, -0.021057999, -0.041026), (-0.056334, -0.017393, -0.044015), (-0.06142, -0.021652998, -0.038886998), (-0.057148, -0.015624, -0.042861), (-0.062336, -0.020833, -0.036539998), (-0.062752, -0.021303, -0.035634), (-0.063469, -0.019528, -0.034257), (-0.058397003, -0.017973, -0.041472998), (-0.059731, -0.019428, -0.040114), (-0.061083, -0.018041, -0.037955), (-0.061889, -0.016918, -0.036078997), (-0.059495, -0.017209, -0.040266), (-0.060014, -0.014541, -0.038190998), (-0.058999, -0.013560999, -0.039706998), (-0.057592, -0.013463, -0.041198), (-0.058857996, -0.009862999, -0.037586), (-0.056027003, -0.011959, -0.042448), (-0.056805, -0.009771, -0.040724), (-0.055515997, -0.014645999, -0.044650998), (-0.053967997, -0.015005999, -0.046152), (-0.054559, -0.012122001, -0.04479), (-0.055433, -0.008431, -0.041820996), (-0.052723996, -0.012801, -0.047429), (-0.05278, -0.009265, -0.045353997), (-0.053892, -0.007735, -0.043558996), (-0.051358998, -0.011885, -0.048354), (-0.054615002, -0.0063929996, -0.041449), (-0.056311, -0.0070749996, -0.039809), (-0.058056995, -0.008468, -0.038218997), (-0.057423, -0.0065409997, -0.038099), (-0.057729997, -0.005474, -0.036352), (-0.056269996, -0.004657, -0.037928), (-0.054837998, -0.0050069997, -0.040402003), (-0.053643998, -0.004088, -0.0409), (-0.052505, -0.0063969996, -0.043873), (-0.052476, -0.003939, -0.042852998), (-0.050851997, -0.0056919996, -0.045781), (-0.05026, -0.0034400001, -0.045188), (-0.053159997, -0.003091, -0.041241996), (-0.049473, -0.007598, -0.048343), (-0.053185, -0.002298, -0.04033), (-0.051473998, -0.002079, -0.042090997), (-0.050510995, -0.002924, -0.044078), (-0.048397, -0.0019050001, -0.045831997), (-0.048555996, -0.000304, -0.044331003), (-0.048676, -0.003725, -0.046880998), (-0.046414, -0.000594, -0.046985), (-0.048611, -0.006176, -0.048007), (-0.046699, 0.000685, -0.045577), (-0.046990998, -0.005288, -0.049381997), (-0.048281003, 0.0016869999, -0.043130998), (-0.044889998, 0.002035, -0.04647901), (-0.045216996, -0.001086, -0.048564), (-0.046364002, -0.003538, -0.049064998), (-0.043936, -0.0021529999, -0.050458986), (-0.043477997, -0.000719, -0.049601), (-0.042147003, 0.00070200005, -0.050089), (-0.039665997, -0.000238, -0.052522), (-0.042894, -0.003643, -0.052094996), (-0.045151, -0.00593, -0.051475), (-0.04742, -0.0075379997, -0.05041), (-0.044001997, -0.007434, -0.053263), (-0.049032997, -0.010052, -0.049707998), (-0.046579998, -0.009258, -0.051679), (-0.049991, -0.010088, -0.049186986), (-0.048070997, -0.010015, -0.050929997), (-0.050141, -0.01328, -0.050191), (-0.047564, -0.013193, -0.05208), (-0.049822997, -0.0149799995, -0.050679002), (-0.051193, -0.016159, -0.050155986), (-0.046332996, -0.011049, -0.052959997), (-0.048704, -0.016121, -0.052637), (-0.047926996, -0.014479999, -0.05258801), (-0.047036, -0.01609, -0.05360101), (-0.045938, -0.016738, -0.055128), (-0.045588996, -0.014285999, -0.054711998), (-0.044099, -0.015413, -0.055950988), (-0.044834, -0.010268, -0.053792), (-0.042664, -0.011604, -0.055964988), (-0.042968996, -0.0154719995, -0.05724401), (-0.041102, -0.013474999, -0.057625998), (-0.040026, -0.014909, -0.05885201), (-0.038721, -0.011754, -0.059021007), (-0.037411, -0.013898999, -0.060237996), (-0.036094, -0.01181, -0.060742002), (-0.03686, -0.009764, -0.059661996), (-0.03416, -0.008483999, -0.060624998), (-0.035460997, -0.0071329996, -0.059095), (-0.039548, -0.00963, -0.057553), (-0.031777, -0.007009, -0.061167), (-0.032104, -0.0046389997, -0.059741996), (-0.038875, -0.0065619997, -0.056883987), (-0.035791, -0.005091, -0.058043998), (-0.030227, -0.004189, -0.060316), (-0.033281, -0.003026, -0.058307), (-0.037844, -0.005699, -0.056716997), (-0.036184, -0.0030669998, -0.056451995), (-0.039635997, -0.005166, -0.055012997), (-0.037493996, -0.00232, -0.055395987), (-0.041091, -0.006958, -0.055283997), (-0.040870998, -0.0043599997, -0.053969998), (-0.042607997, -0.008932999, -0.055021), (-0.042055, -0.0065289997, -0.053946998), (-0.039846998, -0.001941, -0.05332601), (-0.036964, -0.000316, -0.054396), (-0.034234, 0.000845, -0.055683), (-0.038078, 0.001295, -0.052943986), (-0.036569, 0.0021809998, -0.053172), (-0.039242998, 0.0024179998, -0.050991), (-0.033011, 0.0034689999, -0.054696996), (-0.042178996, 0.0022139999, -0.048716996), (-0.034695998, 0.005097, -0.052778), (-0.039468996, 0.0045129997, -0.049759), (-0.030873999, 0.0043079997, -0.055513), (-0.036965, 0.006348, -0.050184), (-0.032268, 0.00063799997, -0.056877), (-0.031735, -0.000674, -0.057466), (-0.030406, -0.000238, -0.058336), (-0.028939, 0.0034259998, -0.056925986), (-0.028417, -0.00040299998, -0.059582), (-0.028461998, 0.001145, -0.058103997), (-0.027246999, 0.003021, -0.05813601), (-0.02874, -0.0046639997, -0.06156), (-0.026047, 0.001619, -0.059389), (-0.029814998, -0.0077219997, -0.062533), (-0.030555999, -0.009562, -0.062364995), (-0.025032, -0.003845, -0.062786), (-0.026896998, -0.001402, -0.060935), (-0.026475, -0.0029379998, -0.061444998), (-0.025587998, -0.000113, -0.060571987), (-0.022746, -0.00095099997, -0.061767995), (-0.022983, 0.000421, -0.06130401), (-0.023584, 0.002008, -0.05978), (-0.021847999, -0.002432, -0.063033), (-0.020765, -0.000533, -0.062574), (-0.021591999, 0.002196, -0.060819995), (-0.022701, 0.004464, -0.059078), (-0.01856, 0.0025769998, -0.061600998), (-0.025657998, 0.005619, -0.057238), (-0.018809, -0.000259, -0.063038), (-0.019763, 0.004553, -0.059959996), (-0.016328, 0.002599, -0.061959), (-0.018733999, -0.0018359999, -0.06373301), (-0.015741, 0.004317, -0.061481), (-0.015346, 0.0017789999, -0.06310901), (-0.017876, -0.0033649998, -0.064504996), (-0.016041, -0.00048599998, -0.063897), (-0.018808, -0.002011, -0.063776), (-0.018808, -0.00201, -0.063776), (-0.018772, -0.001923, -0.063754), (-0.013717999, 0.001619, -0.06334), (-0.012944, -0.000586, -0.064553), (-0.013273999, -0.002072, -0.065465), (-0.014471, -0.004823, -0.066289), (-0.012103, -0.003076, -0.065760985), (-0.012642999, -0.00532, -0.066741996), (-0.010213999, -0.003929, -0.066585), (-0.008799, -0.004863, -0.06705299), (-0.008986, -0.00049199996, -0.065265), (-0.0074730003, -0.0052499995, -0.06774199), (-0.007684, -0.0031009999, -0.066332), (-0.0069989995, 0.000151, -0.065003), (-0.006553, -0.0076059997, -0.068448), (-0.004268, -0.0060839998, -0.068403), (-0.004781, -0.008514, -0.069136), (-0.0026879997, -0.008565, -0.069147), (-0.002128, -0.0055119996, -0.068036996), (-0.004419, -0.004576, -0.067407995), (-0.0014910001, -0.0073689995, -0.069011), (-0.004991, -0.0019939998, -0.06625), (0.00071299996, -0.008024, -0.069103986), (-0.000223, -0.006803, -0.068256), (0.00033599997, -0.004172, -0.067662), (0.003441, -0.008528, -0.06917), (0.002048, -0.005856, -0.06822399), (-0.00077299995, -0.002874, -0.066637), (0.001045, -0.0031249998, -0.06665299), (-0.003319, -0.0033180001, -0.067122996), (-0.0015659999, -0.001014, -0.065907), (0.001847, -0.00065999996, -0.06543599), (0.002978, -0.0029, -0.06705299), (0.004926, -0.0053359997, -0.067799), (0.0033689998, -0.006402, -0.067972995), (0.005543, -0.0012439999, -0.065851994), (0.0050489996, -0.007194, -0.067984), (0.003509, 0.001189, -0.064956), (0.006463, -0.009834, -0.069435), (0.006811, -0.0072939997, -0.068422996), (0.0070319995, -0.00387, -0.066952996), (0.004262, -0.011785001, -0.070151), (0.006545, -0.014227999, -0.070699), (0.007931, -0.017003, -0.070921), (0.009461, -0.014859, -0.070566), (0.009773999, -0.011778001, -0.069727995), (0.010880999, -0.013993, -0.069869995), (0.009759, -0.008698, -0.068719), (0.013634999, -0.014072999, -0.06961599), (0.012571, -0.012053, -0.069463), (0.012128, -0.008898, -0.068339996), (0.013947, -0.010434999, -0.068394996), (0.008348, -0.008351, -0.068359986), (0.009306, -0.0056410003, -0.067596), (0.0080969995, -0.006538, -0.067593), (0.014257999, -0.0069999998, -0.067287), (0.011582, -0.00656, -0.067294), (0.008312, -0.0028479998, -0.06651), (0.010869999, -0.005346, -0.06644), (0.0078109996, -0.00012699999, -0.065165), (0.010113999, -0.003477, -0.06620799), (0.012531, -0.0041879998, -0.066213004), (0.010102009, -0.0019689999, -0.06505), (0.011995, -0.0016889999, -0.065128), (0.014838, -0.00404, -0.065682), (0.014428, -0.002088, -0.064999), (0.01159, 0.000696, -0.06407001), (0.0135739995, -0.0013230001, -0.064123996), (0.009174, 0.0014300001, -0.06416101), (0.013216999, 0.000482, -0.064078994), (0.015187, -0.000242, -0.063735), (0.014198999, 0.0021549999, -0.062378995), (0.011247999, 0.00268, -0.062946), (0.007695, 0.0013369999, -0.064078994), (0.0061, 0.0030099999, -0.063722), (0.006731, 0.004135, -0.062584), (0.002836, 0.0033459999, -0.063463), (0.004311, 0.004121, -0.063161), (0.000162, 0.00077600003, -0.065294), (0.004505, 0.006344, -0.061745), (0.00032999998, 0.0046579996, -0.06306701), (-0.001533, 0.00073399994, -0.064817), (-0.0032179998, 0.00057599996, -0.06516), (-0.001973, 0.002829, -0.064092994), (-0.004683, 0.0027289998, -0.064046994), (-0.0055909995, -0.00035999998, -0.065124), (-0.001402, 0.007181, -0.061444), (-0.0077469996, 0.0017829998, -0.064078994), (-0.010454, 0.001005, -0.06421499), (-0.005304, 0.0058969995, -0.062115), (-0.011373, 0.0018539999, -0.06337899), (-0.00921, 0.002743, -0.063672), (-0.011146999, 0.004445, -0.062425997), (-0.009599, 0.003725, -0.062734), (-0.011676, 0.005699, -0.061445996), (-0.008595, 0.005997, -0.06182199), (-0.0074409996, 0.0061619994, -0.061414998), (-0.008025, 0.0077539994, -0.060724), (-0.009625, 0.008366, -0.060001995), (-0.013308, 0.0066869995, -0.060255997), (-0.011045999, 0.009448, -0.0591), (-0.016819, 0.006799, -0.059678), (-0.014922, 0.009098, -0.058484), (-0.019488, 0.0076719997, -0.058168), (-0.016813, 0.008216, -0.05855801), (-0.016811, 0.010697, -0.056855995), (-0.022464002, 0.0066199997, -0.057747986), (-0.020848999, 0.008646, -0.056748), (-0.026247999, 0.007009, -0.056023), (-0.023496998, 0.008843, -0.05593699), (-0.019394, 0.011466, -0.055229995), (-0.021732999, 0.010182, -0.055837996), (-0.024658998, 0.009247, -0.054732), (-0.021738, 0.011418, -0.054109987), (-0.026889998, 0.008537, -0.054568), (-0.024937, 0.010956, -0.05362), (-0.029194, 0.006305, -0.054997), (-0.030794999, 0.0073720003, -0.053260002), (-0.026140999, 0.011171, -0.052557986), (-0.028245999, 0.011054999, -0.051574986), (-0.022897, 0.01275, -0.053026), (-0.027313001, 0.013515, -0.050128996), (-0.029738, 0.00993, -0.05211699), (-0.020713998, 0.01311, -0.053488), (-0.032102, 0.008675, -0.051401), (-0.032155998, 0.010475, -0.049974), (-0.033446, 0.006492, -0.05258801), (-0.034065, 0.008084999, -0.05081901), (-0.034813, 0.0062159994, -0.051335), (-0.035639, 0.008464, -0.049095), (-0.035837, 0.010125, -0.047819), (-0.037994, 0.008335999, -0.047497), (-0.039086, 0.0072079995, -0.047969), (-0.038675997, 0.006043, -0.04873), (-0.041317, 0.005887, -0.046936996), (-0.040008996, 0.007777, -0.046507), (-0.039033, 0.010174, -0.045399997), (-0.042269, 0.0069859996, -0.045436), (-0.043054998, 0.003459, -0.047108997), (-0.043347996, 0.002328, -0.04705501), (-0.043382, 0.0048809997, -0.045346998), (-0.044912, 0.004593, -0.044559002), (-0.043886, 0.007035, -0.043243), (-0.046464, 0.005034, -0.042477), (-0.040912, 0.009041, -0.044165), (-0.046196, 0.006854, -0.041005995), (-0.043293, 0.008548, -0.04288301), (-0.044387, 0.008963, -0.040976), (-0.042292, 0.010485999, -0.041846998), (-0.040078, 0.0116, -0.042514), (-0.046102, 0.009027, -0.039351), (-0.044113997, 0.011793999, -0.038484), (-0.040917, 0.013088999, -0.040363997), (-0.048304, 0.005484, -0.040037), (-0.038195, 0.014658999, -0.041092), (-0.048955996, 0.003273, -0.04138), (-0.037818, 0.012173999, -0.044130996), (-0.049572, 0.000677, -0.042136002), (-0.051177, 0.00064499996, -0.040962), (-0.050872, 0.003015, -0.038937), (-0.052189, 0.000482, -0.039238997), (-0.054284, -0.001919, -0.038993), (-0.055214, -0.002771, -0.037757), (-0.053439997, 0.0015009999, -0.03676), (-0.051055998, 0.0047629997, -0.037355), (-0.048653997, 0.006905, -0.03796), (-0.055485, -0.001384, -0.036296), (-0.047234, 0.009903, -0.036634), (-0.056501, -0.002212, -0.035111), (-0.049422998, 0.008730999, -0.035292), (-0.055675, -0.00022199999, -0.035138), (-0.047251, 0.011352, -0.035065), (-0.050728995, 0.0071039996, -0.03537), (-0.048927, 0.012079999, -0.031583), (-0.051996, 0.005076, -0.035151), (-0.050805, 0.008037, -0.033979), (-0.053470995, 0.004138, -0.03453), (-0.054446, 0.001797, -0.035359), (-0.054215997, 0.002742, -0.034236), (-0.053779, 0.005387, -0.032401), (-0.056616995, 0.000353, -0.032729), (-0.055075, 0.003593, -0.032426), (-0.058099996, -0.002946, -0.033754), (-0.057967, -0.00021999999, -0.031262), (-0.054564998, 0.0051539997, -0.030731), (-0.053379, 0.006943, -0.031512998), (-0.055820998, 0.004894, -0.029570999), (-0.057020996, 0.003303, -0.029109001), (-0.051585, 0.009610999, -0.030647999), (-0.055382, 0.006644, -0.027788999), (-0.05396, 0.008638, -0.028477), (-0.05771, 0.004174, -0.026647998), (-0.054587, 0.008318, -0.02697), (-0.052476, 0.011349999, -0.026703), (-0.055468, 0.008994, -0.024423), (-0.057345998, 0.0063819997, -0.024342), (-0.054022998, 0.011111, -0.023714999), (-0.059787996, 0.00378, -0.022481998), (-0.058765996, 0.0054149996, -0.022056), (-0.060585998, 0.000512, -0.024906), (-0.057563, 0.008427, -0.020517), (-0.058707997, 0.00237, -0.027102001), (-0.056093, 0.009362, -0.022472998), (-0.058248, 0.00096, -0.02928), (-0.059823997, 0.000031, -0.026909001), (-0.061753996, -0.002494, -0.026224), (-0.061223995, -0.003052, -0.027432), (-0.059966996, -0.0011839999, -0.028406998), (-0.060367998, -0.003757, -0.029907), (-0.061968002, -0.005039, -0.02851), (-0.059443, -0.0031869998, -0.031448), (-0.061427, -0.007383, -0.031303998), (-0.062645994, -0.007995, -0.029489998), (-0.062748, -0.009707, -0.030919), (-0.060426995, -0.0068089995, -0.033370998), (-0.059158, -0.0044899997, -0.0328), (-0.061964996, -0.011181999, -0.033083998), (-0.063953996, -0.014055999, -0.031147), (-0.059701998, -0.007382, -0.034447998), (-0.062754996, -0.015353, -0.033499997), (-0.063592, -0.017331, -0.032965), (-0.060957998, -0.011492999, -0.035201002), (-0.059798002, -0.008518999, -0.035528), (-0.061413, -0.0142749995, -0.03551), (-0.060491, -0.012843, -0.037131), (0.016673999, -0.012509, -0.06872), (0.015614, -0.008712, -0.067498), (0.018051999, -0.009322999, -0.066989996), (0.020435, -0.009467999, -0.066663), (0.01924, -0.0077899997, -0.066051), (0.016394, -0.005756, -0.066087), (0.018174, -0.004126, -0.065105), (0.019105, -0.005338, -0.06492599), (0.020799, -0.004395, -0.063701), (0.019881, -0.003251, -0.06401401), (0.016325, -0.0027990001, -0.06436199), (0.017733, -0.0016419999, -0.06366799), (0.020311998, -0.0011969999, -0.062711), (0.021443, -0.001764, -0.06289701), (0.016916, 0.000541, -0.062713996), (0.0184, 0.0007549999, -0.062562004), (0.021527, 0.000502, -0.061508), (0.015450999, 0.002266, -0.062649995), (0.016298, 0.0038019998, -0.061499998), (0.013817, 0.0047119996, -0.061409995), (0.017369, 0.005069, -0.059972), (0.013514, 0.0028, -0.062776), (0.019449, 0.004063, -0.060487997), (0.01076, 0.004472, -0.061956007), (0.019482, 0.0024779998, -0.060957987), (0.00878, 0.0055879997, -0.061706), (0.012121, 0.0057200002, -0.06129001), (0.01657, 0.0067869998, -0.059591997), (0.018804999, 0.0067839995, -0.058737997), (0.020992998, 0.004747, -0.059239), (0.017264, 0.008165, -0.058628995), (0.02286901, 0.001932, -0.060093), (0.01467401, 0.006886, -0.059372), (0.02352601, -0.000666, -0.06085299), (0.015298001, 0.0087480005, -0.058343), (0.012788, 0.008362, -0.059552), (0.010678, 0.0073559997, -0.060728), (0.00973701, 0.008723, -0.059561), (0.012719001, 0.011093, -0.05722899), (0.008393, 0.007552, -0.06017401), (0.007023, 0.006778, -0.061408), (0.008044, 0.009521999, -0.05939), (0.005845, 0.0079, -0.060693998), (0.0042649996, 0.007716, -0.060348008), (0.009498, 0.011442999, -0.05756101), (0.004558, 0.009852, -0.059504), (0.003014, 0.008026999, -0.060921), (0.0013240001, 0.006361, -0.06232301), (0.0027129997, 0.010500999, -0.058574), (0.000505, 0.007223, -0.061403997), (0.001455, 0.009291, -0.059993), (0.004243, 0.010722999, -0.058491986), (-0.0013189999, 0.009577, -0.060004007), (0.0059689996, 0.010895999, -0.058484), (0.0030099999, 0.012367, -0.057796996), (0.007589, 0.012733, -0.057157), (0.005001, 0.0127139995, -0.056812), (0.0094099995, 0.0132, -0.055872), (0.0012559999, 0.011994, -0.05791901), (0.0037689998, 0.015231, -0.055128), (0.007844999, 0.014622999, -0.055475995), (0.011038001, 0.014017, -0.05527699), (0.005073, 0.016588999, -0.053772997), (0.013947, 0.012048, -0.055915996), (0.0074769994, 0.016108, -0.053595), (0.015191999, 0.009804, -0.05788), (0.00911901, 0.016942, -0.052891996), (0.018234, 0.010442999, -0.056181), (0.01701, 0.011154999, -0.056304), (0.017739, 0.013681999, -0.053769), (0.013528, 0.013840999, -0.05501201), (0.020546, 0.008999, -0.056648), (0.01961401, 0.011720999, -0.054842), (0.022396008, 0.006778, -0.057598), (0.02257, 0.010867, -0.054449), (0.023763001, 0.0039729998, -0.058907997), (0.022235999, 0.008448, -0.05630301), (0.024163, 0.0081899995, -0.055984), (0.025884999, 0.006619, -0.056179), (0.026440999, 0.0036419998, -0.057793003), (0.025014998, 0.00149, -0.059748996), (0.027909998, 0.00088699994, -0.058867), (0.025353998, 0.000218, -0.059916), (0.026175998, -0.0015819999, -0.060727), (0.027877, -0.001036, -0.05974), (0.029818999, -0.00241, -0.05952), (0.02952001, -0.001097, -0.05855801), (0.031811, -0.003179, -0.058765), (0.029829, 0.002065, -0.05696401), (0.033544, -0.002132, -0.057392996), (0.03135701, -0.000292, -0.057717), (0.033616, -0.000544, -0.056185), (0.034823, 0.00055, -0.055040997), (0.035666, 0.0013809999, -0.053746), (0.032148, 0.001754, -0.056059998), (0.035216, 0.003234, -0.053158), (0.030046, 0.003962, -0.05595901), (0.03759, 0.0044899997, -0.050387997), (0.03318501, 0.004443, -0.053474), (0.036592, 0.008289, -0.04850699), (0.035395, 0.0061089997, -0.051157996), (0.036442008, 0.010779, -0.046352), (0.034459, 0.009495, -0.04869201), (0.034504, 0.013351999, -0.045092), (0.033719998, 0.009174, -0.04984), (0.033982, 0.012515, -0.046479996), (0.033862, 0.007383, -0.050651997), (0.032358, 0.011275, -0.048537), (0.033009, 0.0067169997, -0.05219), (0.031465, 0.009513, -0.050981), (0.03171, 0.0066079996, -0.05254601), (0.030743, 0.007131, -0.053432997), (0.032109, 0.0036629997, -0.054312), (0.028501999, 0.005664, -0.055358), (0.028266009, 0.00651, -0.054532997), (0.02819201, 0.008514, -0.053649995), (0.029784998, 0.008878999, -0.052220996), (0.026115, 0.009846, -0.053526), (0.027483, 0.009944, -0.052501995), (0.02828401, 0.011042, -0.05142401), (0.02413701, 0.011222, -0.053196996), (0.029052999, 0.011980999, -0.049696002), (0.021334, 0.012203, -0.053395), (0.031173998, 0.012255, -0.04877501), (0.028735999, 0.013196, -0.049184), (0.026278999, 0.012670999, -0.050879996), (0.028664999, 0.015454, -0.047027998), (0.025399, 0.01399, -0.050539996), (0.031855, 0.013762999, -0.046778), (0.033188, 0.014831999, -0.044805), (0.03097101, 0.015486999, -0.045165), (0.03368101, 0.016540999, -0.042389996), (0.032213, 0.0165, -0.04309), (0.033894, 0.017346999, -0.040597), (0.032199, 0.018251998, -0.041357998), (0.031057, 0.016994, -0.043730002), (0.030778, 0.020422, -0.038756), (0.030483, 0.018738, -0.041381996), (0.029107, 0.019066, -0.042516988), (0.0321, 0.021119999, -0.037183), (0.029693, 0.020422999, -0.040429), (0.033751, 0.021394998, -0.035595), (0.032513, 0.021847, -0.035407), (0.033802, 0.022342, -0.033615), (0.031108, 0.022346, -0.036621), (0.031703, 0.023734, -0.034391), (0.032469008, 0.025502998, -0.031187998), (0.03108, 0.025437, -0.032132998), (0.029976001, 0.023573998, -0.035594), (0.02995201, 0.02568, -0.033603), (0.028563, 0.022293998, -0.038748), (0.028506998, 0.025035, -0.035458), (0.027411, 0.023943, -0.036995), (0.027376, 0.020629998, -0.041476), (0.026303, 0.022565, -0.039377), (0.025795009, 0.024825001, -0.037646), (0.026856, 0.026606, -0.031964), (0.026012, 0.025706999, -0.035817), (0.027872, 0.026507, -0.030102998), (0.026709, 0.026526999, -0.033445), (0.02843101, 0.026243, -0.027607998), (0.024828998, 0.026380999, -0.033392), (0.025418, 0.026264999, -0.029224997), (0.026364999, 0.026154999, -0.026547998), (0.024574, 0.026047999, -0.030511), (0.023516, 0.025985999, -0.028249), (0.025246, 0.025908, -0.02343), (0.024015, 0.026029, -0.025934), (0.020854, 0.026124, -0.02945), (0.020964, 0.025933001, -0.027005998), (0.022009, 0.026447, -0.032286), (0.023626, 0.026424, -0.036209), (0.020803, 0.026177, -0.033388), (0.024301, 0.024574999, -0.038689), (0.022639, 0.02601, -0.037378), (0.01907, 0.02588, -0.0293), (0.02362, 0.023671998, -0.04028), (0.01774, 0.025827998, -0.027446), (0.025791999, 0.022170998, -0.040618), (0.022565998, 0.025371, -0.039307), (0.02416501, 0.021594997, -0.041803997), (0.020415, 0.024404999, -0.041100997), (0.024737999, 0.020097999, -0.04352301), (0.023678998, 0.021156, -0.043379996), (0.02249, 0.021611, -0.042873), (0.020604, 0.021241, -0.044154), (0.02184101, 0.019019999, -0.04617), (0.025738, 0.018892, -0.044784002), (0.024358999, 0.018329, -0.046578), (0.027448999, 0.018927999, -0.043172996), (0.02589, 0.017740998, -0.04550301), (0.028721001, 0.017755998, -0.043973997), (0.027546998, 0.017331, -0.045721002), (0.025309, 0.016344, -0.047933), (0.022269001, 0.017177999, -0.048241), (0.023345001, 0.015003, -0.050131995), (0.020611998, 0.013432999, -0.05300401), (0.020941, 0.015865998, -0.050757), (0.018304, 0.016263999, -0.050768), (0.019705, 0.017294, -0.049312), (0.021056, 0.018646998, -0.047558), (0.016578, 0.018407, -0.04947), (0.017115, 0.016603, -0.05143801), (0.01937901, 0.021110998, -0.045195997), (0.017694, 0.020022, -0.046793997), (0.015732, 0.021332, -0.046581), (0.01889201, 0.023101, -0.043527998), (0.016933, 0.023113, -0.043825), (0.018940998, 0.025666999, -0.040429), (0.016239, 0.025222, -0.042037), (0.020538, 0.025820998, -0.038902998), (0.019120999, 0.026352998, -0.03876), (0.016669, 0.026068, -0.04068501), (0.019887, 0.026424998, -0.035896998), (0.016121, 0.026684, -0.038323), (0.01711, 0.026313, -0.037235998), (0.018145999, 0.026081, -0.033106998), (0.017277, 0.026238, -0.034408), (0.01442, 0.026124999, -0.035748), (0.014362, 0.025818, -0.031886), (0.017009, 0.026022, -0.030258), (0.015536999, 0.025462998, -0.027622001), (0.013415, 0.025597999, -0.027109), (0.015684, 0.02581, -0.025448), (0.019899, 0.025587998, -0.02551), (0.02224901, 0.025796, -0.024484), (0.021205, 0.025713999, -0.021967001), (0.014961, 0.025332, -0.023942001), (0.018596, 0.025861, -0.024667), (0.017815, 0.025251998, -0.020926), (0.011901, 0.025486, -0.024310999), (0.016232, 0.025578998, -0.021380998), (0.014292999, 0.025403999, -0.021284001), (0.016192, 0.025636, -0.019079), (0.01302, 0.025568, -0.021334), (0.0138139995, 0.025039999, -0.018818), (0.02032001, 0.02568, -0.019116), (0.014532, 0.02536, -0.017905999), (0.022546, 0.025499, -0.019976), (0.013077, 0.025121, -0.016218), (0.025936, 0.026002, -0.021512998), (0.015546, 0.025284, -0.0155420005), (0.02848701, 0.02588, -0.020161), (0.024691999, 0.025833001, -0.01952), (0.025171, 0.025595, -0.017792), (0.030624, 0.025984999, -0.017753), (0.027028, 0.025875, -0.017444), (0.031930998, 0.026201, -0.016083), (0.02977, 0.025824001, -0.015420999), (0.024288, 0.025787, -0.01536), (0.026792008, 0.025611, -0.014048), (0.022829, 0.025594, -0.016821), (0.027895, 0.025845, -0.013526999), (0.020952, 0.025192998, -0.014618999), (0.029684, 0.025495, -0.012371), (0.024177, 0.025411999, -0.012884), (0.030435, 0.025952999, -0.01093), (0.028197998, 0.025641998, -0.010995999), (0.030202998, 0.0257, -0.008378999), (0.02521601, 0.025669, -0.01143), (0.027827999, 0.025803, -0.0074859997), (0.026873, 0.025448998, -0.009269999), (0.024193998, 0.025657, -0.009), (0.02103301, 0.025334999, -0.012449), (0.022304999, 0.025346, -0.008432999), (0.021112999, 0.025148, -0.010336), (0.019486, 0.025462, -0.010133999), (0.018893, 0.025469998, -0.013308999), (0.019119998, 0.025382, -0.006194), (0.020538, 0.025585, -0.016246), (0.019845, 0.025255, -0.01742), (0.017829, 0.025151, -0.017104), (0.016755, 0.02551, -0.014314999), (0.016504, 0.02508, -0.012018), (0.014952, 0.025186999, -0.011281), (0.017108, 0.025262998, -0.008575999), (0.01271101, 0.025248999, -0.013322999), (0.016492, 0.025076998, -0.0062459996), (0.013966, 0.025178999, -0.008113), (0.016321, 0.025289, -0.004594), (0.013227, 0.025431, -0.011158), (0.016056, 0.024942, -0.002768), (0.010751, 0.024956997, -0.012274999), (0.017041, 0.02538, -0.000335), (0.015924, 0.025057001, 0.000847), (0.0134800095, 0.025144, 0.00029599998), (0.013715, 0.025283, -0.0032179998), (0.011356999, 0.025178, 0.001723), (0.012340999, 0.024853999, -0.0048579997), (0.01067, 0.024792999, -0.000557), (0.010365, 0.025067998, -0.003229), (0.010709, 0.025253998, -0.005795), (0.011543999, 0.025019, -0.008995), (0.0089219995, 0.024896, -0.0038119997), (0.008544, 0.025214, -0.000119), (0.0068389997, 0.024999, -0.004673), (0.007149, 0.025255, -0.0020640001), (0.009763, 0.024801, 0.003017), (0.010108, 0.025218999, 0.005468), (0.0082209995, 0.025123, 0.005109), (0.010020999, 0.025100999, 0.0074199997), (0.005863, 0.025005, 0.003594), (0.006321, 0.025246, 0.007541), (0.007663, 0.025151, 0.009710999), (0.007178, 0.024908999, 0.00044399998), (0.004868, 0.024976, -0.001493), (0.005184, 0.02509, 0.010096999), (0.004686, 0.025112, -0.0034369999), (0.003601, 0.025067, 0.007535), (0.00658, 0.025362998, 0.0125899995), (0.0034400001, 0.025183, 0.000688), (0.010625, 0.025130998, 0.012088999), (0.009006, 0.025264, 0.0149179995), (0.009679, 0.025727998, 0.017603), (0.0059359996, 0.025311, 0.016608), (0.00458601, 0.025107998, 0.013048), (0.01012701, 0.025534, 0.018958999), (0.002019, 0.025230998, 0.009864), (0.007615, 0.025260998, 0.018685), (0.007936, 0.025513, 0.020742), (0.0057099997, 0.025602, 0.019281), (0.010865999, 0.025727998, 0.020882001), (0.004741, 0.025416998, 0.021638), (0.0062089995, 0.025507, 0.022658998), (0.01264, 0.025391, 0.021023), (0.012826, 0.025948, 0.022788998), (0.010069, 0.025501, 0.023521999), (0.012289999, 0.025866, 0.024742), (0.009141, 0.025764998, 0.024725), (0.013578, 0.025972, 0.026263999), (0.003513, 0.025622, 0.025009999), (0.013486, 0.026175998, 0.029428998), (0.011634001, 0.025562, 0.027646), (0.011267, 0.025884999, 0.029475998), (0.008715, 0.025845999, 0.027083), (0.009834, 0.026052998, 0.030020999), (0.0082020005, 0.025694, 0.029804999), (0.008245, 0.026261998, 0.033113), (0.006395, 0.025809, 0.030764999), (0.00587, 0.025355, 0.025899), (0.006176, 0.025827998, 0.033508997), (0.004565, 0.025796, 0.028331999), (0.004691, 0.025948998, 0.034521), (0.003528, 0.025878, 0.031912), (0.003323, 0.025616, 0.029857999), (0.002087, 0.026096, 0.035948), (0.0015649999, 0.025795, 0.034109), (0.000383, 0.025704, 0.03081), (0.00072999997, 0.02561, 0.027768), (0.0014409999, 0.026264999, 0.038791), (0.000061, 0.025957998, 0.036773), (-0.000853, 0.026229, 0.039993998), (-0.000262, 0.025813999, 0.033608), (-0.002759, 0.026572999, 0.041851), (-0.0033039998, 0.026199998, 0.038693), (-0.003788, 0.026510999, 0.04308), (-0.004444, 0.025432998, 0.045281), (-0.006323, 0.026656998, 0.042425), (-0.002217, 0.025799999, 0.036532998), (-0.002114, 0.022525, 0.048235), (-0.001629, 0.026061999, 0.034996), (-0.004178, 0.026002, 0.036532998), (-0.007547, 0.026201, 0.038973), (-0.004999, 0.025764998, 0.034259), (-0.0028499998, 0.025543, 0.032309), (-0.006092, 0.025806999, 0.032435), (-0.002869, 0.025725, 0.030953), (-0.008452, 0.025652, 0.033994), (-0.0020919999, 0.025375, 0.028299998), (-0.0068300003, 0.025384, 0.029714), (-0.003732, 0.025501, 0.029103), (-0.0077719996, 0.025534, 0.031308), (-0.009886, 0.025941998, 0.035977002), (-0.0107309995, 0.025775999, 0.032720998), (-0.008986, 0.025711998, 0.029661), (-0.0065820003, 0.025306, 0.027166), (-0.0049039996, 0.025627999, 0.026193999), (-0.009448, 0.025385998, 0.027151), (-0.007009, 0.025471, 0.025118), (-0.011241999, 0.025522001, 0.029288), (-0.008753, 0.025271999, 0.023702), (-0.010659, 0.025755998, 0.026078999), (-0.012885, 0.02552, 0.027734999), (-0.006751, 0.025332998, 0.021921), (-0.011829999, 0.025302, 0.024719), (-0.009438, 0.025455998, 0.022925999), (-0.0103279995, 0.025344, 0.021452), (-0.015326, 0.025571, 0.026669), (-0.013103, 0.025601, 0.023359), (-0.014397, 0.025639, 0.029676), (-0.014003, 0.025771998, 0.031498), (-0.017345998, 0.025559999, 0.026699), (-0.012762, 0.025715, 0.033575), (-0.018205, 0.025985999, 0.02955), (-0.01347, 0.026073, 0.036043998), (-0.016927, 0.025872, 0.030558), (-0.020169001, 0.025906, 0.027856), (-0.016655998, 0.025863, 0.03378), (-0.020242, 0.025804998, 0.030385999), (-0.015255, 0.025979, 0.034213), (-0.019157, 0.026228001, 0.033847), (-0.016183, 0.026424, 0.037402), (-0.018807, 0.026338, 0.036374), (-0.021201, 0.026206998, 0.032044), (-0.021382999, 0.026554998, 0.036414), (-0.021693999, 0.026152998, 0.033951), (-0.023882998, 0.026147, 0.030642), (-0.020072, 0.026591, 0.038457997), (-0.024202, 0.026545998, 0.034013), (-0.023187999, 0.026238998, 0.038094997), (-0.022138, 0.026092999, 0.028149), (-0.024210999, 0.025764, 0.028805), (-0.022818, 0.025729, 0.026008999), (-0.025272999, 0.026082, 0.026569), (-0.026333, 0.026408, 0.03115), (-0.020755, 0.025827998, 0.025051998), (-0.026624998, 0.026592, 0.034714), (-0.017882, 0.025773, 0.024993999), (-0.023999, 0.026681999, 0.036054), (-0.015902, 0.025478998, 0.022574998), (-0.018575, 0.025469, 0.023800999), (-0.019452, 0.025743, 0.022597), (-0.015688, 0.025473, 0.019646998), (-0.013545999, 0.025332998, 0.01843), (-0.019940998, 0.025613, 0.019846), (-0.020923, 0.026104, 0.023595), (-0.018279, 0.025634, 0.017318), (-0.022959001, 0.025755, 0.021774001), (-0.024133, 0.02585, 0.023487998), (-0.022625, 0.025899999, 0.019444), (-0.025902, 0.025659999, 0.023975998), (-0.020946, 0.025613, 0.0167), (-0.025401, 0.025845, 0.019400999), (-0.023337, 0.025793, 0.016375), (-0.017486, 0.025423, 0.015598), (-0.028443, 0.026059, 0.023596998), (-0.015998, 0.025480999, 0.014338), (-0.019504, 0.025541998, 0.013241), (-0.01774, 0.025557, 0.011015), (-0.022953998, 0.025620999, 0.013737), (-0.019683, 0.025539, 0.009124), (-0.025859, 0.025768, 0.015902), (-0.021443, 0.025678, 0.0117109995), (-0.022999, 0.025550999, 0.009709), (-0.026921999, 0.025786, 0.013227), (-0.024960998, 0.025922999, 0.011866), (-0.027119998, 0.025732998, 0.010412), (-0.029173998, 0.025917001, 0.014586), (-0.028961, 0.025975, 0.011844999), (-0.026445, 0.025938, 0.017694), (-0.027761, 0.025889, 0.020304998), (-0.030267, 0.025852, 0.01761), (-0.030269, 0.02612, 0.018753), (-0.030025998, 0.025926001, 0.020948999), (-0.033722, 0.026115, 0.019001), (-0.03229, 0.025995, 0.015419), (-0.03201, 0.026380999, 0.022711), (-0.031724, 0.026047, 0.012189999), (-0.034281, 0.026168998, 0.01677), (-0.029219, 0.025689, 0.009233), (-0.034334, 0.026159998, 0.013579), (-0.03151, 0.025864, 0.009285999), (-0.036048, 0.02608, 0.015780998), (-0.034438, 0.025969999, 0.011725), (-0.030360999, 0.026245, 0.007707), (-0.037456, 0.026238998, 0.012424001), (-0.032722, 0.025918, 0.007622), (-0.036907997, 0.026020998, 0.009393), (-0.028074, 0.025764, 0.007554), (-0.034877, 0.026027, 0.0071659996), (-0.024853999, 0.025636999, 0.007282), (-0.030901, 0.025731001, 0.0063569997), (-0.027462, 0.025727, 0.004599), (-0.02273, 0.025695, 0.007632), (-0.023949001, 0.025543, 0.003982), (-0.020529998, 0.025316998, 0.007037), (-0.021293001, 0.025564, 0.005035), (-0.018573, 0.025608, 0.006323), (-0.017782, 0.025221, 0.008479999), (-0.018628, 0.025334999, 0.0046059997), (-0.015338, 0.025302999, 0.0109), (-0.015757, 0.025380999, 0.006131), (-0.014331, 0.025439998, 0.008506), (-0.0136899995, 0.025525, 0.011979001), (-0.0139419995, 0.025253998, 0.015108), (-0.011872999, 0.025229, 0.012575999), (-0.0112769995, 0.025448, 0.015147999), (-0.011535999, 0.025520999, 0.018349), (-0.009998, 0.025186999, 0.018941998), (-0.00919, 0.025251998, 0.015037), (-0.008123, 0.025382, 0.018602), (-0.0092589995, 0.025266, 0.011993), (-0.005883, 0.025153998, 0.018920999), (-0.010085, 0.025596, 0.010639), (-0.0058359997, 0.025287999, 0.015951), (-0.0073979995, 0.025269, 0.012675), (-0.008088999, 0.024989, 0.010836001), (-0.011348999, 0.025171, 0.008878999), (-0.008847, 0.025182, 0.009329), (-0.00628, 0.02538, 0.008632), (-0.009064, 0.025198, 0.006319), (-0.011533999, 0.025487999, 0.007024), (-0.014095, 0.025107, 0.007195), (-0.01089, 0.025132, 0.004646), (-0.014121999, 0.025525998, 0.004102), (-0.014363, 0.025206, 0.001133), (-0.012143, 0.02525, 0.002656), (-0.009694, 0.025295999, 0.003587), (-0.010651999, 0.025214, -0.000132), (-0.008729, 0.025183, 0.00045000002), (-0.0071719997, 0.025023, 0.003515), (-0.0052960003, 0.025241, 0.004979), (-0.0060869996, 0.025128, 0.0071429997), (-0.004185, 0.025151, 0.0058890004), (-0.004448, 0.025074, 0.009491), (-0.002383, 0.024993999, 0.003666), (-0.001764, 0.025315, 0.008019), (-0.003124, 0.0252, 0.011031999), (-0.004081, 0.025067, 0.013227), (-0.000599, 0.025375, 0.01197), (-0.002856, 0.025364999, 0.015102), (-0.003927, 0.025210999, 0.016964), (0.000524, 0.025182, 0.014608999), (-0.002926, 0.025371, 0.019089), (-0.00092200004, 0.025122, 0.016835), (-0.003422, 0.025359001, 0.021874001), (-0.001376, 0.025251998, 0.020553), (-0.004313, 0.025227001, 0.024272), (-0.001181, 0.025534999, 0.023627), (-0.002666, 0.025218, 0.025232), (0.0014869999, 0.025385, 0.023157), (-0.001111, 0.025669, 0.026919), (0.0012129999, 0.02535, 0.025818), (0.00099, 0.025546998, 0.020952), (0.001684, 0.025299, 0.019573), (0.001206, 0.02558, 0.016879), (0.003095, 0.025314, 0.015627), (0.0027639999, 0.025402999, 0.012765), (0.00061399996, 0.025101999, 0.011804), (0.000091, 0.024973, 0.0073089995), (0.002096, 0.025383, 0.0058299997), (0.000287, 0.025153998, 0.004229), (0.002508, 0.024992999, 0.004073), (-0.000935, 0.025199, 0.001083), (0.00126, 0.024823999, 0.001143), (0.001937, 0.02484, -0.0012579999), (-0.002424, 0.024851998, 0.001106), (0.0030729999, 0.024801, -0.005249), (0.00079, 0.025165997, -0.0024919999), (-0.002667, 0.025134, -0.001293), (0.0055409996, 0.025337998, -0.006201), (0.000748, 0.025069999, -0.00561), (0.00785, 0.02488, -0.006933), (0.003858, 0.025001999, -0.007848999), (0.0095959995, 0.025432, -0.008839), (-0.001128, 0.024612, -0.002773), (0.007496, 0.025121, -0.009362), (0.008116, 0.025016, -0.01102), (-0.002198, 0.025089, -0.0047319997), (0.009706, 0.025229, -0.012743), (0.005316, 0.025046999, -0.010987001), (0.011009, 0.025396999, -0.016314), (0.0071280096, 0.025078999, -0.013296), (0.00895401, 0.024894, -0.014905999), (0.005289, 0.024774998, -0.008901), (0.0037029998, 0.025114, -0.009857), (0.003565, 0.024949998, -0.012765), (0.0067049996, 0.025183, -0.015765), (0.001254, 0.024951, -0.011239001), (0.002647, 0.024881, -0.014499), (-0.000044, 0.025210999, -0.010427), (0.000079, 0.025093999, -0.014130999), (-0.00057699997, 0.024995, -0.0075950003), (-0.0010159999, 0.024839, -0.011841), (-0.002557, 0.024974998, -0.009549), (-0.00307, 0.024814999, -0.006092), (-0.0047859997, 0.024939, -0.003957), (-0.004909, 0.025088, -0.006888), (-0.004167, 0.024935998, -0.00051499996), (-0.006375, 0.025130998, -0.003404), (-0.0049139997, 0.025375, 0.001264), (-0.0069389995, 0.024967998, 0.000885), (-0.008657, 0.024998, -0.0027889998), (-0.008046, 0.025201999, -0.0054019997), (-0.011088001, 0.02509, -0.003449), (-0.007165, 0.024969, -0.0068339994), (-0.010197001, 0.024992, -0.0053399997), (-0.005371, 0.024874998, -0.009915999), (-0.009342, 0.025078999, -0.009389), (-0.007308, 0.025255999, -0.008758999), (-0.012079999, 0.025327, -0.0064179995), (-0.0042, 0.025143001, -0.011911), (-0.0063340003, 0.025106, -0.012855999), (-0.002323, 0.025169, -0.014353), (-0.0042669997, 0.024809, -0.014599), (-0.0002, 0.024932, -0.017869), (-0.002007, 0.025183, -0.017546998), (0.00216, 0.025215, -0.016634), (-0.003978, 0.024962, -0.018916), (0.004049, 0.024949998, -0.017961), (0.002531, 0.025135, -0.019945), (-0.001326, 0.02499, -0.019692), (0.00122, 0.025071, -0.021877998), (0.004144, 0.025223998, -0.022397), (0.007827, 0.025078, -0.018205), (0.0057779998, 0.025213, -0.019421998), (0.011325999, 0.025260998, -0.019106999), (0.0068099997, 0.025287999, -0.022086998), (0.0112149995, 0.025144998, -0.021838), (0.009354, 0.025291, -0.021335), (0.009281, 0.025316, -0.024184), (0.007092, 0.0255, -0.024605999), (0.009972, 0.025457, -0.026397), (0.004686, 0.025230998, -0.024161), (0.007194, 0.025292, -0.026226), (0.01207901, 0.025657998, -0.029761), (0.008846, 0.025373999, -0.028211998), (0.003553, 0.025444, -0.026349), (0.010183, 0.025473999, -0.03104), (0.001167, 0.025111, -0.024258), (0.008335, 0.025741, -0.029093001), (-0.000033, 0.025311999, -0.022811), (0.0056339996, 0.025398, -0.027441), (0.0088450005, 0.025661, -0.031812), (0.0068339994, 0.025393, -0.029866999), (0.003819, 0.025378998, -0.028957), (0.000864, 0.025081, -0.026401), (0.004998, 0.025838, -0.030961), (-0.0020829998, 0.02542, -0.025014), (0.005454, 0.025648998, -0.032763), (0.0030849997, 0.025309, -0.030968001), (0.000939, 0.025466, -0.030197999), (0.002151, 0.0255, -0.032961998), (0.0075149997, 0.025659, -0.034277), (0.00551, 0.025723, -0.035793), (0.011432, 0.025811, -0.033383), (0.012096999, 0.025840001, -0.035885), (0.010592001, 0.02605, -0.035662998), (0.014172999, 0.026499, -0.03716), (0.012457, 0.026291, -0.038372), (0.008311, 0.025929, -0.037047), (0.008381999, 0.026211, -0.038700998), (0.0142560005, 0.026478, -0.040622), (0.010929001, 0.026456999, -0.041013997), (0.013432, 0.025337, -0.04294001), (0.011117009, 0.026002, -0.042649), (0.015087, 0.024461998, -0.043947), (0.013473999, 0.023060998, -0.044994), (0.01171, 0.024798999, -0.044292), (0.008183, 0.026696, -0.04105), (0.00881, 0.026066, -0.043137003), (0.010879, 0.022528, -0.046571), (0.006739, 0.026442, -0.043189995), (0.009114, 0.024503, -0.044981997), (0.006774, 0.026380999, -0.040728997), (0.006762, 0.025629, -0.044693988), (0.004577, 0.026127, -0.039212998), (0.004691, 0.02657, -0.042561002), (0.003675, 0.025929, -0.036996), (0.001578, 0.025504999, -0.034754), (0.000606, 0.025912, -0.038335), (0.000467, 0.025734998, -0.032433), (0.002324, 0.026375, -0.040812), (-0.00084, 0.025283, -0.030921), (0.002469, 0.026556, -0.043011997), (-0.001897, 0.025298, -0.028647), (-0.000831, 0.025755, -0.035044998), (-0.0035919999, 0.025098, -0.026196), (-0.001065, 0.025581999, -0.036384), (-0.0026339998, 0.025845, -0.037033), (-0.0022469999, 0.025401, -0.032816), (-0.005157, 0.025357999, -0.03436), (-0.004172, 0.025323998, -0.030522), (-0.003883, 0.025566999, -0.032417), (-0.0046059997, 0.025262998, -0.027643), (-0.0068639996, 0.025445001, -0.032943998), (-0.0060229995, 0.025078999, -0.029462999), (-0.007189, 0.025271, -0.027356999), (-0.006316, 0.025759, -0.035831), (-0.0095069995, 0.025303999, -0.032662), (-0.003494, 0.025943998, -0.039121), (-0.009570999, 0.025682, -0.03618), (0.000447, 0.026514001, -0.042154003), (-0.002023, 0.026422, -0.040574998), (0.000041, 0.025798999, -0.04502501), (-0.004593, 0.026183, -0.041321997), (-0.0017579999, 0.026565, -0.042930998), (-0.005891, 0.026204, -0.039295997), (-0.005716, 0.0266, -0.042089), (-0.007588, 0.025771998, -0.037701998), (-0.0073189996, 0.026403, -0.040998), (-0.009444, 0.026268998, -0.039061), (-0.0046039997, 0.025645, -0.044885997), (-0.0070289997, 0.026335001, -0.043132), (-0.00929, 0.026530001, -0.042558998), (-0.006915, 0.025557999, -0.044648997), (-0.0019939998, 0.024231, -0.046194), (-0.004603, 0.023761999, -0.046469998), (-0.007564, 0.024105, -0.045935996), (0.0010599999, 0.024612, -0.046046), (-0.009253, 0.02508, -0.044812), (0.002448, 0.025887, -0.044228), (0.00374, 0.025282, -0.0453), (0.000198, 0.023043001, -0.04727), (0.002337, 0.023059001, -0.046911), (0.004338, 0.02388, -0.046139996), (0.007048, 0.024172999, -0.04596), (0.004665, 0.022493, -0.04769899), (0.009053, 0.023148999, -0.045904998), (0.007177, 0.021682998, -0.048173), (0.008622, 0.019888999, -0.049801998), (0.005485, 0.020139, -0.049978998), (0.001976, 0.021264998, -0.049257), (0.0034659998, 0.021117998, -0.048878986), (0.003874, 0.019251, -0.051193), (0.008528, 0.018434, -0.051372997), (0.011674, 0.020306, -0.048569996), (0.012823, 0.021329999, -0.047353), (0.013703999, 0.019563, -0.04886701), (0.012112, 0.018576, -0.050575998), (0.014338, 0.017969, -0.050292), (0.011273, 0.016781999, -0.052466), (0.014749, 0.015991, -0.052234), (0.015441999, 0.0152199995, -0.053126), (0.013028999, 0.016461, -0.052831996), (0.0028979997, 0.016812, -0.05409801), (0.002251, 0.019129999, -0.051609997), (0.000080000005, 0.013857, -0.056539), (0.00007, 0.018811, -0.05162701), (0.001188, 0.0171, -0.053607997), (-0.0010609999, 0.019685, -0.05106601), (-0.00016799998, 0.021153, -0.04923901), (-0.000621, 0.017639, -0.053323), (-0.0021209999, 0.021723999, -0.048871998), (-0.00326, 0.02086, -0.049277), (-0.0043389997, 0.018911999, -0.051480997), (-0.005269, 0.020558, -0.049889002), (-0.0079419995, 0.021721998, -0.048205), (-0.009763, 0.023485, -0.045817997), (-0.008513, 0.019661, -0.050171997), (-0.009865999, 0.021568999, -0.047803), (-0.011449999, 0.023815, -0.045567997), (-0.0073349997, 0.019538999, -0.050945), (-0.011635999, 0.026307, -0.042462), (-0.00548, 0.018251, -0.051756), (-0.011262, 0.026438998, -0.040262), (-0.0072109997, 0.017133, -0.053138), (-0.011907, 0.025881, -0.038158), (-0.013789999, 0.026315, -0.041238), (-0.010684, 0.025766999, -0.034711998), (-0.0138799995, 0.026540998, -0.039129), (-0.01275, 0.025555, -0.03543), (-0.013665, 0.026098, -0.036839), (-0.013566999, 0.025662998, -0.033334997), (-0.011751999, 0.025298, -0.032579), (-0.011957, 0.025520999, -0.030715), (-0.013928999, 0.025244998, -0.030846), (-0.010032, 0.025212, -0.028771), (-0.012579, 0.025278999, -0.028873), (-0.008944, 0.025205, -0.026008999), (-0.011545, 0.025055999, -0.026865), (-0.0076529994, 0.025016999, -0.022767998), (-0.011231001, 0.025092, -0.024097), (-0.014889999, 0.025207, -0.026988), (-0.01271, 0.025375, -0.025518999), (-0.01325, 0.02509, -0.022641), (-0.010858, 0.025215, -0.021123), (-0.015528999, 0.025116999, -0.023461001), (-0.005786, 0.025285, -0.023629999), (-0.002297, 0.024899, -0.022161), (-0.003958, 0.025348999, -0.020854), (-0.0065539996, 0.024892, -0.019516999), (-0.009205, 0.025035, -0.020536), (-0.0067729997, 0.025274, -0.015288), (-0.008568, 0.025367998, -0.018152999), (-0.008428, 0.024881998, -0.015959999), (-0.010741, 0.024951, -0.017857999), (-0.009996, 0.025198, -0.01186), (-0.0107889995, 0.025223998, -0.015036), (-0.013572, 0.025001999, -0.019033998), (-0.013146, 0.025283, -0.017143), (-0.014481, 0.025378998, -0.020892), (-0.016109, 0.025257, -0.019444998), (-0.01723, 0.025241, -0.016915), (-0.013378, 0.025051998, -0.015222), (-0.012856999, 0.024993999, -0.011979999), (-0.0147669995, 0.025462998, -0.012939), (-0.013794, 0.025257, -0.009675), (-0.017145999, 0.025202999, -0.012955), (-0.01656, 0.025227001, -0.010381), (-0.012440999, 0.025007999, -0.008477), (-0.015566, 0.025392, -0.0058009997), (-0.018951999, 0.025394, -0.010326999), (-0.0135429995, 0.025375, -0.0025850001), (-0.018516, 0.025348999, -0.007731), (-0.017488, 0.025228, -0.003258), (-0.01672, 0.025443, -0.000606), (-0.017761, 0.025534999, 0.0024899999), (-0.018671, 0.025153998, 0.00086499995), (-0.021543, 0.025453, 0.001886), (-0.020162, 0.025478, -0.00065899995), (-0.024734, 0.025715, 0.001542), (-0.022472998, 0.025378998, -0.000027999999), (-0.021863, 0.025485, -0.002597), (-0.019496, 0.02565, -0.004434), (-0.021631999, 0.025278, -0.005467), (-0.025861999, 0.02551, -0.000983), (-0.023347, 0.025597999, -0.00413), (-0.022147998, 0.025585, -0.0070779994), (-0.021914, 0.025481999, -0.009919999), (-0.024333, 0.025432, -0.00714), (-0.024717, 0.025434999, -0.0043), (-0.021382, 0.025330998, -0.013382999), (-0.022274, 0.02577, -0.0118309995), (-0.025518, 0.025499, -0.0115559995), (-0.018192, 0.025446, -0.014971999), (-0.019589, 0.025262998, -0.016029), (-0.021770999, 0.025622, -0.015331), (-0.019088, 0.025484, -0.019205), (-0.021443998, 0.02529, -0.018088), (-0.024068998, 0.025476, -0.017372), (-0.017523, 0.025067, -0.020515999), (-0.017451, 0.02543, -0.022456), (-0.021879999, 0.025573999, -0.02034), (-0.019576, 0.025136001, -0.022404999), (-0.017193, 0.025325, -0.025797), (-0.019956, 0.025578998, -0.024426999), (-0.022204999, 0.025566, -0.022557), (-0.024391, 0.025595, -0.020446999), (-0.022769999, 0.025515, -0.024279999), (-0.026256, 0.025855, -0.023169998), (-0.025568, 0.025587998, -0.024209), (-0.026949, 0.025624, -0.020431), (-0.027384, 0.025863, -0.025578998), (-0.029625, 0.025917001, -0.021747), (-0.027359, 0.025955997, -0.018678), (-0.023797, 0.025715, -0.026621), (-0.026281, 0.025416998, -0.016928), (-0.021997001, 0.025576, -0.028270999), (-0.025652999, 0.025813, -0.014195), (-0.027669, 0.025834998, -0.016818), (-0.027672999, 0.025632, -0.014746999), (-0.029259, 0.025641998, -0.018171), (-0.028492, 0.025666999, -0.011153), (-0.033088, 0.025950998, -0.019062), (-0.029375, 0.025945999, -0.013975), (-0.03065, 0.025813, -0.014353), (-0.031588, 0.025984999, -0.016817), (-0.030755999, 0.025548, -0.011077), (-0.029923998, 0.025888, -0.009885), (-0.033379998, 0.025827998, -0.015075999), (-0.028285, 0.025402999, -0.008452), (-0.03543, 0.026082, -0.01657), (-0.025797999, 0.025752, -0.0088059995), (-0.027026998, 0.025664, -0.0068769995), (-0.026909001, 0.025655998, -0.0035839998), (-0.028568, 0.025455, -0.004747), (-0.030980999, 0.025964, -0.005677), (-0.030333, 0.025827998, -0.002653), (-0.030429, 0.025668, -0.00789), (-0.032201, 0.025394, -0.006913), (-0.032589, 0.025925, -0.00814), (-0.033478998, 0.025864, -0.004396), (-0.032499, 0.025873, -0.0114939995), (-0.03411, 0.025786, -0.012646), (-0.035083, 0.026034998, -0.010567999), (-0.035362, 0.026091, -0.014183), (-0.037031, 0.026156, -0.012033), (-0.037759, 0.026131999, -0.013592), (-0.034962, 0.025752999, -0.00954), (-0.034748998, 0.026036, -0.006913), (-0.037634, 0.026143998, -0.007123), (-0.038557, 0.026013, -0.01008), (-0.036257997, 0.025866998, -0.004716), (-0.039665997, 0.026533, -0.011892), (-0.039292, 0.026294, -0.008649), (-0.040331997, 0.026161999, -0.006695), (-0.038921, 0.026552998, -0.015281), (-0.041837, 0.026619, -0.005619), (-0.037816, 0.026129998, -0.0046639997), (-0.035808, 0.025981, -0.0009839999), (-0.039791998, 0.026184998, -0.0027), (-0.041509, 0.026436998, -0.008886), (-0.032353, 0.025915999, -0.0010589999), (-0.030057, 0.025664, -0.000556), (-0.031747997, 0.025863, 0.0013019999), (-0.028201, 0.025852, 0.00075199996), (-0.026263, 0.025524, 0.001958), (-0.02908, 0.025952, 0.004377), (-0.030817, 0.025662, 0.0035299999), (-0.032148, 0.026066, 0.003949), (-0.034098998, 0.025829999, 0.001163), (-0.034376, 0.025868999, 0.004863), (-0.037451997, 0.025899, 0.001435), (-0.036352, 0.026088, 0.004235), (-0.038918, 0.026275, 0.0013359999), (-0.037315, 0.026284, 0.0075239995), (-0.038557, 0.026166998, 0.003912), (-0.039597, 0.026414, 0.010118), (-0.039382, 0.02621, 0.006648), (-0.040689, 0.02627, 0.003794), (-0.041234996, 0.026479, 0.001604), (-0.041679, 0.026545998, 0.0050709997), (-0.042577, 0.02671, 0.000253), (-0.04359, 0.026494, 0.003188), (-0.043302, 0.0265, 0.008078), (-0.04384, 0.026594998, -0.002387), (-0.044685, 0.026099999, 0.000321), (-0.046012, 0.024816, 0.002446), (-0.044383, 0.026117, 0.005279), (-0.046945, 0.023911, 0.000519), (-0.045569, 0.024982, 0.007485), (-0.046037998, 0.024888, -0.002143), (-0.043512996, 0.026020998, 0.010082999), (-0.045699, 0.024356, 0.009292), (-0.041238997, 0.026728999, 0.009067), (-0.044616, 0.025966, -0.0038209998), (-0.043708, 0.026424998, -0.006573), (-0.045445, 0.025046999, -0.005335), (-0.046871, 0.023870999, -0.002525), (-0.048491996, 0.022562, -0.002169), (-0.044426996, 0.025795, -0.007817999), (-0.046532996, 0.023505, -0.0065699997), (-0.048432, 0.022151, -0.0060909996), (-0.049161, 0.02148, -0.004294), (-0.050591, 0.019919999, -0.005737), (-0.047708, 0.022284, -0.008542), (-0.049278002, 0.021003, -0.008758999), (-0.051798, 0.018684, -0.008043), (-0.052585, 0.017259998, -0.01043), (-0.045211, 0.024763998, -0.010046001), (-0.050036, 0.019364, -0.0128959995), (-0.043129, 0.026645, -0.009703), (-0.051922, 0.018036999, -0.011984), (-0.053923998, 0.015901, -0.011609999), (-0.042744998, 0.02614, -0.011396), (-0.051843, 0.017160999, -0.014807), (-0.041318, 0.026417999, -0.014560999), (-0.045045998, 0.024033, -0.011747), (-0.040675998, 0.026092, -0.016822), (-0.047048997, 0.022453, -0.011298999), (-0.045027997, 0.023963, -0.013289999), (-0.043436, 0.02555, -0.013777999), (-0.048814997, 0.020926999, -0.01112), (-0.047211, 0.021501, -0.012941999), (-0.048937, 0.01949, -0.016319), (-0.046585996, 0.022144, -0.014493999), (-0.044329, 0.023399, -0.016224), (-0.041557997, 0.025466999, -0.018329), (-0.045865998, 0.021659, -0.017648999), (-0.047245998, 0.02056, -0.016479999), (-0.047687996, 0.019631999, -0.018653), (-0.044255, 0.022729, -0.01798), (-0.046297997, 0.020352, -0.020506999), (-0.050219, 0.017394, -0.019057), (-0.048813, 0.017649999, -0.021126), (-0.043579, 0.022805, -0.019974), (-0.042111002, 0.024298, -0.020171), (-0.042726997, 0.022590999, -0.021858001), (-0.043647997, 0.021031, -0.023448998), (-0.040906, 0.023827, -0.022518), (-0.046385, 0.019115, -0.023619), (-0.041056, 0.022586, -0.025112), (-0.048884, 0.017217, -0.022808999), (-0.044278, 0.019868, -0.025179999), (-0.049974997, 0.0155609995, -0.023956), (-0.047326997, 0.017176999, -0.025578), (-0.045658, 0.018356, -0.025167998), (-0.044787, 0.018503, -0.027661), (-0.040788002, 0.022107998, -0.026579), (-0.045890998, 0.017013, -0.028524), (-0.042041, 0.020694, -0.027762), (-0.047226, 0.015544999, -0.029019), (-0.044852, 0.016467, -0.030369999), (-0.042903, 0.018374, -0.030447999), (-0.048962, 0.014726, -0.026783999), (-0.046848997, 0.014982999, -0.030741999), (-0.049629997, 0.012928999, -0.028943999), (-0.044081997, 0.01652, -0.032061998), (-0.045608, 0.014544999, -0.032555), (-0.044601995, 0.013832999, -0.035043), (-0.043362997, 0.016045999, -0.033127), (-0.041388, 0.017933, -0.033086), (-0.042186998, 0.015786, -0.035481), (-0.04271, 0.013979999, -0.037358), (-0.041487, 0.013757, -0.038689), (-0.039695, 0.01667, -0.037211), (-0.038238, 0.021566, -0.030826), (-0.038257, 0.016187, -0.039393), (-0.040858, 0.020065, -0.029607998), (-0.038755, 0.022297, -0.028675), (-0.034587, 0.017312, -0.040958), (-0.03795, 0.024256, -0.02718), (-0.036422998, 0.014055999, -0.043325), (-0.039485, 0.023121, -0.025834998), (-0.036089, 0.011500999, -0.046278), (-0.040029995, 0.024535999, -0.023780998), (-0.033856, 0.013638999, -0.045734), (-0.039135, 0.025504999, -0.022832999), (-0.037745, 0.025941, -0.024597), (-0.038980998, 0.02608, -0.021575999), (-0.037123, 0.026208999, -0.022622), (-0.03792, 0.026695, -0.019964), (-0.039653, 0.026556, -0.018307), (-0.036918998, 0.026319, -0.018922), (-0.034564998, 0.026368, -0.02105), (-0.035653997, 0.026622, -0.02451), (-0.032662, 0.026097, -0.02263), (-0.035919998, 0.025548998, -0.027413001), (-0.030615998, 0.026256, -0.025213), (-0.03305, 0.026422998, -0.024953999), (-0.034651, 0.026226, -0.026851999), (-0.032759998, 0.026552, -0.027748), (-0.02831, 0.025971, -0.027632998), (-0.0257, 0.026061, -0.029212), (-0.028882999, 0.026461, -0.028880998), (-0.023800999, 0.025816, -0.029117), (-0.026124, 0.026329, -0.031677), (-0.03056, 0.026382, -0.029932998), (-0.034031, 0.025732998, -0.029444998), (-0.036472, 0.024135001, -0.028556), (-0.03556, 0.02403, -0.030418998), (-0.031930998, 0.025995, -0.031192997), (-0.035592, 0.023076998, -0.03171), (-0.033333, 0.024526998, -0.031996), (-0.036452, 0.021210998, -0.033515997), (-0.028885, 0.026638998, -0.03164), (-0.032509, 0.023643, -0.033869), (-0.030697998, 0.025906, -0.032755), (-0.028308, 0.026275, -0.033678997), (-0.030306, 0.024554, -0.03492), (-0.034496, 0.021938, -0.034649998), (-0.031665, 0.021795, -0.037097998), (-0.027444, 0.025225999, -0.036443), (-0.029339999, 0.023566, -0.036532), (-0.025775999, 0.02661, -0.034282), (-0.022306, 0.025963, -0.031446), (-0.024976999, 0.025984999, -0.037102), (-0.019701999, 0.025666, -0.031301998), (-0.024835, 0.023738, -0.039751), (-0.019329999, 0.025698999, -0.028110001), (-0.026881, 0.023633, -0.038383998), (-0.021073, 0.025421, -0.025664998), (-0.018622, 0.025367998, -0.026514001), (-0.016995, 0.025322, -0.028526999), (-0.015314, 0.025566999, -0.029248), (-0.0174, 0.025525, -0.031632), (-0.015917, 0.025604999, -0.032681998), (-0.020216998, 0.026056001, -0.034516998), (-0.017603, 0.026064, -0.033657), (-0.016894, 0.025777, -0.035148), (-0.022667, 0.026277, -0.033879), (-0.016046999, 0.026266, -0.038377), (-0.024602, 0.026115, -0.034847), (-0.016433999, 0.026370998, -0.040222995), (-0.023017999, 0.026447998, -0.03627), (-0.022704, 0.025251998, -0.039614998), (-0.020681, 0.026433, -0.036564), (-0.020365, 0.026394, -0.039328), (-0.018867, 0.026283, -0.03634), (-0.018916, 0.026264999, -0.039377), (-0.0174, 0.026573999, -0.038032), (-0.01897, 0.025627999, -0.04076301), (-0.014752001, 0.025777, -0.04241), (-0.017733, 0.02551, -0.04191401), (-0.01323, 0.024581999, -0.044130996), (-0.016325999, 0.023552999, -0.043893), (-0.019028999, 0.024056999, -0.042625997), (-0.02131, 0.023443, -0.04182), (-0.022458998, 0.022356998, -0.042789996), (-0.020639999, 0.021544, -0.044169996), (-0.023789, 0.022855999, -0.041027997), (-0.025888, 0.022572, -0.040703), (-0.025026, 0.020952, -0.042961), (-0.027899, 0.021199, -0.040836), (-0.028261, 0.023278998, -0.038307), (-0.030199, 0.02144, -0.039010998), (-0.030594999, 0.019135999, -0.04174601), (-0.02928, 0.019088, -0.04232), (-0.023317, 0.020847, -0.044219997), (-0.027423998, 0.019056, -0.044281997), (-0.024718, 0.019244999, -0.044984), (-0.022107, 0.019698, -0.046103), (-0.029044, 0.01741, -0.045023996), (-0.026628, 0.017297, -0.046210997), (-0.024662001, 0.017323999, -0.047536995), (-0.028487999, 0.015439, -0.04725801), (-0.026212, 0.016232999, -0.047329), (-0.025382, 0.01549, -0.049438), (-0.029679, 0.016021, -0.046382), (-0.023131, 0.015825, -0.049852), (-0.030738, 0.016407, -0.044439), (-0.03125, 0.014398, -0.046694), (-0.028361, 0.014269, -0.048584), (-0.023334999, 0.014281999, -0.050972), (-0.021475999, 0.016897, -0.049531996), (-0.030176, 0.012381999, -0.04914), (-0.032481, 0.012542999, -0.048003998), (-0.031947996, 0.015412, -0.045584995), (-0.033431, 0.015722, -0.043792), (-0.032146, 0.017558, -0.04288301), (-0.032251, 0.018535, -0.041102), (-0.033453, 0.019893, -0.038416), (-0.035345998, 0.01926, -0.037775), (-0.033973, 0.020873, -0.035883997), (-0.035784, 0.020139, -0.035868), (-0.037786, 0.018964, -0.036147), (-0.038879998, 0.018357, -0.03522), (-0.039187, 0.019400999, -0.03376), (-0.036759, 0.020151, -0.034173), (-0.038661998, 0.020190999, -0.032269), (-0.0031189998, 0.007031, -0.06164001), (-0.004253, 0.008049, -0.060623996), (-0.0055529997, 0.010058, -0.059408996), (-0.001498, 0.0107, -0.058885), (-0.0066469996, 0.0111259995, -0.058349), (-0.004123, 0.013493, -0.057037), (-0.001357, 0.012524, -0.05774401), (-0.001432, 0.015176, -0.05511701), (-0.003661, 0.015531, -0.054857), (-0.00601, 0.013952, -0.056020003), (-0.002263, 0.017107, -0.053365), (-0.0036739998, 0.016929999, -0.053944), (-0.0056419997, 0.0151579995, -0.055454), (-0.007252, 0.013495999, -0.056656998), (-0.008053, 0.014717999, -0.055092987), (-0.009649999, 0.013069, -0.056230996), (-0.010407999, 0.0116, -0.057649996), (-0.011588, 0.013758, -0.055615), (-0.012546, 0.010605, -0.057628002), (-0.013719999, 0.01085, -0.057384), (-0.0142439995, 0.012642, -0.05575601), (-0.017268999, 0.013574999, -0.05434501), (-0.012932, 0.014354, -0.054260995), (-0.013903, 0.014973, -0.05408401), (-0.011193, 0.015304, -0.05411201), (-0.008827999, 0.016175, -0.054222997), (-0.008865, 0.017505, -0.05235701), (-0.012096999, 0.016382, -0.053123996), (-0.009769999, 0.018255, -0.051237997), (-0.015585999, 0.01604, -0.05227901), (-0.011498, 0.018291, -0.051118), (-0.010434, 0.019522998, -0.050541), (-0.014269, 0.017466, -0.051465), (-0.011595, 0.019678, -0.049354), (-0.014758, 0.019888999, -0.048598997), (-0.016512001, 0.017747, -0.050419997), (-0.011612, 0.02116, -0.048091), (-0.013250999, 0.020680001, -0.048573), (-0.01322, 0.022522999, -0.045849), (-0.014931999, 0.02266, -0.045512), (-0.018315, 0.021893999, -0.045174997), (-0.017857999, 0.020992998, -0.046225), (-0.015945999, 0.021015998, -0.047172), (-0.0187, 0.0198, -0.047472), (-0.020876, 0.019067, -0.047036998), (-0.019571, 0.018470999, -0.048853997), (-0.017905, 0.017950999, -0.049432), (-0.019623999, 0.016335, -0.050875), (-0.021287, 0.014754999, -0.051863987), (-0.018103, 0.01581, -0.052129), (-0.01934, 0.014465, -0.05244), (-0.021362, 0.013944, -0.052058), (-0.055222, 0.011609999, -0.0198), (-0.056723, 0.010565, -0.017965), (-0.054941, 0.012661, -0.017442), (-0.054189, 0.011985, -0.02217), (-0.054045, 0.013006, -0.0194), (-0.052294996, 0.012499999, -0.024421), (-0.052308, 0.013653, -0.022016), (-0.051035, 0.013123999, -0.026398), (-0.051469002, 0.0142169995, -0.023861999), (-0.052641, 0.014533, -0.019988), (-0.054098, 0.014475999, -0.015775999), (-0.05515, 0.013975, -0.014171999), (-0.052248, 0.016035, -0.01771), (-0.052176997, 0.016224, -0.016317), (-0.029776, 0.01876, 0.043371), (-0.028036, 0.018507, 0.044324), (-0.026946, 0.021141, 0.041925002), (-0.026767, 0.016987, 0.046958998), (-0.026074, 0.019452, 0.044696998), (-0.024655001, 0.01742, 0.047872), (-0.023913, 0.014563, 0.051226), (-0.023008998, 0.019033998, 0.046683997), (-0.023421999, 0.012459, 0.053252), (-0.021614, 0.017499, 0.049242), (-0.019568, 0.014047001, 0.053074002), (-0.023938, 0.020091, 0.044889), (-0.021228, 0.015326, 0.051223), (-0.019924998, 0.01616, 0.051402), (-0.022441, 0.021176, 0.044595998), (-0.020378001, 0.019636, 0.047055997), (-0.023748, 0.022370998, 0.042308997), (-0.019685, 0.022558998, 0.044012), (-0.018246999, 0.020480001, 0.04724), (-0.017644, 0.017261999, 0.050672002), (-0.016069999, 0.015610999, 0.053131), (-0.015656, 0.018374, 0.050575998), (-0.018163, 0.013322, 0.054546997), (-0.0152859995, 0.020522999, 0.048196), (-0.020438999, 0.0123, 0.054603), (-0.016401, 0.02162, 0.046221), (-0.021852, 0.010377999, 0.055692), (-0.017264, 0.022962, 0.045041997), (-0.021255, 0.008794, 0.056916997), (-0.023645, 0.008576999, 0.056273997), (-0.022635, 0.006661, 0.057889998), (-0.018996, 0.0091699995, 0.057424996), (-0.023169998, 0.004007, 0.059283998), (-0.019671, 0.006573, 0.059180003), (-0.023802, 0.001887, 0.060393), (-0.021809, 0.0052420003, 0.059380002), (-0.021298, 0.0014470001, 0.061595), (-0.021262, 0.0061299996, 0.058417), (-0.020193, -0.000588, 0.062926), (-0.020445, 0.004036, 0.06013), (-0.0187, 0.002666, 0.061781995), (-0.017807, 0.000344, 0.06311399), (-0.017312, -0.001851, 0.064468004), (-0.015542999, 0.00062199996, 0.063756), (-0.015372, -0.002964, 0.065236), (-0.013971999, -0.003569, 0.065965), (-0.012459, -0.00061, 0.06487599), (-0.00986, -0.002753, 0.066321), (-0.013073999, 0.001966, 0.063618), (-0.007987999, -0.002637, 0.06623), (-0.016109, 0.002885, 0.062119998), (-0.00695, -0.00059799996, 0.065623), (-0.009994, -0.00031399998, 0.064899996), (-0.005571, -0.002597, 0.066796996), (-0.006606, 0.001312, 0.064531), (-0.004961, 0.0012989999, 0.065092), (-0.008246, 0.002543, 0.064008996), (-0.010793999, 0.0029820001, 0.063331), (-0.003305, 0.002502, 0.064036995), (-0.00623, 0.004427, 0.062869005), (-0.008347, 0.005073, 0.062386997), (-0.0130239995, 0.0041179997, 0.062266998), (-0.010898, 0.0046159998, 0.062393997), (-0.015040999, 0.0051539997, 0.061327), (-0.017904, 0.005407, 0.060314), (-0.014723, 0.0063, 0.060464), (-0.016782999, 0.00832, 0.058916997), (-0.012410999, 0.00753, 0.060342), (-0.013831, 0.009304, 0.058965), (-0.01615, 0.009972, 0.057772), (-0.017355999, 0.011604, 0.05609), (-0.014992, 0.0121019995, 0.056480996), (-0.015117, 0.014346, 0.054278996), (-0.012634999, 0.010217, 0.05802), (-0.0135739995, 0.015628, 0.05334), (-0.010736001, 0.009919999, 0.0589), (-0.012277, 0.011864, 0.057266995), (-0.013633, 0.013154, 0.055694), (-0.012711, 0.014263, 0.055106), (-0.0127489995, 0.017339999, 0.052220996), (-0.010111, 0.013507, 0.056321997), (-0.010264, 0.016822, 0.053345997), (-0.013347, 0.01942, 0.049976), (-0.011627001, 0.018728, 0.050725996), (-0.013013001, 0.021577, 0.047469), (-0.011248999, 0.0217, 0.047831), (-0.014146, 0.022649, 0.046307996), (-0.011911, 0.023343, 0.046012998), (-0.015912, 0.023005, 0.0451), (-0.014130999, 0.025225, 0.043564), (-0.01691, 0.024430001, 0.043172), (-0.009743, 0.025508, 0.044317), (-0.018881, 0.024235, 0.042882), (-0.008188999, 0.023213, 0.046841998), (-0.017745, 0.026206998, 0.040994), (-0.019123, 0.025577, 0.04112), (-0.021173999, 0.024587, 0.041494), (-0.021359, 0.026017, 0.039295997), (-0.025418999, 0.023805, 0.039783), (-0.016781, 0.02617, 0.039151), (-0.015507, 0.026692, 0.04013), (-0.013288, 0.026359, 0.041931), (-0.013683, 0.026182, 0.038994), (-0.011798, 0.026000999, 0.042577), (-0.011727001, 0.026587998, 0.039885), (-0.009331999, 0.026570998, 0.042066), (-0.010254, 0.026082, 0.039228), (-0.006741, 0.025555998, 0.044850998), (-0.004966, 0.022441, 0.047944997), (-0.007534, 0.020846, 0.04971), (-0.0037, 0.020345999, 0.05045), (-0.0061409995, 0.020502, 0.04984), (-0.009319999, 0.020928, 0.049166), (-0.006991, 0.01859, 0.051946998), (-0.0099059995, 0.018884, 0.051444), (-0.008382999, 0.015855, 0.054424), (-0.005738, 0.016069999, 0.054711998), (-0.005975, 0.013839, 0.056289), (-0.0039919997, 0.016965, 0.053871002), (-0.0040149996, 0.018882, 0.05188499), (-0.002485, 0.015986, 0.055046), (-0.000989, 0.019421998, 0.051659998), (0.000054999997, 0.017829, 0.053127997), (0.002211, 0.015871, 0.054854997), (0.000306, 0.016049, 0.054849), (0.0034949998, 0.013894, 0.056548998), (0.000279, 0.014112999, 0.056546997), (0.0014439999, 0.011483999, 0.058597997), (0.0028209998, 0.008938, 0.060226), (-0.000878, 0.012064, 0.058507998), (0.0010769999, 0.009818999, 0.060296997), (-0.00237, 0.012932, 0.057524998), (-0.00069899997, 0.010172999, 0.059527), (-0.004327, 0.013165999, 0.057299), (0.001371, 0.008654, 0.060718), (-0.002088, 0.009355, 0.060266), (0.002264, 0.0069029997, 0.062003996), (-0.00066699996, 0.007764, 0.061185997), (0.000354, 0.0064600003, 0.061838), (0.00086900004, 0.00439, 0.063168), (-0.002067, 0.005531, 0.06275599), (-0.002578, 0.0069349995, 0.061499998), (-0.003985, 0.004063, 0.063655), (-0.0037689998, 0.0050029997, 0.062677), (-0.004708, 0.00648, 0.061760996), (-0.0062889997, 0.006375, 0.062051), (-0.0036899997, 0.007798, 0.061248), (-0.0064939996, 0.008335, 0.060325988), (-0.008193, 0.008608, 0.060266998), (-0.0045539998, 0.009236, 0.060071997), (-0.004901, 0.011046999, 0.05874001), (-0.007569, 0.012081999, 0.057824995), (-0.008253, 0.010474, 0.058977988), (-0.009653, 0.008923, 0.059575), (-0.010745999, 0.007358, 0.060777996), (-0.024921, 0.025838, 0.037742), (-0.027265, 0.024203999, 0.038247), (-0.026752999, 0.022534, 0.040180996), (-0.027123999, 0.024813, 0.037056997), (-0.029178, 0.022653999, 0.038452), (-0.028636, 0.025564998, 0.035263), (-0.030899, 0.023403998, 0.035985), (-0.033086, 0.023027, 0.034642998), (-0.030243, 0.026020998, 0.033646), (-0.034512997, 0.023343999, 0.032720998), (-0.03273, 0.024716, 0.032483), (-0.035535, 0.023945, 0.03072), (-0.028640999, 0.026501, 0.031818), (-0.031062, 0.026054999, 0.03209), (-0.027286, 0.026145, 0.028087), (-0.029702, 0.026814, 0.030849999), (-0.029135998, 0.026304, 0.026893), (-0.033480998, 0.025913998, 0.030511), (-0.030462999, 0.026124, 0.025143001), (-0.031958, 0.026694, 0.028322998), (-0.033644, 0.026578, 0.025905), (-0.035575, 0.026247, 0.027595), (-0.036922, 0.025532, 0.026692), (-0.034275, 0.026379, 0.022727), (-0.0354, 0.026733998, 0.024865), (-0.036231, 0.026558, 0.020327), (-0.036877, 0.026693, 0.022887), (-0.037864, 0.025852999, 0.024916999), (-0.037748, 0.022713998, 0.029786998), (-0.038447, 0.023125, 0.028141), (-0.039261, 0.020764, 0.031817), (-0.040551, 0.020002998, 0.030985998), (-0.041817002, 0.020047, 0.029802999), (-0.039601, 0.024918, 0.023727), (-0.038645998, 0.026478, 0.021471), (-0.040303, 0.025538001, 0.020992), (-0.040166996, 0.026467, 0.01866), (-0.041633, 0.02509, 0.019152999), (-0.042284, 0.025402999, 0.017561), (-0.03885, 0.026612999, 0.017608), (-0.041410998, 0.026419, 0.015819), (-0.039435998, 0.026508998, 0.014147), (-0.041598, 0.026507, 0.012487), (-0.042543, 0.026594, 0.011701999), (-0.043537002, 0.025455, 0.013945), (-0.044848997, 0.024488, 0.011609), (-0.043585, 0.024356, 0.016348999), (-0.046311002, 0.022723999, 0.012092), (-0.047883, 0.021339, 0.012317999), (-0.045591, 0.023282, 0.0139069995), (-0.048244, 0.020810999, 0.014208999), (-0.044734996, 0.021804, 0.019333), (-0.045202997, 0.02241, 0.017291), (-0.046687, 0.021774001, 0.016122), (-0.046672, 0.021532, 0.014965), (0.067813, -0.0098749995, -0.013974), (0.067781, -0.009854999, -0.014082), (0.067806, -0.009897999, -0.013966), (-0.03, 0.0315, -0.03), (0.03, 0.0315, -0.03), (0.03, 0.0315, 0.03), (-0.03, 0.0315, 0.03), (-0.03, 0.0365, -0.03), (0.03, 0.0365, -0.03), (0.03, 0.0365, 0.03), (-0.03, 0.0365, 0.03)]
            uniform token subdivisionScheme = "none"
        }
    }
}
